timestamp,turbidity_final_actual,turbidity_final_predicted,residual_actual_minus_predicted
2020-01-01 00:00:00,3.4692061359459543,3.3822159782461063,0.08699015769984797
2020-01-01 01:00:00,1.53642676132501,1.908681677512292,-0.3722549161872819
2020-01-01 02:00:00,2.825682107459925,2.4749603685808066,0.3507217388791184
2020-01-01 03:00:00,1.8577415320256645,1.2346822445470227,0.6230592874786418
2020-01-01 04:00:00,2.9267080395468703,3.3683470613625364,-0.44163902181566606
2020-01-01 05:00:00,1.8424879445342963,1.9882433215735174,-0.14575537703922103
2020-01-01 06:00:00,4.546574969423279,4.087457368147426,0.4591176012758531
2020-01-01 07:00:00,3.9158522350624,3.77098349618975,0.14486873887264995
2020-01-01 08:00:00,2.776522582704917,3.0774026076012513,-0.30088002489633414
2020-01-01 09:00:00,2.477391871275017,2.5375314430877682,-0.060139571812751313
2020-01-01 10:00:00,4.099330353645199,4.176028823891374,-0.07669847024617571
2020-01-01 11:00:00,3.686325467895482,3.095546006103241,0.5907794617922408
2020-01-01 12:00:00,1.391804707785366,1.383086335651214,0.008718372134151942
2020-01-01 13:00:00,3.162011071225832,2.9210281780059124,0.2409828932199196
2020-01-01 14:00:00,4.409757426729665,4.108010917726453,0.30174650900321165
2020-01-01 15:00:00,1.717781626290528,2.0450322567909414,-0.32725063050041325
2020-01-01 16:00:00,3.721245684316055,4.319652813836116,-0.5984071295200613
2020-01-01 17:00:00,2.7500944517107606,2.4553865941147404,0.29470785759602025
2020-01-01 18:00:00,2.5671929351234795,2.7463283222144144,-0.1791353870909349
2020-01-01 19:00:00,1.849645362037964,1.9614580530789638,-0.11181269104099978
2020-01-01 20:00:00,3.617429713744503,3.8189308568769373,-0.20150114313243428
2020-01-01 21:00:00,3.0198626075295247,2.848598755164191,0.1712638523653336
2020-01-01 22:00:00,1.9363216149073832,2.188163030215158,-0.2518414153077746
2020-01-01 23:00:00,2.716851368900184,2.613186966339307,0.10366440256087683
2020-01-02 00:00:00,0.4754274197965498,0.8157940906195176,-0.3403666708229678
2020-01-02 01:00:00,3.7722888614059946,3.8071201013026195,-0.034831239896624844
2020-01-02 02:00:00,2.4184671856823923,2.694489955557006,-0.2760227698746136
2020-01-02 03:00:00,1.0774964540301282,0.9391411006718777,0.13835535335825044
2020-01-02 04:00:00,1.3492894329289171,1.4144416038761718,-0.06515217094725467
2020-01-02 05:00:00,2.579196540380083,2.6457738306207217,-0.06657729024063874
2020-01-02 06:00:00,1.8318812647171143,1.9952850125725468,-0.16340374785543244
2020-01-02 07:00:00,3.9947604336393936,3.9110735926664866,0.08368684097290702
2020-01-02 08:00:00,3.744498408284428,4.0609909480191835,-0.31649253973475533
2020-01-02 09:00:00,2.9687816631756663,3.4012469501537255,-0.4324652869780592
2020-01-02 10:00:00,0.3177212399295873,0.6838559867923296,-0.36613474686274233
2020-01-02 11:00:00,2.91956915501243,2.669603180751134,0.24996597426129608
2020-01-02 12:00:00,2.466450813587051,2.2584322556081573,0.2080185579788938
2020-01-02 13:00:00,1.9659130475453996,2.203492464377373,-0.23757941683197314
2020-01-02 14:00:00,2.581038121694324,2.574023915000607,0.007014206693717107
2020-01-02 15:00:00,2.6160850685009813,1.999315768803733,0.6167692996972483
2020-01-02 16:00:00,2.7353067867954004,3.114237866389411,-0.3789310795940106
2020-01-02 17:00:00,3.201641041366348,3.713971361545508,-0.51233032017916
2020-01-02 18:00:00,3.331165097405666,3.97191659144182,-0.6407514940361541
2020-01-02 19:00:00,2.6113444412962714,2.8817697298676124,-0.27042528857134096
2020-01-02 20:00:00,5.090922522346411,5.171402756207706,-0.08048023386129444
2020-01-02 21:00:00,4.696938180362319,4.507164271711214,0.18977390865110522
2020-01-02 22:00:00,2.758819594354204,2.8477924917827315,-0.08897289742852754
2020-01-02 23:00:00,2.737609179512067,2.8357193915428334,-0.09811021203076642
2020-01-03 00:00:00,5.173764814328785,5.013715835237169,0.16004897909161642
2020-01-03 01:00:00,4.510245344404948,4.531646702744819,-0.02140135833987067
2020-01-03 02:00:00,1.7065179488201727,1.7051519222721867,0.00136602654798601
2020-01-03 03:00:00,4.845852517393096,4.900744504231365,-0.05489198683826846
2020-01-03 04:00:00,3.2769879751263824,2.907012620734456,0.3699753543919262
2020-01-03 05:00:00,2.5542982033613013,2.532158949524635,0.022139253836666484
2020-01-03 06:00:00,1.6973328547298443,1.3417139581807007,0.3556188965491436
2020-01-03 07:00:00,2.214183493395476,2.466694836548482,-0.25251134315300616
2020-01-03 08:00:00,11.667924343553077,11.609048024946471,0.05887631860660569
2020-01-03 09:00:00,27.2777501731374,27.736610805944785,-0.45886063280738654
2020-01-03 10:00:00,12.297163609064915,12.295511612952183,0.00165199611273259
2020-01-03 11:00:00,16.49486947047745,16.816438043602176,-0.32156857312472553
2020-01-03 12:00:00,9.982505364456095,9.559065748999044,0.4234396154570508
2020-01-03 13:00:00,9.87575321822272,9.837616513720624,0.0381367045020955
2020-01-03 14:00:00,7.133479866039113,7.419401293959611,-0.28592142792049824
2020-01-03 15:00:00,6.828732693622159,6.869924769776767,-0.041192076154607626
2020-01-03 16:00:00,5.969788138666169,5.609794944098282,0.3599931945678865
2020-01-03 17:00:00,6.125278019095805,5.6617677070929915,0.46351031200281323
2020-01-03 18:00:00,5.066704422529479,4.95379943613345,0.1129049863960283
2020-01-03 19:00:00,6.0931926636976605,5.54271890863309,0.5504737550645702
2020-01-03 20:00:00,1.7311044536263815,1.4964442157439752,0.2346602378824063
2020-01-03 21:00:00,2.9984887053812934,2.8945515763574328,0.10393712902386065
2020-01-03 22:00:00,4.779519189586087,4.606860004834421,0.17265918475166586
2020-01-03 23:00:00,1.2160144795616683,1.1000145630037752,0.1159999165578931
2020-01-04 00:00:00,5.227003648436668,4.759059735151322,0.467943913285346
2020-01-04 01:00:00,5.14830102589551,5.413405917242259,-0.2651048913467493
2020-01-04 02:00:00,3.512754297301201,3.452013674752021,0.06074062254918022
2020-01-04 03:00:00,4.447279379930461,4.30720077293901,0.1400786069914517
2020-01-04 04:00:00,3.94490442384652,3.796652377848652,0.148252045997868
2020-01-04 05:00:00,3.517869580356204,3.1894707876847166,0.3283987926714875
2020-01-04 06:00:00,1.8331676301088744,1.676795595681807,0.15637203442706737
2020-01-04 07:00:00,4.201244815283911,3.8042205350826763,0.39702428020123426
2020-01-04 08:00:00,4.391561444968439,4.611619885988632,-0.22005844102019267
2020-01-04 09:00:00,2.51416081239977,1.9411653489856344,0.5729954634141357
2020-01-04 10:00:00,1.441076632860751,1.4690561940245395,-0.027979561163788524
2020-01-04 11:00:00,4.114594483418856,3.7062074890227663,0.40838699439609005
2020-01-04 12:00:00,1.4045975401404256,2.2909756385285456,-0.88637809838812
2020-01-04 13:00:00,3.2067965999357946,3.5580029895691605,-0.3512063896333659
2020-01-04 14:00:00,4.562662525497184,4.681889158026226,-0.11922663252904186
2020-01-04 15:00:00,-0.1351731475161658,0.5850733816799462,-0.720246529196112
2020-01-04 16:00:00,4.025364096222351,4.420771716212162,-0.3954076199898111
2020-01-04 17:00:00,2.510124324725868,2.675328626628396,-0.165204301902528
2020-01-04 18:00:00,2.903575281881936,3.1244582564166894,-0.22088297453475336
2020-01-04 19:00:00,3.961697031762033,3.851952903830396,0.1097441279316369
2020-01-04 20:00:00,4.236849290180197,3.9733138728679545,0.26353541731224217
2020-01-04 21:00:00,2.956132718508746,3.0488207439729402,-0.09268802546419419
2020-01-04 22:00:00,3.685051073672941,3.2066393463978398,0.4784117272751014
2020-01-04 23:00:00,2.969247373283643,3.059611046891626,-0.09036367360798314
2020-01-05 00:00:00,2.510842255938437,2.469262311335466,0.041579944602970986
2020-01-05 01:00:00,1.498565423984196,1.4499239472582657,0.04864147672593022
2020-01-05 02:00:00,1.381238708027181,1.6602520557594918,-0.2790133477323107
2020-01-05 03:00:00,2.895118787557297,3.011146034628148,-0.11602724707085121
2020-01-05 04:00:00,2.1517407013981438,2.423741042978977,-0.2720003415808332
2020-01-05 05:00:00,2.256206447283033,2.4846789864363776,-0.22847253915334464
2020-01-05 06:00:00,4.871741947562997,5.073505632516011,-0.201763684953014
2020-01-05 07:00:00,3.881870280275611,3.9950072190741865,-0.11313693879857567
2020-01-05 08:00:00,3.4391872883504053,3.1633897791102252,0.2757975092401801
2020-01-05 09:00:00,4.10695383071704,4.009430615802021,0.09752321491501892
2020-01-05 10:00:00,2.6915984198951195,2.8667545891924564,-0.1751561692973369
2020-01-05 11:00:00,3.99664778529736,3.4819033848211314,0.5147444004762285
2020-01-05 12:00:00,3.596680664622229,3.5731631189758546,0.023517545646374316
2020-01-05 13:00:00,3.4152046545218675,3.1430168646062264,0.2721877899156411
2020-01-05 14:00:00,2.403193811592205,2.492967918063386,-0.089774106471181
2020-01-05 15:00:00,3.984005894060157,4.120847717769256,-0.13684182370909914
2020-01-05 16:00:00,4.185593034847231,4.202475172737523,-0.016882137890291915
2020-01-05 17:00:00,-0.1699869138617045,0.4821535736392898,-0.6521404875009943
2020-01-05 18:00:00,20.53560741214473,20.653303986907968,-0.11769657476323658
2020-01-05 19:00:00,15.47098506370874,15.57590214535314,-0.10491708164440006
2020-01-05 20:00:00,8.290852411455557,8.495722962428033,-0.2048705509724762
2020-01-05 21:00:00,8.83718567586811,8.749626563434624,0.08755911243348535
2020-01-05 22:00:00,6.087559709000639,6.633779090875179,-0.5462193818745398
2020-01-05 23:00:00,4.449543384395481,4.7313977285155016,-0.28185434412002053
2020-01-06 00:00:00,5.82506047036392,5.5770617171638435,0.24799875320007647
2020-01-06 01:00:00,5.347821319607138,5.628390937339025,-0.2805696177318868
2020-01-06 02:00:00,6.278749985869487,5.023621550870854,1.2551284349986327
2020-01-06 03:00:00,3.518638928726829,3.731896610157432,-0.21325768143060309
2020-01-06 04:00:00,4.490760907627074,4.481723119259351,0.009037788367722399
2020-01-06 05:00:00,5.705019667269081,5.676734135061359,0.028285532207721786
2020-01-06 06:00:00,4.450054566287591,4.465455488888412,-0.015400922600821154
2020-01-06 07:00:00,4.867840390331674,5.187550666463178,-0.31971027613150405
2020-01-06 08:00:00,3.1843339850853907,3.2347301921170675,-0.0503962070316768
2020-01-06 09:00:00,3.1176753799468147,3.513523678325008,-0.39584829837819324
2020-01-06 10:00:00,3.888835278657616,3.436028825033718,0.4528064536238978
2020-01-06 11:00:00,3.7947941444182014,3.602798221431766,0.1919959229864352
2020-01-06 12:00:00,3.733776069717755,3.9019207826650897,-0.1681447129473348
2020-01-06 13:00:00,2.2058721761885627,2.3055786870645365,-0.09970651087597382
2020-01-06 14:00:00,4.539026731161869,4.521876876172922,0.017149854988946167
2020-01-06 15:00:00,1.6145226014141607,1.508025682567869,0.10649691884629164
2020-01-06 16:00:00,1.550735570055783,1.7982668548674396,-0.24753128481165665
2020-01-06 17:00:00,5.815368649636854,5.91897395591783,-0.10360530628097564
2020-01-06 18:00:00,2.8138227691326634,2.8875541403187954,-0.07373137118613204
2020-01-06 19:00:00,4.483194801872437,4.444875993067645,0.038318808804792326
2020-01-06 20:00:00,5.205286813541166,5.295020755220689,-0.08973394167952264
2020-01-06 21:00:00,0.6786843643640873,0.8123236162659319,-0.13363925190184456
2020-01-06 22:00:00,4.536220371100348,4.5478317154448575,-0.011611344344509611
2020-01-06 23:00:00,3.565186929194825,3.9050516319057302,-0.3398647027109054
2020-01-07 00:00:00,4.913404875843738,5.0635415266814645,-0.15013665083772665
2020-01-07 01:00:00,1.8378014394816904,2.2044504541280725,-0.3666490146463821
2020-01-07 02:00:00,5.123913968277572,5.404211257271408,-0.280297288993836
2020-01-07 03:00:00,2.5125070009594106,2.5561333474250563,-0.04362634646564567
2020-01-07 04:00:00,4.654449076563805,4.66109388202553,-0.0066448054617254115
2020-01-07 05:00:00,3.6328245431048334,3.522111729379996,0.11071281372483721
2020-01-07 06:00:00,4.488505814810424,4.334385339823342,0.15412047498708237
2020-01-07 07:00:00,4.045932133399047,3.644338112951798,0.401594020447249
2020-01-07 08:00:00,0.7259782423343358,0.8815962182242969,-0.15561797588996107
2020-01-07 09:00:00,0.8013330880835972,0.868602643797099,-0.0672695557135018
2020-01-07 10:00:00,4.544210811778986,3.9649790932897733,0.5792317184892126
2020-01-07 11:00:00,4.08147799057492,3.516131100363797,0.5653468902111234
2020-01-07 12:00:00,3.525652835630757,3.8758760290389,-0.350223193408143
2020-01-07 13:00:00,2.472499850986212,2.8609051970150516,-0.38840534602883947
2020-01-07 14:00:00,6.58992105933772,6.320058225098988,0.26986283423873214
2020-01-07 15:00:00,3.667307212026951,3.7321530661960542,-0.06484585416910305
2020-01-07 16:00:00,2.941963127300879,2.770509294046753,0.17145383325412622
2020-01-07 17:00:00,4.128417046724796,3.9677425510050095,0.16067449571978676
2020-01-07 18:00:00,3.025243591423435,2.834997079547181,0.19024651187625397
2020-01-07 19:00:00,3.6608841426257546,3.1985882767732723,0.4622958658524823
2020-01-07 20:00:00,2.6932094454168727,2.2276630622325553,0.4655463831843174
2020-01-07 21:00:00,3.34128210284286,3.4918332083115606,-0.15055110546870054
2020-01-07 22:00:00,2.1299185280122077,2.546781088608156,-0.4168625605959484
2020-01-07 23:00:00,2.160770788757176,2.156502355561682,0.004268433195493859
2020-01-08 00:00:00,5.933834107726824,5.4456068393795505,0.4882272683472735
2020-01-08 01:00:00,2.600300585499809,2.421895742044917,0.17840484345489172
2020-01-08 02:00:00,3.864592848016346,3.8137494790749864,0.05084336894135966
2020-01-08 03:00:00,2.1632550962534167,2.366284464239372,-0.2030293679859554
2020-01-08 04:00:00,3.1957057469637355,3.2741475516584804,-0.07844180469474482
2020-01-08 05:00:00,1.513529775494319,1.8977851201431455,-0.3842553446488264
2020-01-08 06:00:00,4.3742505173799,4.168172621351193,0.20607789602870685
2020-01-08 07:00:00,5.420780696840286,5.467270277135913,-0.046489580295627775
2020-01-08 08:00:00,3.510251088468966,3.076575595997717,0.43367549247124915
2020-01-08 09:00:00,5.414974390339442,5.315287471649911,0.09968691868953083
2020-01-08 10:00:00,3.028269911213546,3.1481163637789162,-0.11984645256537041
2020-01-08 11:00:00,4.401358997594883,4.532600344664598,-0.13124134706971446
2020-01-08 12:00:00,5.277191416021386,5.5210141430530095,-0.2438227270316231
2020-01-08 13:00:00,2.754313135509198,2.935681134015933,-0.1813679985067349
2020-01-08 14:00:00,1.7768853558470563,1.816220091908708,-0.03933473606165161
2020-01-08 15:00:00,4.4204416092703145,4.525417706536012,-0.10497609726569745
2020-01-08 16:00:00,2.763234170765592,3.1988327131682697,-0.4355985424026776
2020-01-08 17:00:00,3.8356005570899736,3.8120445135714185,0.023556043518555114
2020-01-08 18:00:00,3.50783238855421,3.3291467677157534,0.17868562083845685
2020-01-08 19:00:00,2.3772807646603424,2.4794032064177984,-0.102122441757456
2020-01-08 20:00:00,4.6686086753472456,4.38830304154897,0.28030563379827544
2020-01-08 21:00:00,3.307870189096925,3.304951913633039,0.002918275463886122
2020-01-08 22:00:00,2.0374162696927334,1.9017083142633326,0.13570795542940073
2020-01-08 23:00:00,4.912374901657356,4.6755112507291425,0.23686365092821315
2020-01-09 00:00:00,3.566534481842303,4.0228552366043795,-0.4563207547620767
2020-01-09 01:00:00,4.240660873701245,3.8512224670392565,0.38943840666198826
2020-01-09 02:00:00,5.344254593052249,5.419636487406103,-0.07538189435385334
2020-01-09 03:00:00,2.410904232295403,2.684159509564204,-0.27325527726880106
2020-01-09 04:00:00,2.2267112071030093,3.05017287526776,-0.8234616681647506
2020-01-09 05:00:00,4.65190851759334,4.438370766915831,0.21353775067750913
2020-01-09 06:00:00,2.7923215506171952,3.3006130141998935,-0.5082914635826983
2020-01-09 07:00:00,11.937621654964085,11.883086041022679,0.054535613941405714
2020-01-09 08:00:00,12.191649506536285,12.494581768001426,-0.3029322614651413
2020-01-09 09:00:00,30.07465675779512,29.83569797135802,0.23895878643709878
2020-01-09 10:00:00,21.451997952756717,21.15729420675113,0.29470374600558813
2020-01-09 11:00:00,12.427312630076235,12.148913810620483,0.2783988194557523
2020-01-09 12:00:00,10.759440240848791,10.74158652532982,0.01785371551897086
2020-01-09 13:00:00,10.737911055893075,11.148466488503171,-0.41055543261009575
2020-01-09 14:00:00,8.012148359441118,8.128679932997938,-0.11653157355681998
2020-01-09 15:00:00,8.140442275721819,8.03869039595209,0.10175187976972921
2020-01-09 16:00:00,6.095299119145198,6.282749843513621,-0.18745072436842225
2020-01-09 17:00:00,6.970022706333148,7.001396652981315,-0.031373946648167284
2020-01-09 18:00:00,4.63295967507786,4.364615600163232,0.2683440749146282
2020-01-09 19:00:00,3.842560192708054,3.9311601293656713,-0.08859993665761712
2020-01-09 20:00:00,5.315085473085115,5.29304994734949,0.022035525735624617
2020-01-09 21:00:00,4.300531061062874,4.349100239276552,-0.04856917821367812
2020-01-09 22:00:00,6.052579943235068,5.866562097921348,0.18601784531372
2020-01-09 23:00:00,3.1324737808521084,3.1659386565407375,-0.0334648756886291
2020-01-10 00:00:00,4.394664325928849,4.215767147613927,0.17889717831492202
2020-01-10 01:00:00,1.987234626549048,2.5751565051937804,-0.5879218786447324
2020-01-10 02:00:00,5.135703763917522,4.532039766982746,0.6036639969347757
2020-01-10 03:00:00,3.813137483421963,4.117137957076376,-0.30400047365441285
2020-01-10 04:00:00,4.111259778184297,4.815861016670046,-0.7046012384857487
2020-01-10 05:00:00,4.800933263536208,4.890003380374566,-0.08907011683835808
2020-01-10 06:00:00,3.354508315801838,3.390976539324303,-0.03646822352246515
2020-01-10 07:00:00,3.547827223689157,3.3437022658243194,0.20412495786483742
2020-01-10 08:00:00,3.7124449454304593,3.727858338017539,-0.015413392587079855
2020-01-10 09:00:00,2.416909850143764,2.9025880729162203,-0.48567822277245654
2020-01-10 10:00:00,3.593591585839199,3.858891742860821,-0.26530015702162224
2020-01-10 11:00:00,3.936795873880087,3.9896757167499586,-0.052879842869871574
2020-01-10 12:00:00,3.3330479918960845,3.5363614185321324,-0.2033134266360479
2020-01-10 13:00:00,2.729649407708702,2.3058064149057396,0.42384299280296256
2020-01-10 14:00:00,6.78831010105723,6.198477921710802,0.5898321793464278
2020-01-10 15:00:00,4.655943280240364,4.4391295159904525,0.2168137642499115
2020-01-10 16:00:00,3.1398686561945537,3.3046797762145954,-0.16481112002004172
2020-01-10 17:00:00,4.454462159290425,4.212525676011678,0.24193648327874673
2020-01-10 18:00:00,4.492012392810999,4.034815671352904,0.45719672145809476
2020-01-10 19:00:00,4.341293926357692,4.640402679448637,-0.29910875309094465
2020-01-10 20:00:00,1.389246848122038,1.3918472628612033,-0.002600414739165391
2020-01-10 21:00:00,3.747818155957426,3.352043548416797,0.3957746075406292
2020-01-10 22:00:00,4.994541629569639,5.569507723432642,-0.5749660938630035
2020-01-10 23:00:00,4.664338323489639,4.493964543642437,0.17037377984720248
2020-01-11 00:00:00,4.550999562670557,5.147237165680114,-0.5962376030095564
2020-01-11 01:00:00,1.323051688991334,1.8332678802372642,-0.5102161912459302
2020-01-11 02:00:00,5.3540550771041495,5.109927310587242,0.24412776651690749
2020-01-11 03:00:00,5.100601960357756,5.427319682877441,-0.32671772251968445
2020-01-11 04:00:00,2.24664423980903,1.687175413509034,0.5594688262999958
2020-01-11 05:00:00,3.477114951365732,3.556051459475847,-0.07893650811011543
2020-01-11 06:00:00,3.717740532330368,3.4652299714003676,0.25251056093000024
2020-01-11 07:00:00,1.0424993131502271,1.5078067606842558,-0.46530744753402864
2020-01-11 08:00:00,3.333751469102705,3.1709719749759944,0.16277949412671067
2020-01-11 09:00:00,4.610428189175628,4.936454750964186,-0.3260265617885585
2020-01-11 10:00:00,2.53364017164717,3.109384920574243,-0.5757447489270731
2020-01-11 11:00:00,3.3892910697472667,3.6412760795927346,-0.2519850098454679
2020-01-11 12:00:00,4.272149347456321,3.9423314551438993,0.329817892312422
2020-01-11 13:00:00,4.316320377853831,3.910842978705151,0.4054773991486802
2020-01-11 14:00:00,3.066403201289464,2.9198409587063874,0.1465622425830766
2020-01-11 15:00:00,4.54077770341216,4.493789953970322,0.046987749441838034
2020-01-11 16:00:00,2.822929730098804,2.4051178621451017,0.4178118679537022
2020-01-11 17:00:00,3.409256518983756,3.703099157187646,-0.2938426382038899
2020-01-11 18:00:00,5.143202856163434,5.352929641859024,-0.20972678569559022
2020-01-11 19:00:00,3.579029784522078,3.378652734958328,0.20037704956375002
2020-01-11 20:00:00,3.159272670138028,2.941586399976247,0.217686270161781
2020-01-11 21:00:00,4.121127211492173,4.199374952512184,-0.07824774102001175
2020-01-11 22:00:00,3.2204067156793283,3.306628311958517,-0.0862215962791888
2020-01-11 23:00:00,4.766595337258807,4.573752307804285,0.19284302945452225
2020-01-12 00:00:00,5.098761413209936,4.148441339442384,0.9503200737675526
2020-01-12 01:00:00,0.423378660870897,0.6461856437319048,-0.2228069828610078
2020-01-12 02:00:00,4.57911880932213,4.751331042529727,-0.17221223320759727
2020-01-12 03:00:00,5.590203111526861,5.649834041791991,-0.05963093026512922
2020-01-12 04:00:00,4.841037127225445,4.770352363159679,0.07068476406576618
2020-01-12 05:00:00,0.3821620958029451,0.7355173988157616,-0.35335530301281654
2020-01-12 06:00:00,3.886459893995077,4.367870607464726,-0.4814107134696495
2020-01-12 07:00:00,2.5675503638975217,2.830206008011856,-0.2626556441143344
2020-01-12 08:00:00,1.9633011779097709,2.219493911286435,-0.25619273337666426
2020-01-12 09:00:00,3.3159705505941397,3.717838662947263,-0.40186811235312314
2020-01-12 10:00:00,3.6859180312275126,3.3157294724139312,0.37018855881358137
2020-01-12 11:00:00,3.7699460753566463,4.139073340687393,-0.36912726533074647
2020-01-12 12:00:00,2.734627069120422,3.4283415471378778,-0.6937144780174558
2020-01-12 13:00:00,1.966503254543204,2.2053410439117846,-0.2388377893685807
2020-01-12 14:00:00,2.7418265076071227,2.6890156679588366,0.052810839648286034
2020-01-12 15:00:00,2.496248064982187,2.7902793553705965,-0.29403129038840925
2020-01-12 16:00:00,1.678043356789536,1.943488858575945,-0.265445501786409
2020-01-12 17:00:00,2.1560867106609454,2.209559498327949,-0.05347278766700381
2020-01-12 18:00:00,3.093404658350267,3.2596617116996103,-0.1662570533493435
2020-01-12 19:00:00,4.92698049216042,4.615832865760594,0.3111476263998263
2020-01-12 20:00:00,3.046035483282601,2.9039377130582364,0.14209777022436443
2020-01-12 21:00:00,3.0532649342633174,2.938236465682952,0.1150284685803653
2020-01-12 22:00:00,2.501394419743171,2.4297557820125157,0.07163863773065504
2020-01-12 23:00:00,3.5061428879894025,3.556166557538742,-0.050023669549339456
2020-01-13 00:00:00,4.744043455559251,4.629667477970278,0.11437597758897322
2020-01-13 01:00:00,5.968581579672823,6.012862228753975,-0.044280649081152035
2020-01-13 02:00:00,3.753494142303547,3.937240791643606,-0.1837466493400588
2020-01-13 03:00:00,4.210441850176765,4.0339351142323405,0.17650673594442434
2020-01-13 04:00:00,2.5325332854667604,2.7941619899395467,-0.2616287044727863
2020-01-13 05:00:00,3.5028246696506797,3.154598118975647,0.3482265506750326
2020-01-13 06:00:00,4.466183075148348,4.418596608297161,0.04758646685118695
2020-01-13 07:00:00,3.523169542308642,3.2237985839900527,0.2993709583185895
2020-01-13 08:00:00,3.3671018522392573,3.156488870388058,0.21061298185119925
2020-01-13 09:00:00,4.029367757342922,3.89705688333782,0.13231087400510244
2020-01-13 10:00:00,4.078779824732587,3.575739241212333,0.5030405835202538
2020-01-13 11:00:00,3.088742354024715,3.3383252509675847,-0.2495828969428695
2020-01-13 12:00:00,1.972946771992814,1.794506071389907,0.17844070060290695
2020-01-13 13:00:00,4.269903804343288,4.293995837852023,-0.0240920335087349
2020-01-13 14:00:00,4.969731286136436,5.345760090429256,-0.3760288042928206
2020-01-13 15:00:00,2.994420264218411,3.2869795736906973,-0.29255930947228626
2020-01-13 16:00:00,4.128612350390545,4.129867566355311,-0.0012552159647656325
2020-01-13 17:00:00,4.081234998540506,4.4550012844183415,-0.3737662858778359
2020-01-13 18:00:00,5.036776151296325,4.9353121173710015,0.10146403392532388
2020-01-13 19:00:00,3.1901458976493675,3.274332543063864,-0.08418664541449639
2020-01-13 20:00:00,1.969762715878938,1.6451554750285822,0.32460724085035575
2020-01-13 21:00:00,4.774491947339739,4.427231987769643,0.3472599595700965
2020-01-13 22:00:00,3.489179510134277,3.3649061736055574,0.12427333652871964
2020-01-13 23:00:00,3.2428649816594626,3.2633327069790496,-0.02046772531958707
2020-01-14 00:00:00,3.5481451736013696,3.509032736544649,0.039112437056720406
2020-01-14 01:00:00,4.193864532170169,4.0373877591140035,0.15647677305616536
2020-01-14 02:00:00,4.194304623960433,4.252553316644274,-0.05824869268384081
2020-01-14 03:00:00,4.693456374541138,4.197093102742757,0.4963632717983808
2020-01-14 04:00:00,3.2503034091816017,3.106995838459653,0.14330757072194844
2020-01-14 05:00:00,28.36458452207657,28.294498633877197,0.07008588819937245
2020-01-14 06:00:00,12.72594467682208,12.350921216013152,0.37502346080892757
2020-01-14 07:00:00,20.77131375853004,20.961189065328792,-0.18987530679875064
2020-01-14 08:00:00,8.93244895092067,8.96946654253278,-0.037017591612110934
2020-01-14 09:00:00,9.988498564444743,10.070526003392382,-0.0820274389476392
2020-01-14 10:00:00,7.648725529519662,7.61039808967818,0.03832743984148124
2020-01-14 11:00:00,7.301853347888086,7.65836257494442,-0.3565092270563346
2020-01-14 12:00:00,8.120287279134844,8.274665255366017,-0.15437797623117255
2020-01-14 13:00:00,5.769574516201962,5.619506544087724,0.15006797211423795
2020-01-14 14:00:00,5.911543441439916,5.6169077294138114,0.2946357120261043
2020-01-14 15:00:00,3.006678912936226,3.0175250984553768,-0.01084618551915062
2020-01-14 16:00:00,4.698787988071024,4.189577480901179,0.5092105071698452
2020-01-14 17:00:00,4.059612071650268,4.1505046320721775,-0.09089256042190907
2020-01-14 18:00:00,4.855900898562423,5.014925358063985,-0.15902445950156263
2020-01-14 19:00:00,4.992733604762463,5.123807141215871,-0.13107353645340858
2020-01-14 20:00:00,4.292622835331367,4.388753248563257,-0.09613041323189009
2020-01-14 21:00:00,2.832903743286117,3.2450307397313507,-0.41212699644523365
2020-01-14 22:00:00,3.961400854142121,3.8367107562922858,0.12469009784983509
2020-01-14 23:00:00,5.805348791571661,5.640951544700641,0.16439724687101975
2020-01-15 00:00:00,3.2411228093034143,3.641046225832653,-0.39992341652923846
2020-01-15 01:00:00,3.902271076797236,3.911732674516918,-0.009461597719682135
2020-01-15 02:00:00,5.389829247638952,4.884511271146373,0.505317976492579
2020-01-15 03:00:00,5.054439743764485,5.3192367174127835,-0.26479697364829846
2020-01-15 04:00:00,2.0180752810084392,2.3499154405874,-0.33184015957896085
2020-01-15 05:00:00,4.29546393492514,4.511581413405043,-0.21611747847990337
2020-01-15 06:00:00,6.993804778315155,6.605247826296941,0.38855695201821394
2020-01-15 07:00:00,5.038976527673136,4.636894072803462,0.4020824548696744
2020-01-15 08:00:00,31.94126630102465,31.90682748216316,0.03443881886149214
2020-01-15 09:00:00,29.349530409249247,29.16735883499117,0.18217157425807784
2020-01-15 10:00:00,12.088740573386003,12.083866826758268,0.004873746627735542
2020-01-15 11:00:00,24.25834542414807,23.633115163838742,0.6252302603093298
2020-01-15 12:00:00,9.866797128575127,9.875513616027794,-0.0087164874526664
2020-01-15 13:00:00,12.5866799741636,12.660778937989633,-0.07409896382603343
2020-01-15 14:00:00,6.788949319286957,6.746443748144932,0.04250557114202547
2020-01-15 15:00:00,10.912440543870344,10.98633191089919,-0.07389136702884613
2020-01-15 16:00:00,6.182207677556036,5.958936268005956,0.2232714095500805
2020-01-15 17:00:00,5.71629829142671,5.876404085746845,-0.16010579432013472
2020-01-15 18:00:00,4.397789970632688,4.40587323214036,-0.00808326150767158
2020-01-15 19:00:00,3.713263760170279,4.472440237091037,-0.7591764769207581
2020-01-15 20:00:00,22.227800151898904,22.53954958047895,-0.31174942858004684
2020-01-15 21:00:00,9.76840983224936,9.87659567533734,-0.10818584308798052
2020-01-15 22:00:00,8.525737561380419,8.926584744008162,-0.4008471826277429
2020-01-15 23:00:00,9.280845145893744,9.093929476973722,0.18691566892002243
2020-01-16 00:00:00,8.727526433656795,8.805882291470372,-0.07835585781357679
2020-01-16 01:00:00,5.625805478270379,5.986864698830823,-0.3610592205604446
2020-01-16 02:00:00,5.218349190064601,5.428596061470711,-0.21024687140610965
2020-01-16 03:00:00,8.105921362052298,8.258804325119076,-0.1528829630667783
2020-01-16 04:00:00,4.092909044890686,3.821987526275839,0.2709215186148475
2020-01-16 05:00:00,8.130988655529997,8.313908095245548,-0.18291943971555114
2020-01-16 06:00:00,4.560258838644842,4.450924116242695,0.10933472240214659
2020-01-16 07:00:00,5.028713616740419,4.857282419935202,0.17143119680521757
2020-01-16 08:00:00,4.5629325390161,4.078808465776105,0.48412407323999496
2020-01-16 09:00:00,3.51552542400958,3.423435426803617,0.09208999720596323
2020-01-16 10:00:00,3.968628535845844,3.851489991396021,0.11713854444982275
2020-01-16 11:00:00,4.497703957877371,4.670678823546524,-0.1729748656691532
2020-01-16 12:00:00,2.286544258587709,2.581589175838204,-0.295044917250495
2020-01-16 13:00:00,5.1512861492099145,4.578670720259433,0.5726154289504812
2020-01-16 14:00:00,2.4442846113133854,1.995055919214478,0.4492286920989075
2020-01-16 15:00:00,3.7311598705346,4.225686565617529,-0.49452669508292946
2020-01-16 16:00:00,4.354047299973188,4.7901454857756836,-0.4360981858024955
2020-01-16 17:00:00,2.6498038450599077,2.5894716990873277,0.060332145972580076
2020-01-16 18:00:00,4.791967565445212,4.785219302651742,0.006748262793470516
2020-01-16 19:00:00,4.613469017813277,3.9655428744119243,0.647926143401353
2020-01-16 20:00:00,5.880187171825966,5.504045691110808,0.37614148071515796
2020-01-16 21:00:00,2.852758260052372,2.678815070872905,0.17394318917946716
2020-01-16 22:00:00,5.883490589835426,6.468789109337599,-0.5852985195021727
2020-01-16 23:00:00,0.7128345066784766,1.104216833944208,-0.3913823272657314
2020-01-17 00:00:00,3.827753369050804,3.6613526831206475,0.16640068593015656
2020-01-17 01:00:00,1.4543266475255376,1.8500142744249486,-0.39568762689941095
2020-01-17 02:00:00,5.686866169759292,5.641137473983538,0.04572869577575389
2020-01-17 03:00:00,3.614184521147093,3.3925984541723677,0.22158606697472516
2020-01-17 04:00:00,3.829919708411502,3.6903008284623198,0.13961887994918243
2020-01-17 05:00:00,12.15160836424462,12.009440141552897,0.1421682226917227
2020-01-17 06:00:00,13.16306263754344,12.140906416342666,1.022156221200774
2020-01-17 07:00:00,29.611781109473,29.43677458807901,0.1750065213939891
2020-01-17 08:00:00,27.04545916544557,26.294207345527322,0.7512518199182487
2020-01-17 09:00:00,22.441224465644883,22.61126451859359,-0.17004005294870694
2020-01-17 10:00:00,10.77959003680529,11.05775081651875,-0.27816077971345976
2020-01-17 11:00:00,14.829339842781614,14.875110198938343,-0.0457703561567282
2020-01-17 12:00:00,10.132191002528003,10.218793697053032,-0.08660269452502867
2020-01-17 13:00:00,8.040046625384024,7.8412818092548,0.19876481612922436
2020-01-17 14:00:00,8.71373525143413,8.453860680078915,0.2598745713552155
2020-01-17 15:00:00,6.622589784150925,6.763848844580943,-0.14125906043001812
2020-01-17 16:00:00,4.799969383227435,5.858313042791387,-1.0583436595639526
2020-01-17 17:00:00,2.851507405667114,3.1491706714555607,-0.2976632657884468
2020-01-17 18:00:00,4.493624035304679,4.262641790463416,0.23098224484126284
2020-01-17 19:00:00,5.839039929112721,5.700726241970071,0.13831368714264958
2020-01-17 20:00:00,4.704577007990425,5.093197994928212,-0.388620986937787
2020-01-17 21:00:00,6.069011560477775,5.817574613752798,0.25143694672497663
2020-01-17 22:00:00,4.275384145652586,3.955515080493851,0.31986906515873503
2020-01-17 23:00:00,4.485595855079346,4.357113893026807,0.1284819620525388
2020-01-18 00:00:00,2.895398863350481,3.4650538031631952,-0.5696549398127142
2020-01-18 01:00:00,4.400611646909082,4.262351203212883,0.1382604436961996
2020-01-18 02:00:00,4.000130530575021,4.175418500126666,-0.17528796955164516
2020-01-18 03:00:00,3.0462460392615096,3.5634714205373434,-0.5172253812758338
2020-01-18 04:00:00,5.88064282966803,5.767615469768581,0.11302735989944956
2020-01-18 05:00:00,3.005712677371371,2.502681233641906,0.5030314437294647
2020-01-18 06:00:00,3.034082032809512,3.3144129032136296,-0.2803308704041174
2020-01-18 07:00:00,3.0408843566321084,2.7519219106705237,0.2889624459615847
2020-01-18 08:00:00,4.753609492872304,4.885409459597939,-0.13179996672563554
2020-01-18 09:00:00,4.359729181698276,4.910777877903611,-0.5510486962053349
2020-01-18 10:00:00,4.750727625212777,4.34189570384253,0.40883192137024693
2020-01-18 11:00:00,2.6446040742090275,2.947192283099612,-0.30258820889058446
2020-01-18 12:00:00,5.460401593990746,5.348735332976047,0.11166626101469923
2020-01-18 13:00:00,1.983391143653696,2.3912611720272885,-0.40787002837359254
2020-01-18 14:00:00,2.1104000771357243,2.3212000692062875,-0.2107999920705632
2020-01-18 15:00:00,5.816025670618593,5.337125849945044,0.47889982067354975
2020-01-18 16:00:00,4.396874884230139,4.787954805467306,-0.39107992123716695
2020-01-18 17:00:00,4.6053185862170425,4.562318997685182,0.04299958853186059
2020-01-18 18:00:00,4.495025279183064,4.638616681109073,-0.14359140192600872
2020-01-18 19:00:00,5.520677153419414,5.49555335204089,0.025123801378524213
2020-01-18 20:00:00,1.6828904826152749,1.888977456876556,-0.2060869742612812
2020-01-18 21:00:00,1.2073559825356397,1.852840932635107,-0.6454849500994673
2020-01-18 22:00:00,4.717076634215745,4.4346457215678905,0.2824309126478548
2020-01-18 23:00:00,2.919642212036953,2.9058431063738173,0.013799105663135691
2020-01-19 00:00:00,2.2770780444047114,2.368691299443908,-0.0916132550391966
2020-01-19 01:00:00,5.7195956007569615,5.612141293382117,0.1074543073748444
2020-01-19 02:00:00,2.6557592677876083,2.369774217728639,0.2859850500589691
2020-01-19 03:00:00,3.578248205742437,3.650408715268213,-0.07216050952577602
2020-01-19 04:00:00,3.763261168933384,3.9343729127718055,-0.17111174383842132
2020-01-19 05:00:00,4.19139456449736,4.574371690082281,-0.3829771255849215
2020-01-19 06:00:00,1.5639422518138857,1.8125354728172036,-0.24859322100331793
2020-01-19 07:00:00,4.139355127633178,4.040172313979855,0.09918281365332327
2020-01-19 08:00:00,2.385192733610303,2.4564706831905987,-0.07127794958029554
2020-01-19 09:00:00,5.134707138756759,4.865751531243125,0.26895560751363323
2020-01-19 10:00:00,2.374796735032299,2.5337344778344972,-0.1589377428021983
2020-01-19 11:00:00,4.474971942324204,5.006485819565719,-0.5315138772415153
2020-01-19 12:00:00,2.656264327073981,3.1506928561292606,-0.4944285290552797
2020-01-19 13:00:00,0.5259595389024949,1.1057703503295768,-0.5798108114270819
2020-01-19 14:00:00,3.9271842881388346,3.6116629775532387,0.31552131058559585
2020-01-19 15:00:00,3.658424716762528,3.8843416687099466,-0.22591695194741845
2020-01-19 16:00:00,4.250971772586337,4.290561977366756,-0.03959020478041886
2020-01-19 17:00:00,2.435125638919006,2.3412791422391517,0.09384649667985423
2020-01-19 18:00:00,1.9064842033457696,2.2527928304608147,-0.34630862711504506
2020-01-19 19:00:00,4.940904494231698,4.642449339670973,0.2984551545607248
2020-01-19 20:00:00,1.3330266985964534,1.7208626350509175,-0.3878359364544641
2020-01-19 21:00:00,3.397121639016034,3.450832346456697,-0.05371070744066264
2020-01-19 22:00:00,5.144804945749756,4.5477588245653795,0.5970461211843769
2020-01-19 23:00:00,3.692405576038797,3.8963732555721418,-0.20396767953334471
2020-01-20 00:00:00,4.426606729820104,4.283120702789214,0.14348602703089064
2020-01-20 01:00:00,2.888793303156804,2.8610801885204125,0.027713114636391367
2020-01-20 02:00:00,4.235790381837121,4.08456169881489,0.15122868302223047
2020-01-20 03:00:00,2.4501877869471453,2.6378116440901738,-0.18762385714302843
2020-01-20 04:00:00,3.4236151400540584,2.898800281607479,0.5248148584465793
2020-01-20 05:00:00,5.61653723969641,5.463917415710137,0.1526198239862735
2020-01-20 06:00:00,4.161165811216147,3.9885530884205544,0.1726127227955927
2020-01-20 07:00:00,4.696281165613926,4.919282965854179,-0.22300180024025273
2020-01-20 08:00:00,5.102841999431888,4.957389877707914,0.1454521217239737
2020-01-20 09:00:00,1.7212417929854276,2.070975484540019,-0.34973369155459144
2020-01-20 10:00:00,4.430929054692991,4.117252284792948,0.31367676990004334
2020-01-20 11:00:00,2.9609502240819974,3.009866289404167,-0.04891606532216963
2020-01-20 12:00:00,1.857671945800691,1.9469618839309257,-0.08928993813023478
2020-01-20 13:00:00,3.034607685478141,3.1441527514721925,-0.10954506599405134
2020-01-20 14:00:00,4.494704511539391,4.702492586630709,-0.20778807509131791
2020-01-20 15:00:00,4.736047558674406,4.12809013073584,0.6079574279385662
2020-01-20 16:00:00,3.3992557750120547,3.012745526206969,0.3865102488050858
2020-01-20 17:00:00,3.1637705452907072,3.2702739379800807,-0.10650339268937348
2020-01-20 18:00:00,4.60558335852409,4.494591266907108,0.11099209161698198
2020-01-20 19:00:00,2.6054098369709706,2.3427625545873836,0.26264728238358703
2020-01-20 20:00:00,4.98577918487265,4.9647244581225145,0.02105472675013509
2020-01-20 21:00:00,3.5906114977785983,3.3388111889944376,0.2518003087841607
2020-01-20 22:00:00,2.148194817199621,2.3706603183416464,-0.22246550114202535
2020-01-20 23:00:00,1.733690378104972,2.127312406620925,-0.39362202851595285
2020-01-21 00:00:00,5.60556877973458,5.734240679738045,-0.1286719000034653
2020-01-21 01:00:00,3.939143827123079,3.773846458210284,0.16529736891279478
2020-01-21 02:00:00,6.548970286763704,6.16473028981803,0.38423999694567446
2020-01-21 03:00:00,5.32824275278034,5.248151679200334,0.08009107358000556
2020-01-21 04:00:00,5.328364188449145,4.958616713760174,0.36974747468897107
2020-01-21 05:00:00,4.395616166098074,3.8008149387080885,0.5948012273899859
2020-01-21 06:00:00,1.0356104552089915,1.0554862051105107,-0.01987574990151919
2020-01-21 07:00:00,4.037309615078319,4.3333356567897,-0.29602604171138047
2020-01-21 08:00:00,5.782806184799399,5.537884405345768,0.24492177945363114
2020-01-21 09:00:00,3.859599905552806,4.071659544415516,-0.21205963886270984
2020-01-21 10:00:00,2.2790838543084453,2.10636035649316,0.1727234978152854
2020-01-21 11:00:00,3.429115309384863,3.308961307958276,0.12015400142658716
2020-01-21 12:00:00,3.538801972424125,3.670112689714047,-0.13131071728992172
2020-01-21 13:00:00,1.8578713333848729,2.49110452056301,-0.6332331871781371
2020-01-21 14:00:00,1.1353387178032512,1.1892223207173045,-0.05388360291405325
2020-01-21 15:00:00,4.17410544628157,4.026317464382344,0.14778798189922604
2020-01-21 16:00:00,3.7394312869543143,3.523226893333031,0.2162043936212834
2020-01-21 17:00:00,5.206205721604621,5.16256099952062,0.04364472208400105
2020-01-21 18:00:00,4.475497331180698,4.339635057895102,0.13586227328559541
2020-01-21 19:00:00,4.729205646777362,4.847410597398124,-0.11820495062076208
2020-01-21 20:00:00,3.7674227577607824,3.7842399578756725,-0.016817200114890074
2020-01-21 21:00:00,3.646285289487501,3.8470828851060688,-0.20079759561856791
2020-01-21 22:00:00,2.8262367728447706,2.5760239183077323,0.25021285453703834
2020-01-21 23:00:00,3.49604335515328,3.1632273085102756,0.33281604664300435
2020-01-22 00:00:00,4.0892321227854,4.588921120995273,-0.4996889982098738
2020-01-22 01:00:00,4.377564962219293,4.420756196278923,-0.04319123405962966
2020-01-22 02:00:00,3.951431520646961,4.129558007165654,-0.17812648651869312
2020-01-22 03:00:00,5.270736189114744,5.282252177388259,-0.011515988273515632
2020-01-22 04:00:00,5.988909895917464,5.700987899163615,0.2879219967538491
2020-01-22 05:00:00,6.085949958422174,6.212711040759092,-0.12676108233691785
2020-01-22 06:00:00,4.843262995259526,5.043898898691412,-0.20063590343188675
2020-01-22 07:00:00,3.09514802429633,3.244411709741759,-0.14926368544542923
2020-01-22 08:00:00,3.415330542164596,3.556858835107782,-0.14152829294318625
2020-01-22 09:00:00,5.78910945852599,5.057245050000368,0.7318644085256221
2020-01-22 10:00:00,4.670404498875284,5.059529654751549,-0.3891251558762656
2020-01-22 11:00:00,2.476795078171699,2.5289608778252433,-0.05216579965354429
2020-01-22 12:00:00,3.510586655022596,3.75023824548041,-0.23965159045781403
2020-01-22 13:00:00,2.6349900935195847,3.1302921810501476,-0.49530208753056293
2020-01-22 14:00:00,2.703766579215824,3.0116037321147737,-0.30783715289894964
2020-01-22 15:00:00,4.969992105241322,4.744485370412694,0.2255067348286275
2020-01-22 16:00:00,5.291203587053161,4.878983067660503,0.41222051939265825
2020-01-22 17:00:00,3.6583746665363033,3.576930553403801,0.08144411313250233
2020-01-22 18:00:00,4.066649436008449,3.821361196094337,0.24528823991411164
2020-01-22 19:00:00,3.554219931646132,3.834005570036382,-0.27978563839024995
2020-01-22 20:00:00,5.411614335080957,6.540086345337826,-1.1284720102568695
2020-01-22 21:00:00,5.22504332292591,4.988210639530889,0.23683268339502117
2020-01-22 22:00:00,3.352290722260744,3.2417466029573605,0.11054411930338359
2020-01-22 23:00:00,5.291533037640832,5.269586183309548,0.02194685433128374
2020-01-23 00:00:00,5.389671225039878,5.3254380688768705,0.06423315616300762
2020-01-23 01:00:00,6.124863324302941,6.024122540363628,0.10074078393931352
2020-01-23 02:00:00,6.259817863171325,5.914452017644031,0.34536584552729366
2020-01-23 03:00:00,4.719543434743788,4.747683326963367,-0.028139892219578577
2020-01-23 04:00:00,3.908891901986157,3.9058216222560564,0.0030702797301005447
2020-01-23 05:00:00,3.5552501692054346,3.6062001796688117,-0.050950010463377104
2020-01-23 06:00:00,3.958454244657224,3.8942655272043636,0.06418871745286037
2020-01-23 07:00:00,2.844581562334758,3.3905623982459288,-0.5459808359111706
2020-01-23 08:00:00,5.223217874902435,5.3591216073472845,-0.13590373244484955
2020-01-23 09:00:00,4.706263761257494,4.6629296908916,0.043334070365894206
2020-01-23 10:00:00,5.710880518241429,5.462878509485228,0.2480020087562007
2020-01-23 11:00:00,4.900705941898058,4.735493411362371,0.16521253053568685
2020-01-23 12:00:00,2.7257629998613373,2.910749818264669,-0.18498681840333164
2020-01-23 13:00:00,2.7532901687078675,2.633454690346126,0.11983547836174147
2020-01-23 14:00:00,2.849776186151192,2.867726126894207,-0.017949940743014814
2020-01-23 15:00:00,3.246363328784076,3.311975095187518,-0.06561176640344213
2020-01-23 16:00:00,3.817109613478193,4.0448568422949345,-0.22774722881674148
2020-01-23 17:00:00,3.2114110254381245,3.1988208328420336,0.012590192596090954
2020-01-23 18:00:00,4.981027730668998,5.072925285895569,-0.09189755522657084
2020-01-23 19:00:00,5.0691417043143865,4.401281192066358,0.6678605122480281
2020-01-23 20:00:00,4.323765250212597,4.0925954013240435,0.23116984888855363
2020-01-23 21:00:00,3.669666305894024,3.822265629535241,-0.15259932364121687
2020-01-23 22:00:00,4.91320172937,5.336720827522701,-0.42351909815270083
2020-01-23 23:00:00,2.469087145254365,2.6422181242235436,-0.17313097896917862
2020-01-24 00:00:00,6.421170799236342,6.244926948833515,0.17624385040282675
2020-01-24 01:00:00,2.43630564947233,3.018455860484534,-0.5821502110122041
2020-01-24 02:00:00,17.400460686924575,17.736684462454047,-0.33622377552947214
2020-01-24 03:00:00,11.425534602979296,11.44890989549021,-0.023375292510914747
2020-01-24 04:00:00,11.166597490286977,11.026201258737645,0.14039623154933167
2020-01-24 05:00:00,12.45537786388071,12.626840907994367,-0.17146304411365776
2020-01-24 06:00:00,9.612601054488383,9.505087258032143,0.10751379645624048
2020-01-24 07:00:00,6.784439079271407,7.4918197466047705,-0.7073806673333634
2020-01-24 08:00:00,5.330313349460453,5.913898844585395,-0.5835854951249422
2020-01-24 09:00:00,7.943074100762489,7.933154311313318,0.009919789449170935
2020-01-24 10:00:00,5.031348367089202,5.065223469965712,-0.03387510287651008
2020-01-24 11:00:00,7.427643730207827,7.262793300545889,0.1648504296619384
2020-01-24 12:00:00,5.331748602616346,5.370772972869084,-0.039024370252737306
2020-01-24 13:00:00,3.8923671800297415,4.507574761232235,-0.615207581202494
2020-01-24 14:00:00,3.753240615095284,3.8200045050051896,-0.06676388990990567
2020-01-24 15:00:00,3.854892417056437,4.534396772072987,-0.67950435501655
2020-01-24 16:00:00,5.381721628182705,5.04608714185698,0.33563448632572435
2020-01-24 17:00:00,3.636694321029331,3.674560788551092,-0.03786646752176104
2020-01-24 18:00:00,5.057162753646296,5.317779251963539,-0.2606164983172423
2020-01-24 19:00:00,4.998951130518666,4.8582054637468985,0.14074566677176747
2020-01-24 20:00:00,5.135343856410285,5.324842836333206,-0.18949897992292097
2020-01-24 21:00:00,6.156457105268449,5.67265659922056,0.4838005060478885
2020-01-24 22:00:00,4.817584862093311,4.571732691917544,0.245852170175767
2020-01-24 23:00:00,3.5235846222927223,3.5925851225252607,-0.06900050023253845
2020-01-25 00:00:00,4.111363768866357,3.9077905675201086,0.20357320134624857
2020-01-25 01:00:00,6.308772388187759,6.358724719270923,-0.04995233108316466
2020-01-25 02:00:00,5.582619776380024,5.266277024063541,0.31634275231648257
2020-01-25 03:00:00,5.762146519493955,5.791992701250233,-0.029846181756277623
2020-01-25 04:00:00,4.747447935889704,4.922289931969327,-0.17484199607962303
2020-01-25 05:00:00,5.3070223593186485,5.477919602193168,-0.17089724287451968
2020-01-25 06:00:00,5.426458450428985,5.621628881780766,-0.19517043135178103
2020-01-25 07:00:00,3.285228241817016,2.962096089652868,0.3231321521641477
2020-01-25 08:00:00,5.637662734744875,5.060774467428301,0.5768882673165745
2020-01-25 09:00:00,3.176309195891497,3.1097994464079095,0.06650974948358757
2020-01-25 10:00:00,4.681742542268118,4.503566554072165,0.17817598819595304
2020-01-25 11:00:00,5.095569380350204,4.847758915537785,0.24781046481241908
2020-01-25 12:00:00,3.78709064744142,3.712291065927128,0.07479958151429189
2020-01-25 13:00:00,6.095872645359883,6.00069038654809,0.09518225881179276
2020-01-25 14:00:00,2.20806415723904,2.5767818397358266,-0.3687176824967868
2020-01-25 15:00:00,5.948998267470386,5.460271865650845,0.48872640181954097
2020-01-25 16:00:00,3.553066364895312,3.471042937240974,0.08202342765433812
2020-01-25 17:00:00,3.753369009843076,3.478433674402232,0.2749353354408437
2020-01-25 18:00:00,2.3371532968423523,2.6704291479377953,-0.333275851095443
2020-01-25 19:00:00,3.865337705346823,3.945863679108136,-0.0805259737613131
2020-01-25 20:00:00,2.3823038547095816,2.357207196730301,0.0250966579792804
2020-01-25 21:00:00,4.280997436643228,4.212330260729489,0.06866717591373916
2020-01-25 22:00:00,5.409219518678754,5.541062504210338,-0.13184298553158325
2020-01-25 23:00:00,4.015737877978901,4.074900337693613,-0.059162459714712234
2020-01-26 00:00:00,3.0618827751916147,3.2993191873250525,-0.2374364121334378
2020-01-26 01:00:00,4.885374727662973,5.001901247881632,-0.11652652021865872
2020-01-26 02:00:00,5.605911477140991,5.428785348173123,0.17712612896786784
2020-01-26 03:00:00,6.377248619277833,5.986720724720191,0.3905278945576427
2020-01-26 04:00:00,6.108155979628368,5.543904529143745,0.5642514504846226
2020-01-26 05:00:00,3.913967822608231,4.391618447146437,-0.4776506245382057
2020-01-26 06:00:00,5.946018899303214,5.9932567611554095,-0.047237861852195806
2020-01-26 07:00:00,4.183303502141028,4.6640870340522005,-0.4807835319111726
2020-01-26 08:00:00,3.480752151704983,3.4861723707192755,-0.00542021901429246
2020-01-26 09:00:00,5.695936427354932,6.330942956561429,-0.6350065292064961
2020-01-26 10:00:00,2.7325657910645185,2.849342548364041,-0.11677675729952242
2020-01-26 11:00:00,4.992233901015526,5.022007029733455,-0.029773128717929254
2020-01-26 12:00:00,3.521585484181145,4.194495524796663,-0.672910040615518
2020-01-26 13:00:00,3.984429709388717,3.9346258305921737,0.049803878796543355
2020-01-26 14:00:00,4.059286089585856,4.066237949842515,-0.006951860256658726
2020-01-26 15:00:00,5.47388724136284,5.378356927657036,0.09553031370580456
2020-01-26 16:00:00,4.542545532780991,4.384401003144199,0.15814452963679226
2020-01-26 17:00:00,2.4403092868258245,2.9985028133952323,-0.5581935265694078
2020-01-26 18:00:00,2.771332268933174,3.2187439403495053,-0.4474116714163312
2020-01-26 19:00:00,2.5287908793959555,2.4798413405016,0.04894953889435527
2020-01-26 20:00:00,4.1640382073231645,3.804559304439012,0.3594789028841525
2020-01-26 21:00:00,4.924503764924036,4.415525135790479,0.5089786291335567
2020-01-26 22:00:00,4.862850830192672,5.280296098858815,-0.4174452686661434
2020-01-26 23:00:00,6.663776733401135,6.252595764599353,0.4111809688017818
2020-01-27 00:00:00,4.028096902523504,3.795603575324721,0.23249332719878257
2020-01-27 01:00:00,3.041481560155189,3.4345562081549246,-0.39307464799973557
2020-01-27 02:00:00,2.122112910180649,3.1513472345473788,-1.0292343243667297
2020-01-27 03:00:00,4.759234493603624,4.895823015828058,-0.13658852222443407
2020-01-27 04:00:00,4.903197727148602,4.808085019028564,0.09511270812003847
2020-01-27 05:00:00,4.534718377549042,4.760544135919889,-0.2258257583708474
2020-01-27 06:00:00,5.566658251652698,5.380731162594966,0.18592708905773225
2020-01-27 07:00:00,5.099870230185292,5.292585731827465,-0.19271550164217288
2020-01-27 08:00:00,4.099745942986375,4.195396215199668,-0.0956502722132937
2020-01-27 09:00:00,6.41805507892412,6.172574337367936,0.24548074155618416
2020-01-27 10:00:00,4.3565163353104674,4.334821767290487,0.021694568019980487
2020-01-27 11:00:00,5.170322365481959,4.784283975629164,0.3860383898527946
2020-01-27 12:00:00,5.446296277789909,6.121563921202927,-0.6752676434130187
2020-01-27 13:00:00,5.790520004821365,5.582877557954891,0.20764244686647437
2020-01-27 14:00:00,2.1538252016451933,2.2836089165934794,-0.1297837149482861
2020-01-27 15:00:00,4.809857872988546,4.830873573077002,-0.02101570008845588
2020-01-27 16:00:00,5.747859588232253,5.7283536070680805,0.01950598116417268
2020-01-27 17:00:00,3.444579086888878,3.0270356316762728,0.41754345521260516
2020-01-27 18:00:00,5.290663642803969,5.334588897453631,-0.043925254649662016
2020-01-27 19:00:00,5.028180625671396,5.318025212652943,-0.28984458698154647
2020-01-27 20:00:00,6.1725368237819085,6.04691548701202,0.12562133676988818
2020-01-27 21:00:00,4.466496061235715,4.0894184571837515,0.3770776040519639
2020-01-27 22:00:00,4.301209634388576,5.277554713919767,-0.9763450795311908
2020-01-27 23:00:00,5.172448804906236,5.138459614102824,0.03398919080341223
2020-01-28 00:00:00,7.40607797746329,7.122270699015762,0.2838072784475276
2020-01-28 01:00:00,6.060750435178364,6.794188829137899,-0.7334383939595348
2020-01-28 02:00:00,4.960843844061141,5.300203094226276,-0.3393592501651357
2020-01-28 03:00:00,4.743015671569857,4.613384834804313,0.12963083676554454
2020-01-28 04:00:00,6.975068375985022,6.923383581748941,0.05168479423608119
2020-01-28 05:00:00,5.358633712474825,5.641956041058701,-0.28332232858387574
2020-01-28 06:00:00,3.735503849977566,3.9386472317953762,-0.2031433818178101
2020-01-28 07:00:00,5.322653685645236,5.376522131396057,-0.053868445750820726
2020-01-28 08:00:00,6.1719460610701855,6.042739229924491,0.12920683114569442
2020-01-28 09:00:00,4.6798014603582825,4.979112499047081,-0.29931103868879827
2020-01-28 10:00:00,2.6464306002978497,2.8009083188531942,-0.15447771855534453
2020-01-28 11:00:00,3.957932323260544,3.694218795362024,0.2637135278985201
2020-01-28 12:00:00,4.898458414517266,4.567776671985035,0.3306817425322306
2020-01-28 13:00:00,5.665078418892862,5.301086357100989,0.3639920617918726
2020-01-28 14:00:00,5.16236472657768,5.270605245847383,-0.10824051926970313
2020-01-28 15:00:00,4.221279911932522,4.457494716608188,-0.23621480467566602
2020-01-28 16:00:00,3.631753450830933,3.5796587144287133,0.05209473640221951
2020-01-28 17:00:00,6.341654413877739,6.57774185535808,-0.23608744148034067
2020-01-28 18:00:00,3.2233399196137107,3.294054568750751,-0.07071464913704029
2020-01-28 19:00:00,6.0155598236896095,5.621615096931156,0.3939447267584537
2020-01-28 20:00:00,4.753776049469992,4.980710284102239,-0.22693423463224693
2020-01-28 21:00:00,6.439153082677679,5.931931401869738,0.507221680807941
2020-01-28 22:00:00,4.186899474878005,4.39913066153088,-0.21223118665287544
2020-01-28 23:00:00,3.839007526280743,4.411751673126857,-0.5727441468461141
2020-01-29 00:00:00,5.8939006861514525,5.256250050717787,0.6376506354336655
2020-01-29 01:00:00,4.82842718482898,4.66941891154568,0.15900827328330003
2020-01-29 02:00:00,13.145937094179647,12.157743619096841,0.9881934750828059
2020-01-29 03:00:00,19.470799399458716,19.757106651250815,-0.28630725179209904
2020-01-29 04:00:00,15.659789548287716,15.314376332663526,0.34541321562418936
2020-01-29 05:00:00,13.42339332620742,13.453919206438938,-0.0305258802315187
2020-01-29 06:00:00,6.241016673648229,6.389235528433016,-0.1482188547847869
2020-01-29 07:00:00,8.046107424403113,8.101048998882915,-0.05494157447980186
2020-01-29 08:00:00,6.65903216207473,6.917176694415604,-0.2581445323408733
2020-01-29 09:00:00,10.9141705840244,11.289963466027839,-0.37579288200343797
2020-01-29 10:00:00,31.913243240840515,32.10271575797275,-0.18947251713223778
2020-01-29 11:00:00,27.635443974110657,27.53631100888833,0.09913296522232784
2020-01-29 12:00:00,23.47657035612488,23.121425434011748,0.35514492211313353
2020-01-29 13:00:00,18.861471062001392,18.667939551406644,0.19353151059474882
2020-01-29 14:00:00,17.816594723716857,17.641931313233762,0.1746634104830953
2020-01-29 15:00:00,7.760846561266736,7.989492908719261,-0.22864634745252488
2020-01-29 16:00:00,8.695492790275729,9.02585487141534,-0.3303620811396115
2020-01-29 17:00:00,9.197686764022125,8.910546584074305,0.28714017994781926
2020-01-29 18:00:00,8.424394508097883,8.60769218286019,-0.18329767476230607
2020-01-29 19:00:00,7.565894666707533,7.186586323342815,0.37930834336471797
2020-01-29 20:00:00,8.338368305652692,8.239248671336266,0.09911963431642512
2020-01-29 21:00:00,5.180273652788038,5.179958821076138,0.00031483171190060943
2020-01-29 22:00:00,6.268486591591521,6.232361555859284,0.03612503573223691
2020-01-29 23:00:00,4.581433630432253,4.779122464239274,-0.19768883380702107
2020-01-30 00:00:00,5.969065740111812,5.762762195107695,0.20630354500411752
2020-01-30 01:00:00,4.092985024295675,4.104721943584877,-0.011736919289202064
2020-01-30 02:00:00,4.230870590190684,4.334642980861402,-0.1037723906707182
2020-01-30 03:00:00,2.549388163508598,3.093236240218265,-0.5438480767096667
2020-01-30 04:00:00,3.4537881235626164,3.7669579380562985,-0.3131698144936821
2020-01-30 05:00:00,10.371787300700326,10.670555127834204,-0.2987678271338776
2020-01-30 06:00:00,15.000320495524806,15.161541603412338,-0.16122110788753297
2020-01-30 07:00:00,32.89108919286923,32.971726463362984,-0.08063727049375302
2020-01-30 08:00:00,26.02190362486835,25.682392427730903,0.3395111971374476
2020-01-30 09:00:00,14.267157128959449,13.9245047554998,0.3426523734596483
2020-01-30 10:00:00,17.928311332336424,17.708116313764588,0.220195018571836
2020-01-30 11:00:00,15.36641947687156,15.560891900917438,-0.1944724240458786
2020-01-30 12:00:00,11.187054320261089,11.207202216525284,-0.020147896264194998
2020-01-30 13:00:00,8.425105358122385,8.803303365217511,-0.37819800709512563
2020-01-30 14:00:00,7.601695832156179,7.610763727501125,-0.009067895344945676
2020-01-30 15:00:00,11.683173923667391,11.227620301008123,0.45555362265926824
2020-01-30 16:00:00,8.857384486311087,8.575756622793383,0.28162786351770386
2020-01-30 17:00:00,4.788282130088889,5.1315085059706265,-0.34322637588173777
2020-01-30 18:00:00,4.825421372951558,5.289909624606714,-0.4644882516551556
2020-01-30 19:00:00,4.600733842268744,4.808909872477329,-0.20817603020858577
2020-01-30 20:00:00,5.598940828764466,6.250189029012219,-0.6512482002477533
2020-01-30 21:00:00,14.753403049069256,14.45478490725509,0.29861814181416513
2020-01-30 22:00:00,21.419195934383502,21.672223930178827,-0.25302799579532476
2020-01-30 23:00:00,21.493775274901967,21.122467740203504,0.3713075346984631
2020-01-31 00:00:00,15.832451017094584,15.813195043718448,0.01925597337613638
2020-01-31 01:00:00,10.464382711301822,10.44810885955372,0.016273851748101364
2020-01-31 02:00:00,8.454241999594334,8.542725595225528,-0.08848359563119423
2020-01-31 03:00:00,9.10184556145486,9.01897192770692,0.08287363374794054
2020-01-31 04:00:00,7.435771357573666,7.519803169555528,-0.0840318119818626
2020-01-31 05:00:00,7.231267025749576,7.5924044938126185,-0.3611374680630428
2020-01-31 06:00:00,4.915883721930555,5.100882171048558,-0.18499844911800256
2020-01-31 07:00:00,5.888392345756838,5.468654645553144,0.4197377002036937
2020-01-31 08:00:00,5.465251703855695,5.410022748036198,0.05522895581949694
2020-01-31 09:00:00,5.210330842376421,5.384364568107096,-0.17403372573067522
2020-01-31 10:00:00,2.506600734325711,2.5289411915076005,-0.022340457181889484
2020-01-31 11:00:00,7.273331099494208,5.908231967546064,1.3650991319481438
2020-01-31 12:00:00,3.297068909434167,3.1370545344181946,0.16001437501597238
2020-01-31 13:00:00,4.580264504050243,4.763363094948505,-0.18309859089826208
2020-01-31 14:00:00,5.805600644844606,6.131258486120107,-0.32565784127550046
2020-01-31 15:00:00,5.6013670939781,5.945638042858767,-0.3442709488806672
2020-01-31 16:00:00,4.711647718657747,4.31545344100319,0.3961942776545566
2020-01-31 17:00:00,3.284265071080212,3.3301783661396787,-0.04591329505946673
2020-01-31 18:00:00,6.694134072241657,6.62371641129699,0.07041766094466695
2020-01-31 19:00:00,5.081663866889272,5.467322032506942,-0.3856581656176701
2020-01-31 20:00:00,5.520167139496915,5.161044972983905,0.35912216651300977
2020-01-31 21:00:00,3.834587043915306,3.930152495757705,-0.09556545184239917
2020-01-31 22:00:00,4.225971869182212,4.099940292269014,0.12603157691319833
2020-01-31 23:00:00,4.070745691701991,4.13937766041522,-0.06863196871322863
2020-02-01 00:00:00,5.292120073942446,5.2517189794181975,0.040401094524248116
2020-02-01 01:00:00,5.336896745342063,5.06216643720645,0.27473030813561294
2020-02-01 02:00:00,4.441935001689884,4.678491634106432,-0.23655663241654867
2020-02-01 03:00:00,5.48988398557481,5.535363610875751,-0.04547962530094107
2020-02-01 04:00:00,3.152722218587763,3.1765484374954194,-0.02382621890765657
2020-02-01 05:00:00,4.318420319027991,4.0352504942642335,0.28316982476375774
2020-02-01 06:00:00,2.7550998031079112,2.888341774860285,-0.13324197175237362
2020-02-01 07:00:00,4.844510433155969,4.739718084726994,0.10479234842897522
2020-02-01 08:00:00,3.2338065726329357,2.7515726100129587,0.482233962619977
2020-02-01 09:00:00,5.617931958580841,5.433779653495965,0.18415230508487568
2020-02-01 10:00:00,3.228000656355173,3.249890503249525,-0.021889846894351805
2020-02-01 11:00:00,2.7130334787428483,2.742709784780191,-0.029676306037342837
2020-02-01 12:00:00,5.016862363780808,4.731143196495773,0.285719167285035
2020-02-01 13:00:00,6.935765450457586,6.725639920872046,0.21012552958553954
2020-02-01 14:00:00,4.9704537299466045,5.485564296646285,-0.5151105666996809
2020-02-01 15:00:00,2.1786268271901434,2.4445521600034117,-0.26592533281326824
2020-02-01 16:00:00,3.577727390412488,3.653779284449898,-0.07605189403740997
2020-02-01 17:00:00,3.3878899351374065,3.8089734944458495,-0.421083559308443
2020-02-01 18:00:00,6.179051822557186,6.641742942116012,-0.46269111955882547
2020-02-01 19:00:00,3.463443069847365,3.3749204563655897,0.08852261348177537
2020-02-01 20:00:00,3.454491925824012,3.562098685113967,-0.107606759289955
2020-02-01 21:00:00,6.4921287921809245,6.4082035976349205,0.083925194546004
2020-02-01 22:00:00,5.495618273736321,5.588742435941513,-0.09312416220519193
2020-02-01 23:00:00,6.98954441156418,6.693650938775757,0.29589347278842304
2020-02-02 00:00:00,4.677385213572456,4.1541249968543354,0.5232602167181204
2020-02-02 01:00:00,4.48044037320981,4.583972305157472,-0.10353193194766153
2020-02-02 02:00:00,5.765463273965737,5.715003832439981,0.050459441525755544
2020-02-02 03:00:00,3.788238290557055,4.144243818416111,-0.35600552785905615
2020-02-02 04:00:00,5.691343754671232,5.869788487079663,-0.17844473240843062
2020-02-02 05:00:00,4.7655252230847855,5.214732057989316,-0.4492068349045306
2020-02-02 06:00:00,4.048072358835539,4.173657002135474,-0.12558464329993502
2020-02-02 07:00:00,5.387375454739739,4.63215039931233,0.7552250554274087
2020-02-02 08:00:00,4.5778952919065,5.183643167174933,-0.6057478752684329
2020-02-02 09:00:00,5.668185507076729,5.488439252066322,0.1797462550104072
2020-02-02 10:00:00,5.5089271816851415,5.312643889257819,0.19628329242732256
2020-02-02 11:00:00,2.959849538018496,2.8482024791739713,0.11164705884452486
2020-02-02 12:00:00,3.375127488551919,2.9462543450712433,0.4288731434806756
2020-02-02 13:00:00,2.5654801142443184,3.2659363472613077,-0.7004562330169892
2020-02-02 14:00:00,4.962436567065134,4.774256808086316,0.18817975897881745
2020-02-02 15:00:00,4.156574614036833,4.603255012806881,-0.44668039877004784
2020-02-02 16:00:00,3.1641729964683494,3.4654113659291905,-0.30123836946084115
2020-02-02 17:00:00,7.4341907406290595,6.816321041480296,0.6178696991487636
2020-02-02 18:00:00,3.400418443515844,3.456259834585377,-0.055841391069532786
2020-02-02 19:00:00,2.57914713308318,3.2096463217982554,-0.6304991887150755
2020-02-02 20:00:00,5.805762175682938,5.333547752842058,0.4722144228408798
2020-02-02 21:00:00,6.042340913429576,5.783550005933306,0.25879090749626954
2020-02-02 22:00:00,6.930680508380827,6.637564921899266,0.29311558648156133
2020-02-02 23:00:00,6.648916794069479,6.5506664961916385,0.09825029787784079
2020-02-03 00:00:00,6.075879057994657,6.3006791008148255,-0.22480004282016885
2020-02-03 01:00:00,3.4190659487538166,3.7280856683219983,-0.30901971956818164
2020-02-03 02:00:00,6.716710553991706,6.888818825409153,-0.17210827141744733
2020-02-03 03:00:00,3.0510482222517625,2.8981536726430708,0.15289454960869175
2020-02-03 04:00:00,4.713024763385637,4.955871980314689,-0.24284721692905187
2020-02-03 05:00:00,5.290895003037775,5.428962349257071,-0.1380673462192954
2020-02-03 06:00:00,3.4943601480147346,3.4255503815933093,0.06880976642142533
2020-02-03 07:00:00,3.731983262954997,3.949721756496206,-0.217738493541209
2020-02-03 08:00:00,2.91638342952126,3.3810154222882627,-0.4646319927670026
2020-02-03 09:00:00,5.727168606213782,5.4637873276236055,0.26338127859017657
2020-02-03 10:00:00,6.624880866309049,6.647604886990007,-0.022724020680958468
2020-02-03 11:00:00,5.7691933091306575,5.544983477561683,0.22420983156897467
2020-02-03 12:00:00,4.065424711697897,4.30124642153324,-0.235821709835343
2020-02-03 13:00:00,1.7514339044325185,2.0748276527598177,-0.3233937483272993
2020-02-03 14:00:00,5.817116728591169,5.670949453289974,0.14616727530119533
2020-02-03 15:00:00,4.350077765995872,4.631581991949215,-0.2815042259533431
2020-02-03 16:00:00,2.453630420595669,2.6369955127479305,-0.1833650921522616
2020-02-03 17:00:00,4.73971031427932,4.729003336057761,0.010706978221559638
2020-02-03 18:00:00,6.155369975740831,5.941822123854633,0.2135478518861973
2020-02-03 19:00:00,5.530083292275467,5.6108348808212085,-0.08075158854574127
2020-02-03 20:00:00,4.124188009187349,4.201160556469094,-0.07697254728174485
2020-02-03 21:00:00,4.110165882191852,3.812115761422772,0.29805012076908044
2020-02-03 22:00:00,3.871337866281508,4.1929599814581975,-0.3216221151766896
2020-02-03 23:00:00,6.735380403297688,6.575054884793287,0.16032551850440058
2020-02-04 00:00:00,7.136041243540423,6.825694107380308,0.31034713616011533
2020-02-04 01:00:00,5.35788344845634,5.139444829201557,0.21843861925478247
2020-02-04 02:00:00,6.675661585555552,6.094102454710467,0.5815591308450854
2020-02-04 03:00:00,2.6461549619743217,2.597703812789925,0.04845114918439686
2020-02-04 04:00:00,6.421235914734904,6.107510567868054,0.3137253468668497
2020-02-04 05:00:00,3.2901432884048005,3.2770170906793976,0.01312619772540291
2020-02-04 06:00:00,8.137131313526096,7.900183764499179,0.23694754902691706
2020-02-04 07:00:00,3.611239329626591,3.863543166563038,-0.25230383693644676
2020-02-04 08:00:00,3.7972043359796457,4.1494427884544,-0.3522384524747544
2020-02-04 09:00:00,5.623351201601325,5.75513512386557,-0.13178392226424496
2020-02-04 10:00:00,5.188923062424881,5.256246525253376,-0.06732346282849466
2020-02-04 11:00:00,24.171362034943456,24.15348208958637,0.01787994535708748
2020-02-04 12:00:00,20.9292109045156,20.96498401747858,-0.03577311296298191
2020-02-04 13:00:00,16.522373195874664,16.618851327772393,-0.09647813189772947
2020-02-04 14:00:00,10.699901826397438,10.973831277092717,-0.2739294506952792
2020-02-04 15:00:00,13.011823779230586,12.737205323240106,0.2746184559904794
2020-02-04 16:00:00,12.756673686072633,12.548750783241198,0.20792290283143444
2020-02-04 17:00:00,9.576839140248929,9.31609719662812,0.2607419436208094
2020-02-04 18:00:00,7.627173596995974,7.53423871736799,0.0929348796279843
2020-02-04 19:00:00,6.373130351371435,6.3183916212776285,0.054738730093806254
2020-02-04 20:00:00,8.964306393973967,8.438022018160341,0.526284375813626
2020-02-04 21:00:00,11.937190274549312,12.384202769283645,-0.4470124947343326
2020-02-04 22:00:00,16.396331984612388,16.519148804475456,-0.12281681986306836
2020-02-04 23:00:00,13.406354940250598,13.236833125092565,0.1695218151580331
2020-02-05 00:00:00,13.523211283596408,13.758396503884713,-0.23518522028830446
2020-02-05 01:00:00,12.35618297233501,12.816358294753492,-0.4601753224184826
2020-02-05 02:00:00,9.068823189867691,9.029791952535371,0.0390312373323205
2020-02-05 03:00:00,7.6076222133655715,8.275954366128383,-0.6683321527628117
2020-02-05 04:00:00,7.325612462987352,7.1945541124586745,0.13105835052867754
2020-02-05 05:00:00,6.28233592351905,6.462022536162589,-0.1796866126435388
2020-02-05 06:00:00,6.723340208177195,6.831983361531026,-0.10864315335383079
2020-02-05 07:00:00,6.132874369625478,5.73186662798958,0.40100774163589836
2020-02-05 08:00:00,5.1813417829398505,5.806137133275488,-0.6247953503356376
2020-02-05 09:00:00,3.7667828055272654,4.740633638992073,-0.9738508334648079
2020-02-05 10:00:00,5.890810687242433,5.930780564215134,-0.039969876972700824
2020-02-05 11:00:00,4.796329052333108,4.723537616549294,0.07279143578381397
2020-02-05 12:00:00,5.844979689090437,6.178509492991908,-0.33352980390147113
2020-02-05 13:00:00,6.593558513179003,5.8675410193892965,0.7260174937897066
2020-02-05 14:00:00,5.780863230400057,5.747760900193321,0.03310233020673614
2020-02-05 15:00:00,4.901765376927583,5.121114946964721,-0.21934957003713862
2020-02-05 16:00:00,5.5240376163561695,5.101598900086232,0.42243871626993723
2020-02-05 17:00:00,3.094834808953006,3.5972882728021536,-0.5024534638491476
2020-02-05 18:00:00,8.973279340978541,9.159691179904154,-0.18641183892561308
2020-02-05 19:00:00,4.333314764878043,4.456707907853974,-0.12339314297593074
2020-02-05 20:00:00,4.938463160495254,5.375714280562145,-0.4372511200668914
2020-02-05 21:00:00,24.80874595337787,23.887960481199038,0.9207854721788316
2020-02-05 22:00:00,22.655877708175804,22.68063454620985,-0.024756838034043938
2020-02-05 23:00:00,19.17178068728752,19.47978893656972,-0.3080082492821994
2020-02-06 00:00:00,9.904830242279768,9.913018557619674,-0.008188315339905827
2020-02-06 01:00:00,11.71710662018603,11.135338264610034,0.5817683555759956
2020-02-06 02:00:00,10.08951429089959,9.88008524420612,0.2094290466934705
2020-02-06 03:00:00,9.980021599029891,9.696547205106727,0.2834743939231643
2020-02-06 04:00:00,5.970574659547091,6.160226089576972,-0.1896514300298815
2020-02-06 05:00:00,8.649401275654574,8.139890361552546,0.5095109141020284
2020-02-06 06:00:00,6.788135809088119,6.559413417223935,0.22872239186418408
2020-02-06 07:00:00,7.073926343156297,6.647786365543939,0.4261399776123582
2020-02-06 08:00:00,5.096422765934056,5.726270767250558,-0.6298480013165015
2020-02-06 09:00:00,3.991276413415213,3.9999299486875843,-0.008653535272371116
2020-02-06 10:00:00,6.244476155546503,6.493420866002532,-0.24894471045602895
2020-02-06 11:00:00,5.915091137594905,5.988408221248918,-0.0733170836540129
2020-02-06 12:00:00,6.547320579753555,6.594794644378045,-0.04747406462449
2020-02-06 13:00:00,6.700550028840784,5.728132945851758,0.9724170829890255
2020-02-06 14:00:00,6.809927637928485,6.913048742409441,-0.10312110448095613
2020-02-06 15:00:00,5.694431760823453,5.651416973730455,0.04301478709299822
2020-02-06 16:00:00,5.294316822925904,4.772820209177776,0.5214966137481278
2020-02-06 17:00:00,4.955954631523412,4.7015644343122736,0.25439019721113887
2020-02-06 18:00:00,4.195215981860335,4.059887268557404,0.13532871330293172
2020-02-06 19:00:00,4.582916928924529,4.5037073436929465,0.07920958523158284
2020-02-06 20:00:00,3.827829393593112,4.323628995581585,-0.4957996019884736
2020-02-06 21:00:00,25.285775222201394,24.700415018017434,0.5853602041839601
2020-02-06 22:00:00,22.59920282396889,22.68887489877297,-0.0896720748040778
2020-02-06 23:00:00,10.4109387614244,11.3997620901336,-0.9888233287091985
2020-02-07 00:00:00,7.984445100312261,8.588721610407985,-0.6042765100957244
2020-02-07 01:00:00,8.247263751714724,8.25160091810783,-0.004337166393105107
2020-02-07 02:00:00,9.642673483781518,9.309347517836082,0.33332596594543595
2020-02-07 03:00:00,11.225084922290296,11.018276381097404,0.20680854119289194
2020-02-07 04:00:00,7.271073008689363,7.566330993972707,-0.29525798528334324
2020-02-07 05:00:00,8.716000158283398,8.33473519237441,0.3812649659089882
2020-02-07 06:00:00,8.196972269214665,8.211880099240327,-0.01490783002566154
2020-02-07 07:00:00,6.763252902531609,6.760831362878368,0.0024215396532412115
2020-02-07 08:00:00,6.38446859555475,6.813573767365891,-0.4291051718111403
2020-02-07 09:00:00,5.334208049695325,5.023106392845718,0.31110165684960656
2020-02-07 10:00:00,7.312563189096593,7.10229336703949,0.21026982205710354
2020-02-07 11:00:00,6.126577692007673,5.736797886337481,0.38977980567019177
2020-02-07 12:00:00,6.224197559764376,6.132790773455383,0.09140678630899313
2020-02-07 13:00:00,3.92283470977231,4.048959179511358,-0.12612446973904756
2020-02-07 14:00:00,5.648541890943453,5.228132227176661,0.420409663766792
2020-02-07 15:00:00,7.165458330782644,7.403581759848389,-0.23812342906574457
2020-02-07 16:00:00,4.957128457120231,5.455732945677265,-0.4986044885570333
2020-02-07 17:00:00,7.145795144498961,7.514843002746704,-0.3690478582477432
2020-02-07 18:00:00,5.224343269795712,5.23753856057047,-0.013195290774757673
2020-02-07 19:00:00,6.8971458230810345,6.345827873450254,0.5513179496307803
2020-02-07 20:00:00,5.098182108496452,5.01330853455761,0.0848735739388422
2020-02-07 21:00:00,6.354252074282799,6.47314720447472,-0.11889513019192055
2020-02-07 22:00:00,4.714292392093469,4.195937581174696,0.5183548109187734
2020-02-07 23:00:00,4.301273572648423,4.879128605765028,-0.577855033116605
2020-02-08 00:00:00,6.05270638134303,6.3497946999614925,-0.29708831861846274
2020-02-08 01:00:00,4.945341787615197,5.324555840191555,-0.37921405257635765
2020-02-08 02:00:00,6.084358939088108,5.847338652204377,0.23702028688373034
2020-02-08 03:00:00,3.3166864758774715,3.690542347195251,-0.37385587131777953
2020-02-08 04:00:00,4.092753830293522,4.26901361654088,-0.17625978624735783
2020-02-08 05:00:00,6.675120066903299,6.4280232688805405,0.24709679802275808
2020-02-08 06:00:00,4.1236279610391815,3.887912278061252,0.23571568297792966
2020-02-08 07:00:00,5.960938501209793,5.9464772730761934,0.014461228133599846
2020-02-08 08:00:00,6.032296857578805,5.722690637882882,0.3096062196959233
2020-02-08 09:00:00,3.909936770410471,4.196000399330248,-0.28606362891977666
2020-02-08 10:00:00,4.92553195261792,5.121880198189783,-0.1963482455718628
2020-02-08 11:00:00,27.12182102748332,27.203457928299613,-0.08163690081629227
2020-02-08 12:00:00,22.30119230816099,22.041734259787486,0.25945804837350295
2020-02-08 13:00:00,16.335862715865826,16.48720109934559,-0.15133838347976436
2020-02-08 14:00:00,16.587424235873037,16.211265921330448,0.3761583145425895
2020-02-08 15:00:00,10.555547898083912,10.512703363997836,0.04284453408607547
2020-02-08 16:00:00,7.4841023918874034,7.593343640686404,-0.10924124879900088
2020-02-08 17:00:00,7.913679967202502,7.6427091625083925,0.2709708046941097
2020-02-08 18:00:00,11.919567153275356,11.753459425649945,0.16610772762541082
2020-02-08 19:00:00,6.711798870560087,7.334998205783216,-0.6231993352231289
2020-02-08 20:00:00,5.293760821542614,5.4439969694806205,-0.15023614793800633
2020-02-08 21:00:00,5.856806002241115,5.652450640408491,0.20435536183262393
2020-02-08 22:00:00,6.911159412821086,6.671223102828867,0.2399363099922196
2020-02-08 23:00:00,4.110833591828125,4.255454856513725,-0.14462126468560044
2020-02-09 00:00:00,13.16393873206766,13.144224213057395,0.019714519010264553
2020-02-09 01:00:00,13.91965508539398,13.575845579969569,0.3438095054244119
2020-02-09 02:00:00,14.534351319087351,14.961975598527916,-0.4276242794405647
2020-02-09 03:00:00,15.38469650227712,15.754391919808866,-0.3696954175317462
2020-02-09 04:00:00,12.723648287297843,12.79812581981574,-0.07447753251789635
2020-02-09 05:00:00,5.926947882923691,6.3748626080256745,-0.4479147251019837
2020-02-09 06:00:00,7.366685501209783,6.852425298192852,0.5142602030169314
2020-02-09 07:00:00,12.336251064861647,12.17156256215968,0.1646885027019671
2020-02-09 08:00:00,8.146299082599679,7.4654903254702765,0.6808087571294026
2020-02-09 09:00:00,5.427532442099432,5.184724662758952,0.24280777934048015
2020-02-09 10:00:00,7.349335831301611,7.3396356220723105,0.00970020922930015
2020-02-09 11:00:00,6.786676818991865,6.77995180962983,0.006725009362035017
2020-02-09 12:00:00,24.42667506097704,24.503755490683623,-0.07708042970658369
2020-02-09 13:00:00,10.855846857423874,10.996803129903027,-0.1409562724791531
2020-02-09 14:00:00,13.845664340157796,14.333120458479454,-0.48745611832165814
2020-02-09 15:00:00,9.431568215535426,9.222008172576066,0.20956004295936026
2020-02-09 16:00:00,7.459890026892497,7.565005976218764,-0.105115949326267
2020-02-09 17:00:00,10.313509429458994,10.734848771070487,-0.42133934161149256
2020-02-09 18:00:00,8.197798498807293,7.674650916379591,0.5231475824277023
2020-02-09 19:00:00,8.014586132516898,7.6855876119812185,0.3289985205356798
2020-02-09 20:00:00,6.767434054054792,6.730687442569965,0.03674661148482716
2020-02-09 21:00:00,5.450106628854078,5.457710004068104,-0.007603375214025654
2020-02-09 22:00:00,6.365312354896153,6.449684337578325,-0.08437198268217205
2020-02-09 23:00:00,6.711052879758519,6.91652345448968,-0.20547057473116137
2020-02-10 00:00:00,7.947895634744975,7.683235671030066,0.26465996371490874
2020-02-10 01:00:00,3.516680852291278,3.8125869355713697,-0.2959060832800917
2020-02-10 02:00:00,6.98586054891296,6.796682384874833,0.18917816403812715
2020-02-10 03:00:00,6.356692764396495,6.424372656998738,-0.06767989260224283
2020-02-10 04:00:00,6.177056489861488,5.821927715259056,0.35512877460243164
2020-02-10 05:00:00,4.085216609714106,4.2146844933164695,-0.12946788360236372
2020-02-10 06:00:00,6.028057536370174,5.9246690025865325,0.1033885337836411
2020-02-10 07:00:00,5.295465785499642,5.978298946839817,-0.6828331613401746
2020-02-10 08:00:00,3.677148234040057,4.100135739322301,-0.42298750528224405
2020-02-10 09:00:00,6.749893911151613,6.305302599081262,0.44459131207035085
2020-02-10 10:00:00,7.386749457569237,7.503956323914613,-0.11720686634537625
2020-02-10 11:00:00,13.080792609486,13.348120350933907,-0.2673277414479074
2020-02-10 12:00:00,28.577398055124128,28.684846862619757,-0.10744880749562924
2020-02-10 13:00:00,12.412375561586812,13.605706892371703,-1.1933313307848916
2020-02-10 14:00:00,10.561244940098216,10.907101977551813,-0.3458570374535963
2020-02-10 15:00:00,14.082905383627992,12.520599015994511,1.5623063676334805
2020-02-10 16:00:00,10.393616357974002,10.436493227004954,-0.04287686903095178
2020-02-10 17:00:00,8.394571920141647,8.589467291038053,-0.19489537089640585
2020-02-10 18:00:00,9.41296305264992,9.150544295219104,0.2624187574308152
2020-02-10 19:00:00,8.9627315270629,9.163769905864726,-0.20103837880182596
2020-02-10 20:00:00,5.040837271556751,5.806873392782634,-0.7660361212258833
2020-02-10 21:00:00,7.151546999069844,7.3803770806772455,-0.22883008160740115
2020-02-10 22:00:00,5.288427538852092,5.249123761268467,0.039303777583625354
2020-02-10 23:00:00,8.335000063878873,7.9551796087130295,0.3798204551658433
2020-02-11 00:00:00,4.88054002928186,5.057272645342675,-0.17673261606081425
2020-02-11 01:00:00,7.187444855933748,7.2257664685446015,-0.03832161261085343
2020-02-11 02:00:00,20.26660233652092,19.89805137555672,0.3685509609641997
2020-02-11 03:00:00,27.117975213970627,27.19961441034298,-0.08163919637235395
2020-02-11 04:00:00,20.012080042146103,20.21867159503888,-0.2065915528927782
2020-02-11 05:00:00,10.14323478288398,10.26787859587135,-0.1246438129873706
2020-02-11 06:00:00,11.801181333415649,11.446701725214249,0.3544796082013999
2020-02-11 07:00:00,13.670510656276509,13.781328206975736,-0.1108175506992275
2020-02-11 08:00:00,12.691245782081728,12.338809474401536,0.3524363076801915
2020-02-11 09:00:00,11.448152818983475,11.424046349573885,0.024106469409590048
2020-02-11 10:00:00,10.403467815570798,10.265961467476664,0.1375063480941332
2020-02-11 11:00:00,8.845491114823032,8.897855311371627,-0.05236419654859503
2020-02-11 12:00:00,12.55171763593147,12.39981785099418,0.15189978493728873
2020-02-11 13:00:00,29.769250086326217,29.932401462391493,-0.16315137606527585
2020-02-11 14:00:00,23.612447947278888,23.917809437599512,-0.30536149032062454
2020-02-11 15:00:00,11.717617150535135,11.76520843660479,-0.04759128606965568
2020-02-11 16:00:00,11.820973325470058,11.402910539821535,0.41806278564852306
2020-02-11 17:00:00,15.684291345574971,15.307522819949066,0.3767685256259057
2020-02-11 18:00:00,12.039130129290973,12.395794994248378,-0.35666486495740557
2020-02-11 19:00:00,8.98884568869864,8.811528765927788,0.17731692277085287
2020-02-11 20:00:00,9.058412632134576,8.920715035299466,0.1376975968351104
2020-02-11 21:00:00,6.969881936505551,6.679491043631469,0.2903908928740826
2020-02-11 22:00:00,8.277952175358502,8.288779561604676,-0.010827386246173631
2020-02-11 23:00:00,6.52787313625757,6.334275458762148,0.193597677495422
2020-02-12 00:00:00,32.76849478725097,32.58435652929374,0.1841382579572297
2020-02-12 01:00:00,28.793833039060416,28.86763403726447,-0.07380099820405306
2020-02-12 02:00:00,20.47697081675644,20.46839156670453,0.008579250051912624
2020-02-12 03:00:00,22.294460742553927,22.148690899746725,0.1457698428072014
2020-02-12 04:00:00,15.495005020636196,16.07597369479843,-0.5809686741622357
2020-02-12 05:00:00,10.38078473386256,10.291831712070874,0.08895302179168674
2020-02-12 06:00:00,9.486413465211143,9.832821190494998,-0.34640772528385533
2020-02-12 07:00:00,10.4746631163545,10.310471023523995,0.16419209283050584
2020-02-12 08:00:00,8.556190911658287,8.516494499973703,0.039696411684584376
2020-02-12 09:00:00,9.883689446785134,9.715211773758416,0.16847767302671812
2020-02-12 10:00:00,8.077599675476952,8.09966546278112,-0.022065787304168083
2020-02-12 11:00:00,5.92577709942908,6.195944537374103,-0.2701674379450232
2020-02-12 12:00:00,7.586071882559409,7.267983710245926,0.31808817231348296
2020-02-12 13:00:00,7.356681116563048,7.4271756083337275,-0.07049449177067935
2020-02-12 14:00:00,7.084110758414868,7.195103828558819,-0.11099307014395166
2020-02-12 15:00:00,4.569169452565401,4.656036900131395,-0.08686744756599385
2020-02-12 16:00:00,4.174317988551477,4.963209773155927,-0.7888917846044494
2020-02-12 17:00:00,4.934985434927652,5.141615884294974,-0.20663044936732167
2020-02-12 18:00:00,4.871960867106425,5.089196802139341,-0.2172359350329156
2020-02-12 19:00:00,4.632159198679021,4.815199734467158,-0.18304053578813662
2020-02-12 20:00:00,6.407166078339587,6.106763835354181,0.3004022429854061
2020-02-12 21:00:00,5.666499988494477,6.006218394798023,-0.3397184063035459
2020-02-12 22:00:00,6.517261504519907,6.735529901578612,-0.21826839705870515
2020-02-12 23:00:00,5.7869683471448,5.714756795553744,0.07221155159105574
2020-02-13 00:00:00,3.6044962197249872,3.7022288179801546,-0.09773259825516734
2020-02-13 01:00:00,5.981421624272004,5.593201942376012,0.38821968189599154
2020-02-13 02:00:00,5.872407726378629,5.573521332754492,0.29888639362413727
2020-02-13 03:00:00,4.1209987541458455,4.1491979398479355,-0.028199185702090013
2020-02-13 04:00:00,8.215635365943244,7.88593009335627,0.329705272586974
2020-02-13 05:00:00,4.538107553341736,4.698078480896956,-0.1599709275552197
2020-02-13 06:00:00,4.852206303184228,5.701898070768871,-0.8496917675846429
2020-02-13 07:00:00,4.7666279257412825,4.1365995491616365,0.6300283765796459
2020-02-13 08:00:00,5.689817830531348,5.868836552424483,-0.17901872189313472
2020-02-13 09:00:00,5.9124816005308345,5.772042101380706,0.1404394991501281
2020-02-13 10:00:00,8.188135276193188,7.691918599747057,0.49621667644613154
2020-02-13 11:00:00,4.941276910559662,4.643723467133666,0.2975534434259961
2020-02-13 12:00:00,6.438962637883004,5.669739695935065,0.7692229419479393
2020-02-13 13:00:00,5.073408317046225,5.010112684442887,0.0632956326033387
2020-02-13 14:00:00,6.800414846437671,6.463798438494349,0.33661640794332204
2020-02-13 15:00:00,4.6111612226267065,4.8305636462400106,-0.2194024236133041
2020-02-13 16:00:00,5.078332859099282,5.4816468592338605,-0.4033140001345785
2020-02-13 17:00:00,5.9671576290206,5.95550592694093,0.011651702079670478
2020-02-13 18:00:00,3.188349945347036,3.5668315411417493,-0.3784815957947134
2020-02-13 19:00:00,6.775907703770597,6.665601452909214,0.11030625086138279
2020-02-13 20:00:00,8.683487785188571,7.967085612577947,0.7164021726106249
2020-02-13 21:00:00,5.419531217929082,5.690586503350956,-0.2710552854218742
2020-02-13 22:00:00,5.0847826592700045,5.230060857225881,-0.14527819795587682
2020-02-13 23:00:00,5.120338926666276,4.703365800273062,0.4169731263932146
2020-02-14 00:00:00,5.746474042894245,5.6160694845801755,0.13040455831406916
2020-02-14 01:00:00,5.358061897681729,5.417862509945611,-0.05980061226388145
2020-02-14 02:00:00,6.366267642484674,6.022415251717994,0.3438523907666804
2020-02-14 03:00:00,5.528729869242374,5.7123710162428925,-0.18364114700051815
2020-02-14 04:00:00,3.2836255737750983,3.379338645836885,-0.0957130720617867
2020-02-14 05:00:00,6.759257327033298,6.428345081528301,0.3309122455049973
2020-02-14 06:00:00,4.421698274254943,5.036372501118031,-0.6146742268630874
2020-02-14 07:00:00,5.709603172895842,5.876671759425137,-0.1670685865292949
2020-02-14 08:00:00,30.57754559204796,30.418080738051902,0.15946485399605947
2020-02-14 09:00:00,12.802681337607885,12.879391030689613,-0.07670969308172815
2020-02-14 10:00:00,23.72355085628573,23.93563100574762,-0.21208014946189024
2020-02-14 11:00:00,19.645785623313973,19.518014393965558,0.127771229348415
2020-02-14 12:00:00,8.813452570477258,9.567831817484748,-0.7543792470074902
2020-02-14 13:00:00,14.081782474703422,14.325830797228084,-0.24404832252466235
2020-02-14 14:00:00,10.00035911068112,9.27403842845837,0.7263206822227506
2020-02-14 15:00:00,9.80672794135823,9.480189890638467,0.32653805071976194
2020-02-14 16:00:00,8.360437136866436,8.746445925701206,-0.3860087888347703
2020-02-14 17:00:00,8.293282879040593,7.986831680063974,0.3064511989766192
2020-02-14 18:00:00,9.428191150399378,8.939709420115944,0.4884817302834339
2020-02-14 19:00:00,6.153862788418752,5.799460822485483,0.35440196593326867
2020-02-14 20:00:00,5.38933018568612,5.128371609463119,0.26095857622300134
2020-02-14 21:00:00,5.118351633021767,5.698275929794563,-0.5799242967727958
2020-02-14 22:00:00,4.860517771513257,5.225897665894719,-0.3653798943814621
2020-02-14 23:00:00,7.076137687687716,7.574204388989327,-0.4980667013016111
2020-02-15 00:00:00,8.108515344364777,7.908702719048674,0.19981262531610344
2020-02-15 01:00:00,6.410184402842416,6.328372288328798,0.08181211451361836
2020-02-15 02:00:00,4.733521705584975,4.667736833118127,0.06578487246684794
2020-02-15 03:00:00,9.11780214115488,9.14080338333869,-0.023001242183809723
2020-02-15 04:00:00,6.051009947959431,5.938046207228704,0.11296374073072624
2020-02-15 05:00:00,6.904978012086783,6.511523788013735,0.3934542240730483
2020-02-15 06:00:00,5.475443962624244,5.528412623152783,-0.052968660528539324
2020-02-15 07:00:00,6.837200323275356,6.800575412714915,0.03662491056044104
2020-02-15 08:00:00,6.341519235863295,5.98359242902395,0.35792680683934464
2020-02-15 09:00:00,4.614503085698473,4.717829217391754,-0.1033261316932812
2020-02-15 10:00:00,5.963485265949768,6.091879803051817,-0.1283945371020483
2020-02-15 11:00:00,5.172136663713495,5.018119909448965,0.15401675426453032
2020-02-15 12:00:00,5.4310958619162,5.823426848967615,-0.3923309870514151
2020-02-15 13:00:00,8.019766386374094,7.985078572454254,0.03468781391983988
2020-02-15 14:00:00,6.439418045107764,6.544839646632323,-0.1054216015245597
2020-02-15 15:00:00,8.776193556755528,8.788341623233917,-0.012148066478388841
2020-02-15 16:00:00,7.250441458224509,7.213256335555332,0.03718512266917706
2020-02-15 17:00:00,8.665245917222563,8.374691766019884,0.290554151202679
2020-02-15 18:00:00,4.180265466668399,4.18707712088088,-0.0068116542124805335
2020-02-15 19:00:00,4.266856548334565,4.50163009371807,-0.23477354538350514
2020-02-15 20:00:00,7.351771674847694,7.166137020733497,0.18563465411419688
2020-02-15 21:00:00,4.207123633677248,4.518521172501749,-0.31139753882450094
2020-02-15 22:00:00,5.046277286433153,5.47510646780334,-0.42882918137018766
2020-02-15 23:00:00,7.314747150426304,7.354975836612468,-0.04022868618616382
2020-02-16 00:00:00,7.104474651943835,6.750084874283202,0.35438977766063307
2020-02-16 01:00:00,5.210884965630392,5.627799028155002,-0.4169140625246106
2020-02-16 02:00:00,5.389311608318634,5.754304453399452,-0.36499284508081775
2020-02-16 03:00:00,7.339446366302625,7.229046088324813,0.1104002779778126
2020-02-16 04:00:00,6.532850057740802,6.718645388914022,-0.1857953311732201
2020-02-16 05:00:00,6.517023532645123,6.359746794718414,0.1572767379267086
2020-02-16 06:00:00,5.827504320523045,6.08342827459078,-0.25592395406773516
2020-02-16 07:00:00,7.157896100312379,7.172452769675648,-0.014556669363269492
2020-02-16 08:00:00,5.124804314343392,5.904473336752361,-0.7796690224089691
2020-02-16 09:00:00,4.473491978865559,5.396981199939763,-0.9234892210742034
2020-02-16 10:00:00,6.545815725683815,6.2905145699505605,0.25530115573325496
2020-02-16 11:00:00,5.356246629046895,5.693976315450659,-0.33772968640376355
2020-02-16 12:00:00,6.62825360677966,6.753178798439053,-0.12492519165939253
2020-02-16 13:00:00,6.087415073284082,5.918234959571352,0.16918011371272978
2020-02-16 14:00:00,4.957053989595232,5.564886333010986,-0.6078323434157547
2020-02-16 15:00:00,7.741930973608661,7.29526532610949,0.44666564749917104
2020-02-16 16:00:00,5.143741555525335,5.139719919028331,0.004021636497004266
2020-02-16 17:00:00,3.952175285392126,4.10538087472971,-0.15320558933758432
2020-02-16 18:00:00,3.140028485953574,2.767881202840348,0.37214728311322576
2020-02-16 19:00:00,14.146354255535838,13.656819333707944,0.4895349218278948
2020-02-16 20:00:00,14.137746187368922,14.075137699877043,0.06260848749187886
2020-02-16 21:00:00,12.607807723132868,12.603273572487492,0.004534150645376656
2020-02-16 22:00:00,12.311757557665953,12.199522424993793,0.11223513267215957
2020-02-16 23:00:00,10.563717517251758,10.351103805711404,0.2126137115403548
2020-02-17 00:00:00,16.514128288390808,16.33972476037369,0.17440352801711612
2020-02-17 01:00:00,12.933274636833088,13.167304717462597,-0.23403008062950903
2020-02-17 02:00:00,7.733980247638787,7.726228723994002,0.007751523644784264
2020-02-17 03:00:00,9.094781058717627,9.10171845435613,-0.006937395638502153
2020-02-17 04:00:00,8.137683537868005,7.864238180444233,0.2734453574237721
2020-02-17 05:00:00,8.846895658837878,8.410434584566266,0.4364610742716124
2020-02-17 06:00:00,6.3804679580795,6.022639797225689,0.35782816085381075
2020-02-17 07:00:00,6.751961750309182,6.785410482504382,-0.033448732195199504
2020-02-17 08:00:00,5.664555920226673,6.379822684270034,-0.7152667640433616
2020-02-17 09:00:00,5.837568440098588,6.4358723486793235,-0.5983039085807356
2020-02-17 10:00:00,8.297856046981483,8.491245363373391,-0.19338931639190804
2020-02-17 11:00:00,6.633736465629472,6.274157685266836,0.3595787803626358
2020-02-17 12:00:00,7.824000889595551,7.257212025902039,0.5667888636935121
2020-02-17 13:00:00,5.512030377748379,6.051957067996635,-0.5399266902482562
2020-02-17 14:00:00,6.043024621593307,6.541886820139387,-0.49886219854607994
2020-02-17 15:00:00,5.353249569457333,5.580008667605275,-0.2267590981479426
2020-02-17 16:00:00,6.70057447524643,6.9441695624469375,-0.24359508720050727
2020-02-17 17:00:00,6.073167892656737,6.030419539603886,0.04274835305285052
2020-02-17 18:00:00,3.012058637207556,2.872667268006034,0.13939136920152206
2020-02-17 19:00:00,6.164243899444331,5.015824518858871,1.1484193805854606
2020-02-17 20:00:00,6.865954843424169,6.443924498757316,0.42203034466685274
2020-02-17 21:00:00,6.529483616376293,6.486836042405467,0.04264757397082608
2020-02-17 22:00:00,3.7851265432013994,4.002085404083907,-0.2169588608825075
2020-02-17 23:00:00,6.685417205283768,6.469654410924424,0.2157627943593443
2020-02-18 00:00:00,7.026194220616286,7.135145819169689,-0.10895159855340264
2020-02-18 01:00:00,6.299165817190032,6.050141135103169,0.2490246820868638
2020-02-18 02:00:00,5.379817963884862,5.869174263661374,-0.48935629977651196
2020-02-18 03:00:00,6.83754440853669,6.762304814642728,0.07523959389396229
2020-02-18 04:00:00,5.485799057722149,5.603456564493464,-0.11765750677131503
2020-02-18 05:00:00,32.17556750631401,32.112147290954034,0.06342021535997588
2020-02-18 06:00:00,32.09543901164638,32.108974616566236,-0.013535604919859168
2020-02-18 07:00:00,13.98146537284308,14.018347024851439,-0.03688165200835769
2020-02-18 08:00:00,13.173795287626714,13.574673289503648,-0.4008780018769347
2020-02-18 09:00:00,12.317270289770194,12.312567090254321,0.00470319951587328
2020-02-18 10:00:00,14.725217428235812,15.116096299281603,-0.3908788710457909
2020-02-18 11:00:00,12.298841165662532,12.155257092481861,0.143584073180671
2020-02-18 12:00:00,8.747294659178479,8.787399847908778,-0.040105188730299446
2020-02-18 13:00:00,9.047867694915364,8.700599823138528,0.34726787177683605
2020-02-18 14:00:00,11.447251586848834,11.071849649414888,0.3754019374339457
2020-02-18 15:00:00,7.895872183899644,7.6365424666031005,0.2593297172965432
2020-02-18 16:00:00,7.292502242473573,7.113886029224136,0.17861621324943666
2020-02-18 17:00:00,5.077841646788869,6.1480396062864875,-1.0701979594976185
2020-02-18 18:00:00,8.373638038600907,8.261987816880552,0.11165022172035499
2020-02-18 19:00:00,4.262312806326517,4.044445863610621,0.21786694271589635
2020-02-18 20:00:00,6.647055012409296,6.788228477390408,-0.1411734649811125
2020-02-18 21:00:00,7.647857546672775,8.244764753218304,-0.596907206545529
2020-02-18 22:00:00,5.739452348067596,5.9010371521934495,-0.1615848041258534
2020-02-18 23:00:00,7.3043444433373725,7.0841155717579305,0.22022887157944204
2020-02-19 00:00:00,4.778054882605154,4.537336684869467,0.2407181977356876
2020-02-19 01:00:00,5.730629923656678,5.727015739985015,0.003614183671662552
2020-02-19 02:00:00,6.879564554684172,6.795705776271141,0.08385877841303113
2020-02-19 03:00:00,6.5036700660354185,6.822004904788898,-0.31833483875347923
2020-02-19 04:00:00,6.36238470542225,5.935047104191598,0.42733760123065156
2020-02-19 05:00:00,5.818683037953472,6.029407843471166,-0.21072480551769335
2020-02-19 06:00:00,7.706192883059687,7.514541133977721,0.19165174908196647
2020-02-19 07:00:00,4.945038597293774,5.0787346971775955,-0.1336960998838217
2020-02-19 08:00:00,5.93214102805574,5.92433356885533,0.0078074592004098164
2020-02-19 09:00:00,2.8607878050886004,3.051412524296361,-0.19062471920776058
2020-02-19 10:00:00,8.489001565353686,8.075810322075492,0.41319124327819345
2020-02-19 11:00:00,4.778460273678291,5.261116027981866,-0.48265575430357543
2020-02-19 12:00:00,4.736853013455979,5.123564306530135,-0.3867112930741552
2020-02-19 13:00:00,7.589176956555602,7.017882167783602,0.5712947887719997
2020-02-19 14:00:00,7.597820455718337,7.30240627050151,0.2954141852168277
2020-02-19 15:00:00,6.295547390898309,6.202977995883136,0.09256939501517358
2020-02-19 16:00:00,7.454129512634017,7.767471924283175,-0.3133424116491579
2020-02-19 17:00:00,5.207216489017957,4.854646888077278,0.35256960094067846
2020-02-19 18:00:00,6.182560387958744,6.386115567673805,-0.2035551797150612
2020-02-19 19:00:00,4.762082468778616,4.924107842718722,-0.1620253739401054
2020-02-19 20:00:00,7.16567777610754,7.372470545731548,-0.20679276962400817
2020-02-19 21:00:00,8.141174051510543,7.493995393556179,0.6471786579543641
2020-02-19 22:00:00,15.20652284093239,14.975024062516992,0.23149877841539812
2020-02-19 23:00:00,10.831637978339174,11.686422607955818,-0.8547846296166437
2020-02-20 00:00:00,12.462217011694715,12.39617247297298,0.06604453872173544
2020-02-20 01:00:00,16.722333462277472,16.502838823738966,0.2194946385385066
2020-02-20 02:00:00,10.4690291516447,10.38896961197856,0.08005953966613966
2020-02-20 03:00:00,9.292248873410092,9.223433549461797,0.0688153239482947
2020-02-20 04:00:00,11.944637973945529,11.733837160837368,0.21080081310816112
2020-02-20 05:00:00,8.891815363854425,9.189425725820941,-0.297610361966516
2020-02-20 06:00:00,5.7177066987764364,5.734362144544904,-0.01665544576846756
2020-02-20 07:00:00,11.068004699564083,11.556602829258399,-0.4885981296943154
2020-02-20 08:00:00,7.767134857619903,7.395410007209881,0.3717248504100219
2020-02-20 09:00:00,5.314714952178679,5.6380501442687665,-0.3233351920900871
2020-02-20 10:00:00,6.263041640364257,6.038856111290994,0.22418552907326283
2020-02-20 11:00:00,5.044609821800426,4.620479505153161,0.42413031664726564
2020-02-20 12:00:00,6.419809453901559,6.096303986034013,0.3235054678675455
2020-02-20 13:00:00,5.609383593232528,6.17228669710228,-0.5629031038697514
2020-02-20 14:00:00,7.780453786026353,7.879281106474984,-0.09882732044863118
2020-02-20 15:00:00,7.359541706286981,7.791026815691071,-0.4314851094040897
2020-02-20 16:00:00,6.43087778911503,6.659468631951966,-0.22859084283693587
2020-02-20 17:00:00,5.135991325723907,5.321069949915681,-0.18507862419177368
2020-02-20 18:00:00,5.354044581321868,5.496016763167315,-0.14197218184544713
2020-02-20 19:00:00,5.822676409832003,6.0727745424870685,-0.2500981326550651
2020-02-20 20:00:00,5.387226036716702,5.525468195391833,-0.13824215867513168
2020-02-20 21:00:00,6.188837378699173,6.132159683119551,0.05667769557962199
2020-02-20 22:00:00,5.911826114143024,5.764205412557009,0.1476207015860158
2020-02-20 23:00:00,5.774839945833595,5.74610402737472,0.028735918458874465
2020-02-21 00:00:00,5.205165131838616,5.418631788006612,-0.21346665616799676
2020-02-21 01:00:00,6.48682845987615,6.211876199911426,0.2749522599647234
2020-02-21 02:00:00,5.555304510199105,5.42760471128462,0.12769979891448457
2020-02-21 03:00:00,4.211945359900058,4.733878099652059,-0.5219327397520006
2020-02-21 04:00:00,7.007638934047872,6.676210127402621,0.3314288066452509
2020-02-21 05:00:00,6.430050953959992,6.580222424480467,-0.15017147052047441
2020-02-21 06:00:00,4.750586266304772,4.666138766555736,0.08444749974903587
2020-02-21 07:00:00,5.573954022773341,5.9434464333959385,-0.3694924106225974
2020-02-21 08:00:00,5.594252970527919,6.357913434632429,-0.7636604641045093
2020-02-21 09:00:00,5.758054053345809,5.766102722109604,-0.008048668763795064
2020-02-21 10:00:00,5.115924983976603,5.337723707789284,-0.22179872381268062
2020-02-21 11:00:00,5.286213191645466,5.405550599656364,-0.11933740801089865
2020-02-21 12:00:00,7.461117566657485,7.111540872346224,0.3495766943112608
2020-02-21 13:00:00,7.286622847619171,7.1866541530337065,0.09996869458546431
2020-02-21 14:00:00,7.0070939204204485,6.7620147120568275,0.24507920836362107
2020-02-21 15:00:00,7.295457097190433,7.400080302011843,-0.10462320482140974
2020-02-21 16:00:00,7.106637700045471,6.738315816105803,0.36832188393966714
2020-02-21 17:00:00,5.356126601126063,5.6413091304834575,-0.2851825293573942
2020-02-21 18:00:00,6.833607532975352,6.69744471538877,0.13616281758658122
2020-02-21 19:00:00,6.92553375944239,6.67044732323133,0.25508643621105964
2020-02-21 20:00:00,6.1219834686136,6.722009011516985,-0.600025542903385
2020-02-21 21:00:00,5.601686849537595,5.429908480897185,0.17177836864040952
2020-02-21 22:00:00,7.698763115340312,7.427265496427483,0.27149761891282864
2020-02-21 23:00:00,7.568080089061914,7.547404984199169,0.02067510486274582
2020-02-22 00:00:00,6.863925430074419,6.475759571103018,0.38816585897140055
2020-02-22 01:00:00,6.792987960495808,6.638865489903348,0.1541224705924602
2020-02-22 02:00:00,5.5850241696294685,5.902893172551705,-0.31786900292223663
2020-02-22 03:00:00,6.233892946130273,6.238315816292733,-0.004422870162460235
2020-02-22 04:00:00,5.487519062532607,5.5162626404192014,-0.028743577886594096
2020-02-22 05:00:00,5.285425470691041,5.144089566273093,0.1413359044179474
2020-02-22 06:00:00,4.724858487433875,4.841924352379688,-0.11706586494581295
2020-02-22 07:00:00,7.40201338758208,7.65084981480771,-0.24883642722562982
2020-02-22 08:00:00,6.142666633799596,6.042807641517005,0.09985899228259143
2020-02-22 09:00:00,5.634879900488448,5.463307132584585,0.17157276790386344
2020-02-22 10:00:00,6.407482555781245,6.538015424638045,-0.13053286885680038
2020-02-22 11:00:00,6.329304041448843,6.481195431291746,-0.15189138984290285
2020-02-22 12:00:00,5.286328721321816,5.501745888473758,-0.21541716715194248
2020-02-22 13:00:00,5.375332438414389,5.89744162053977,-0.5221091821253818
2020-02-22 14:00:00,5.83931203644445,6.426967960221835,-0.5876559237773851
2020-02-22 15:00:00,8.020209583947068,8.018536376519114,0.001673207427954182
2020-02-22 16:00:00,6.338872854834776,6.375412209519836,-0.03653935468506031
2020-02-22 17:00:00,5.026527027966524,5.664388004873534,-0.6378609769070103
2020-02-22 18:00:00,6.2846014946047,5.860871133629612,0.423730360975088
2020-02-22 19:00:00,6.33237713844829,6.677230374623482,-0.3448532361751919
2020-02-22 20:00:00,6.682030847983752,5.9638084330608,0.7182224149229519
2020-02-22 21:00:00,5.249541785917287,5.541321887285181,-0.2917801013678947
2020-02-22 22:00:00,4.946438175038738,4.902983666116128,0.04345450892260949
2020-02-22 23:00:00,5.361436774072447,5.973144624198185,-0.6117078501257378
2020-02-23 00:00:00,7.335338277491731,7.295620449637036,0.039717827854695464
2020-02-23 01:00:00,12.185596653488538,11.95130784390253,0.23428880958600828
2020-02-23 02:00:00,13.214716364615375,13.132817073400705,0.0818992912146701
2020-02-23 03:00:00,11.5192890434048,11.325156983567346,0.19413205983745385
2020-02-23 04:00:00,15.230511459762484,14.934773787095759,0.2957376726667249
2020-02-23 05:00:00,15.956659855937398,15.79058684879496,0.16607300714243678
2020-02-23 06:00:00,12.664021291542184,12.594008011659646,0.07001327988253792
2020-02-23 07:00:00,7.605035079877854,7.900127409781534,-0.29509232990368073
2020-02-23 08:00:00,35.41171146679063,35.47317195191559,-0.06146048512496094
2020-02-23 09:00:00,11.450372802910277,11.525773050176838,-0.07540024726656114
2020-02-23 10:00:00,26.20657644574801,26.10352510250273,0.10305134324527998
2020-02-23 11:00:00,13.670374307542108,13.76683186367079,-0.09645755612868179
2020-02-23 12:00:00,12.557798919219788,12.408934332506737,0.14886458671305114
2020-02-23 13:00:00,15.302176500508995,15.435364913690265,-0.13318841318126928
2020-02-23 14:00:00,17.456680866554848,17.148691898845428,0.3079889677094201
2020-02-23 15:00:00,16.197170152801935,16.10481795364099,0.0923521991609455
2020-02-23 16:00:00,9.711912990968074,10.08234818622423,-0.37043519525615665
2020-02-23 17:00:00,11.147680325205624,10.76263795272096,0.3850423724846639
2020-02-23 18:00:00,8.014040039868856,7.998019361315985,0.016020678552870926
2020-02-23 19:00:00,10.065678942389466,10.021240545788178,0.04443839660128823
2020-02-23 20:00:00,8.985498881694172,8.880285936649855,0.10521294504431644
2020-02-23 21:00:00,7.431631607844222,7.3522934375184565,0.07933817032576584
2020-02-23 22:00:00,5.150671911032781,5.44710181047423,-0.29642989944144915
2020-02-23 23:00:00,6.632614060891732,6.652002602512768,-0.019388541621036204
2020-02-24 00:00:00,7.763360747806543,7.509465680381421,0.25389506742512236
2020-02-24 01:00:00,4.266213922488495,4.440501212468743,-0.17428728998024834
2020-02-24 02:00:00,6.477519286258808,6.648183013617569,-0.170663727358761
2020-02-24 03:00:00,6.21255768550572,6.1015557840189665,0.1110019014867536
2020-02-24 04:00:00,7.817836900243917,7.639201813188474,0.17863508705544362
2020-02-24 05:00:00,7.8030818978500225,7.602352690051349,0.20072920779867331
2020-02-24 06:00:00,7.415331229727442,7.413909088381792,0.0014221413456496634
2020-02-24 07:00:00,8.288625386263382,8.261682562304875,0.02694282395850678
2020-02-24 08:00:00,7.686387680257788,7.538560497396648,0.14782718286113994
2020-02-24 09:00:00,5.829268507942182,6.048647356568484,-0.21937884862630153
2020-02-24 10:00:00,7.48949068546466,6.3554489778776535,1.1340417075870066
2020-02-24 11:00:00,9.128262503869298,9.142069897172352,-0.013807393303054027
2020-02-24 12:00:00,5.41081615324435,5.259754198700263,0.15106195454408677
2020-02-24 13:00:00,5.7446514131199,5.646982039214815,0.09766937390508534
2020-02-24 14:00:00,6.883059182603151,7.036987112261786,-0.15392792965863578
2020-02-24 15:00:00,8.535244148903644,7.410513717657909,1.1247304312457347
2020-02-24 16:00:00,6.713418543045522,7.142989796103806,-0.4295712530582838
2020-02-24 17:00:00,7.4734365454525955,7.5160232293185185,-0.042586683865923014
2020-02-24 18:00:00,8.460101821079721,7.884796707573535,0.5753051135061868
2020-02-24 19:00:00,6.6449484873834574,6.763348768557243,-0.11840028117378587
2020-02-24 20:00:00,5.362437781178502,5.598231542255804,-0.23579376107730177
2020-02-24 21:00:00,7.696938649849862,7.5012972180347015,0.1956414318151607
2020-02-24 22:00:00,5.744570832875923,6.481990206565396,-0.7374193736894723
2020-02-24 23:00:00,6.256281751411135,6.591037358297809,-0.3347556068866746
2020-02-25 00:00:00,5.876237087917853,5.855239770910124,0.02099731700772889
2020-02-25 01:00:00,4.864946662442826,4.9228202730352875,-0.057873610592461766
2020-02-25 02:00:00,5.835124134406316,6.287469671823254,-0.45234553741693784
2020-02-25 03:00:00,5.173098921423443,5.140314865585088,0.03278405583835475
2020-02-25 04:00:00,4.801715803034312,4.660355063914007,0.1413607391203051
2020-02-25 05:00:00,5.613596278378098,5.758491938188182,-0.1448956598100839
2020-02-25 06:00:00,5.913473737636335,6.081010815099343,-0.16753707746300783
2020-02-25 07:00:00,7.281645872709277,7.620679079945768,-0.3390332072364908
2020-02-25 08:00:00,6.366957922636737,6.803425452011961,-0.43646752937522404
2020-02-25 09:00:00,7.28050284762613,7.226586763161648,0.053916084464482594
2020-02-25 10:00:00,6.425440317101348,6.2410532527481575,0.1843870643531904
2020-02-25 11:00:00,6.559731066148053,6.935514170170379,-0.37578310402232606
2020-02-25 12:00:00,7.108595804517719,6.466942441888731,0.641653362628988
2020-02-25 13:00:00,7.009066911919435,6.690308633637534,0.3187582782819005
2020-02-25 14:00:00,5.188136474169785,5.389646778572157,-0.2015103044023716
2020-02-25 15:00:00,8.57456605308627,8.546161954590596,0.028404098495673935
2020-02-25 16:00:00,6.430948016186846,6.563032842409312,-0.13208482622246542
2020-02-25 17:00:00,7.046902640322188,6.743779275137889,0.30312336518429905
2020-02-25 18:00:00,12.25764060917201,12.212275893218099,0.04536471595391056
2020-02-25 19:00:00,31.61462214818873,31.273898475172363,0.34072367301636675
2020-02-25 20:00:00,10.609056832047555,11.02841444513978,-0.41935761309222563
2020-02-25 21:00:00,11.00920885573555,11.23722709287666,-0.2280182371411108
2020-02-25 22:00:00,10.560945241027474,10.365205592591312,0.19573964843616132
2020-02-25 23:00:00,15.43122716323651,15.931865717667788,-0.5006385544312781
2020-02-26 00:00:00,15.92886621663297,15.955942264298903,-0.027076047665932634
2020-02-26 01:00:00,11.419499687253262,11.845091069265573,-0.4255913820123105
2020-02-26 02:00:00,8.66278527598046,8.820626341017565,-0.15784106503710582
2020-02-26 03:00:00,7.64447705437419,7.467062790506527,0.17741426386766257
2020-02-26 04:00:00,9.891625059070742,9.411889696520232,0.4797353625505103
2020-02-26 05:00:00,6.700513046104447,6.935407858592908,-0.2348948124884611
2020-02-26 06:00:00,8.381608173320549,8.326071592974673,0.055536580345876274
2020-02-26 07:00:00,7.453814399340783,7.184122699955847,0.26969169938493565
2020-02-26 08:00:00,7.704760112639972,7.961943378023698,-0.25718326538372605
2020-02-26 09:00:00,7.308220306867263,6.819374545352648,0.48884576151461445
2020-02-26 10:00:00,6.0675974112536695,6.479987094007958,-0.4123896827542888
2020-02-26 11:00:00,5.617415746219396,5.570848702258206,0.046567043961189825
2020-02-26 12:00:00,7.421362246996184,7.336054129482579,0.08530811751360456
2020-02-26 13:00:00,6.5396298057968405,6.03394418277782,0.5056856230190201
2020-02-26 14:00:00,5.955835259675018,6.477447208208363,-0.5216119485333452
2020-02-26 15:00:00,8.411955314352012,8.331674857160197,0.0802804571918152
2020-02-26 16:00:00,6.942646396775047,7.0326097335092985,-0.08996333673425116
2020-02-26 17:00:00,5.91833913569565,6.187747060977986,-0.26940792528233626
2020-02-26 18:00:00,6.137730100107684,5.834780136492794,0.30294996361489
2020-02-26 19:00:00,8.126146600497673,7.448225332783281,0.6779212677143924
2020-02-26 20:00:00,5.007290525696496,5.678427404967678,-0.6711368792711818
2020-02-26 21:00:00,7.04617521287866,6.820767298021135,0.22540791485752543
2020-02-26 22:00:00,7.538633076220208,7.80955118292241,-0.27091810670220173
2020-02-26 23:00:00,10.729268515527624,10.508690217046196,0.22057829848142774
2020-02-27 00:00:00,7.188275958506359,6.938980616367634,0.2492953421387245
2020-02-27 01:00:00,4.434710490687783,4.675303773512254,-0.240593282824471
2020-02-27 02:00:00,6.032208702606827,5.748079799460134,0.2841289031466925
2020-02-27 03:00:00,6.863007818698916,7.097941791185032,-0.23493397248611547
2020-02-27 04:00:00,8.08194480432198,7.873821313670122,0.20812349065185742
2020-02-27 05:00:00,8.180293153387469,7.115233527855384,1.0650596255320846
2020-02-27 06:00:00,7.002903586898826,6.698111729414086,0.3047918574847399
2020-02-27 07:00:00,5.278279755313466,5.627611446804948,-0.34933169149148124
2020-02-27 08:00:00,8.157793731429893,8.456171757647974,-0.2983780262180815
2020-02-27 09:00:00,5.6584820159726,5.756290967345087,-0.09780895137248624
2020-02-27 10:00:00,7.033568381346736,7.408260117179256,-0.3746917358325197
2020-02-27 11:00:00,5.921269638639844,5.653093630617043,0.2681760080228006
2020-02-27 12:00:00,6.498168775540212,6.600221233416819,-0.10205245787660644
2020-02-27 13:00:00,8.833445333745743,8.827963709405156,0.005481624340587743
2020-02-27 14:00:00,6.0812670728771145,5.8366877183572425,0.244579354519872
2020-02-27 15:00:00,12.697623166038408,13.004330012258542,-0.3067068462201341
2020-02-27 16:00:00,34.23010162997907,34.344723677789005,-0.11462204780993801
2020-02-27 17:00:00,24.22930149742921,24.47681535568131,-0.24751385825210193
2020-02-27 18:00:00,23.422392487673907,22.955268363103546,0.46712412457036123
2020-02-27 19:00:00,13.735904896305778,13.364245706734216,0.3716591895715613
2020-02-27 20:00:00,19.44112852229524,18.17660906377392,1.2645194585213204
2020-02-27 21:00:00,12.323981750660094,11.906545109374997,0.4174366412850965
2020-02-27 22:00:00,16.59088274077731,16.492143388801573,0.09873935197573758
2020-02-27 23:00:00,16.537448389590594,16.169854288986592,0.367594100604002
2020-02-28 00:00:00,8.476368644506618,8.30073896908424,0.17562967542237828
2020-02-28 01:00:00,7.069010130744443,7.045598556794393,0.023411573950050446
2020-02-28 02:00:00,14.214111457233289,13.818085094836446,0.3960263623968423
2020-02-28 03:00:00,29.64761329281992,29.647495600123303,0.00011769269661598969
2020-02-28 04:00:00,12.411229312693106,12.474100253162224,-0.0628709404691179
2020-02-28 05:00:00,20.110403824861923,20.33075068423724,-0.22034685937531862
2020-02-28 06:00:00,20.384277300892787,20.19531259489446,0.18896470599832682
2020-02-28 07:00:00,15.905094382151052,15.908667429070825,-0.003573046919772338
2020-02-28 08:00:00,11.192475561509683,11.227012046415064,-0.03453648490538086
2020-02-28 09:00:00,7.205161509698518,7.719587007155865,-0.5144254974573466
2020-02-28 10:00:00,8.804222656642438,8.82730565779998,-0.023083001157543137
2020-02-28 11:00:00,8.834589547311708,8.040831359061,0.7937581882507079
2020-02-28 12:00:00,7.767352633980671,7.358915017603567,0.4084376163771042
2020-02-28 13:00:00,6.183002833337505,6.616714495574055,-0.4337116622365498
2020-02-28 14:00:00,8.075715610671791,8.122122696144107,-0.04640708547231576
2020-02-28 15:00:00,7.167469918504071,6.981316431498499,0.18615348700557188
2020-02-28 16:00:00,7.201720720303749,6.706778522226223,0.49494219807752593
2020-02-28 17:00:00,7.612249485637597,8.067248387672441,-0.45499890203484394
2020-02-28 18:00:00,6.247364088541977,6.087164226144541,0.16019986239743567
2020-02-28 19:00:00,5.932401124698022,6.112619317977457,-0.1802181932794351
2020-02-28 20:00:00,3.563627713414705,4.192430046243946,-0.6288023328292414
2020-02-28 21:00:00,7.557722190073315,8.034488615175519,-0.4767664251022037
2020-02-28 22:00:00,36.42570385995942,36.14572593688665,0.2799779230727708
2020-02-28 23:00:00,24.856404691784807,24.335601518736034,0.5208031730487725
2020-02-29 00:00:00,13.941199655465375,14.500488144891483,-0.5592884894261072
2020-02-29 01:00:00,21.429958026666085,21.341480891952017,0.08847713471406848
2020-02-29 02:00:00,10.600241653486671,11.186986795976857,-0.5867451424901855
2020-02-29 03:00:00,17.005681263616506,16.978139468297247,0.02754179531925871
2020-02-29 04:00:00,9.100288499054534,9.09651367748296,0.0037748215715733835
2020-02-29 05:00:00,8.440805239852601,8.23566481984663,0.20514042000597144
2020-02-29 06:00:00,11.860371850425418,11.572839119389261,0.2875327310361566
2020-02-29 07:00:00,9.94918866495161,10.260489368207082,-0.31130070325547265
2020-02-29 08:00:00,12.148095177959371,12.370912236455782,-0.22281705849641043
2020-02-29 09:00:00,7.86622312206579,7.516399968245336,0.3498231538204539
2020-02-29 10:00:00,7.156469900241599,7.0791540994818645,0.07731580075973454
2020-02-29 11:00:00,7.206269304438995,6.8225409226001945,0.3837283818388002
2020-02-29 12:00:00,7.011360751738878,7.346065389334234,-0.3347046375953555
2020-02-29 13:00:00,6.363861878767468,6.351292058601608,0.012569820165859724
2020-02-29 14:00:00,5.84847862720925,5.592101120169988,0.25637750703926176
2020-02-29 15:00:00,6.6581491474586,6.226460866684135,0.4316882807744653
2020-02-29 16:00:00,8.707378878967376,7.836433049133252,0.8709458298341239
2020-02-29 17:00:00,9.208131074574789,9.080146868360496,0.1279842062142933
2020-02-29 18:00:00,5.462734769626454,5.7584666174900425,-0.2957318478635882
2020-02-29 19:00:00,6.857424658556876,7.017850707448012,-0.16042604889113665
2020-02-29 20:00:00,5.357163301324278,5.34694592365824,0.010217377666037919
2020-02-29 21:00:00,8.685581579976942,8.401362194685714,0.2842193852912285
2020-02-29 22:00:00,5.866346541648221,5.313050932192667,0.5532956094555539
2020-02-29 23:00:00,7.452852316318315,7.288743214908072,0.1641091014102427
2020-03-01 00:00:00,7.67316695530481,7.325125375876136,0.3480415794286733
2020-03-01 01:00:00,6.728278866309984,6.6920168119279815,0.036262054382002695
2020-03-01 02:00:00,4.764522500815557,5.480741656901663,-0.7162191560861055
2020-03-01 03:00:00,5.26161375429191,5.443635495105212,-0.18202174081330202
2020-03-01 04:00:00,5.2443720208404825,5.707968159823434,-0.46359613898295127
2020-03-01 05:00:00,7.213401547708171,7.103655815080495,0.10974573262767606
2020-03-01 06:00:00,5.898786935218219,6.40452299936226,-0.5057360641440409
2020-03-01 07:00:00,6.429095782879632,6.6997227081076804,-0.2706269252280489
2020-03-01 08:00:00,8.206564209445416,7.223038775269979,0.9835254341754371
2020-03-01 09:00:00,6.128575686832433,6.323871721622444,-0.1952960347900108
2020-03-01 10:00:00,5.954576904936873,5.949121825007454,0.005455079929419071
2020-03-01 11:00:00,8.084208577837048,8.23754506115695,-0.15333648331990268
2020-03-01 12:00:00,7.876692670526962,7.515312387859085,0.36138028266787714
2020-03-01 13:00:00,6.3189438943489336,6.781533565640709,-0.4625896712917754
2020-03-01 14:00:00,5.263068563967377,5.703565155806385,-0.4404965918390076
2020-03-01 15:00:00,7.494136743821818,7.5887380896938765,-0.09460134587205893
2020-03-01 16:00:00,5.479471821801881,5.806277102034679,-0.3268052802327981
2020-03-01 17:00:00,6.091175896075043,6.070754668690209,0.020421227384834317
2020-03-01 18:00:00,7.495960154930854,7.6191608574167144,-0.12320070248586035
2020-03-01 19:00:00,6.552345000579919,6.303350763938162,0.24899423664175746
2020-03-01 20:00:00,6.981171318605291,6.500458770193766,0.48071254841152555
2020-03-01 21:00:00,6.924778774471423,6.831516144015607,0.09326263045581573
2020-03-01 22:00:00,11.975028000605375,12.169729749354522,-0.19470174874914647
2020-03-01 23:00:00,25.91032474593893,25.172683170814377,0.7376415751245524
2020-03-02 00:00:00,11.010298426160457,11.411256236730589,-0.4009578105701319
2020-03-02 01:00:00,11.221546961871583,11.011936322449058,0.20961063942252522
2020-03-02 02:00:00,18.93533936156284,18.359093005970305,0.5762463555925343
2020-03-02 03:00:00,14.197883662749884,14.11999800612359,0.07788565662629487
2020-03-02 04:00:00,7.308788962346882,7.95075826003703,-0.6419692976901477
2020-03-02 05:00:00,10.878341687597782,11.211128940688251,-0.3327872530904692
2020-03-02 06:00:00,12.336089606539792,12.150229552735501,0.18586005380429071
2020-03-02 07:00:00,8.343784715515477,8.35616222641939,-0.012377510903911926
2020-03-02 08:00:00,6.7872277606596825,6.549892058099252,0.23733570256043013
2020-03-02 09:00:00,8.240082538893853,7.726763882797619,0.5133186560962342
2020-03-02 10:00:00,32.540922092798425,32.255485120453194,0.2854369723452308
2020-03-02 11:00:00,31.89586630674602,31.573631238787492,0.32223506795852686
2020-03-02 12:00:00,23.90256027465152,23.864779553233745,0.037780721417775
2020-03-02 13:00:00,22.312665096244945,22.51273349276443,-0.20006839651948383
2020-03-02 14:00:00,19.055982605220105,18.92392471768274,0.13205788753736414
2020-03-02 15:00:00,13.37017311216597,13.0993138557022,0.27085925646377085
2020-03-02 16:00:00,14.350946804792402,14.82363750910579,-0.4726907043133881
2020-03-02 17:00:00,10.45419284303831,10.107655069898112,0.3465377731401986
2020-03-02 18:00:00,8.728901215850467,9.00294183674722,-0.27404062089675385
2020-03-02 19:00:00,11.710928939135032,11.65424564322525,0.056683295909781606
2020-03-02 20:00:00,6.63174773033325,7.113342297507238,-0.4815945671739881
2020-03-02 21:00:00,7.565897818957659,7.969347024679778,-0.4034492057221195
2020-03-02 22:00:00,5.006983129627854,5.1307710561417075,-0.12378792651385329
2020-03-02 23:00:00,5.723385013601254,6.217597037183697,-0.49421202358244276
2020-03-03 00:00:00,7.024124570721981,7.011556415243764,0.01256815547821688
2020-03-03 01:00:00,8.709314380903043,8.639501598765781,0.06981278213726227
2020-03-03 02:00:00,11.652815694840964,11.47716630819329,0.17564938664767382
2020-03-03 03:00:00,8.219251599376552,8.283041921513652,-0.06379032213710012
2020-03-03 04:00:00,6.376775470076471,5.8445071507776944,0.5322683192987769
2020-03-03 05:00:00,5.821224588623597,5.872383471954895,-0.05115888333129792
2020-03-03 06:00:00,7.3413791506328065,7.004649132796744,0.3367300178360626
2020-03-03 07:00:00,6.402626283478377,6.790490965593376,-0.3878646821149987
2020-03-03 08:00:00,5.246595946869787,5.073957477136222,0.172638469733565
2020-03-03 09:00:00,7.683518596759329,7.762819396649649,-0.07930079989031924
2020-03-03 10:00:00,7.168626899591826,7.243206579707153,-0.07457968011532756
2020-03-03 11:00:00,4.608912738239558,4.982293084740904,-0.37338034650134677
2020-03-03 12:00:00,6.735100040081624,7.132322590820949,-0.39722255073932455
2020-03-03 13:00:00,6.605934738787551,6.7199536182269926,-0.11401887943944189
2020-03-03 14:00:00,6.521793904351837,6.674351765242179,-0.15255786089034196
2020-03-03 15:00:00,7.50268229842265,7.5605563474409605,-0.05787404901831028
2020-03-03 16:00:00,5.550850843743987,5.622662011514577,-0.07181116777058971
2020-03-03 17:00:00,6.368863499492943,6.46142782073491,-0.09256432124196667
2020-03-03 18:00:00,7.272877875891424,7.043703517256526,0.22917435863489732
2020-03-03 19:00:00,6.048959701504366,6.220169733833955,-0.1712100323295891
2020-03-03 20:00:00,12.315244365062862,12.371802240840454,-0.056557875777592415
2020-03-03 21:00:00,34.79347166124224,34.91938566637744,-0.12591400513519346
2020-03-03 22:00:00,12.36174458433219,12.38825935724947,-0.026514772917280993
2020-03-03 23:00:00,23.679810402395653,24.15985313748834,-0.48004273509268813
2020-03-04 00:00:00,21.228214682286072,20.9995196962395,0.22869498604657323
2020-03-04 01:00:00,10.472929272893529,10.582160080990551,-0.10923080809702235
2020-03-04 02:00:00,10.461969329608005,10.872429900865308,-0.4104605712573033
2020-03-04 03:00:00,7.132437761722104,7.43823723510632,-0.30579947338421576
2020-03-04 04:00:00,8.72199468463182,8.713499900265395,0.008494784366424923
2020-03-04 05:00:00,9.781743675669317,9.70765980533453,0.07408387033478725
2020-03-04 06:00:00,12.051858808807356,12.115812187629915,-0.0639533788225588
2020-03-04 07:00:00,7.637689161628805,8.03187388969663,-0.3941847280678248
2020-03-04 08:00:00,10.38222049458894,10.309261313382187,0.0729591812067536
2020-03-04 09:00:00,7.315390459336854,7.253842050230203,0.061548409106650936
2020-03-04 10:00:00,5.80751190059812,5.887619977738948,-0.08010807714082802
2020-03-04 11:00:00,7.002011759244006,6.8765654551723605,0.12544630407164536
2020-03-04 12:00:00,6.616681799902016,6.836998930542995,-0.22031713064097858
2020-03-04 13:00:00,7.135694794456127,7.15395146597833,-0.018256671522203227
2020-03-04 14:00:00,6.891941397254151,7.29160659809814,-0.39966520084398915
2020-03-04 15:00:00,8.490668972716035,8.337755300192514,0.15291367252352117
2020-03-04 16:00:00,6.882150260020836,6.599713235642025,0.2824370243788108
2020-03-04 17:00:00,4.501915984054769,4.177396709678796,0.32451927437597305
2020-03-04 18:00:00,6.268100538749133,6.192581054797326,0.07551948395180652
2020-03-04 19:00:00,7.768853567093081,7.6070023152062,0.16185125188688065
2020-03-04 20:00:00,7.445127733273309,7.539384344816748,-0.09425661154343867
2020-03-04 21:00:00,7.051316696594797,7.6646939777724885,-0.6133772811776916
2020-03-04 22:00:00,5.869245297037953,6.101901559065905,-0.23265626202795264
2020-03-04 23:00:00,9.219993313234772,10.246977706425158,-1.0269843931903857
2020-03-05 00:00:00,7.063534645866105,6.647626723754683,0.4159079221114226
2020-03-05 01:00:00,6.310602402746415,6.8064759589668675,-0.49587355622045237
2020-03-05 02:00:00,5.622135643756976,6.036003164890794,-0.41386752113381853
2020-03-05 03:00:00,7.387355443168522,7.061580686506917,0.3257747566616045
2020-03-05 04:00:00,6.772445248900024,7.4847300020024585,-0.7122847531024341
2020-03-05 05:00:00,7.040521273962628,6.9637376068792,0.07678366708342743
2020-03-05 06:00:00,7.225118572137386,7.389001820356299,-0.1638832482189132
2020-03-05 07:00:00,5.961397327031476,5.449889821280803,0.5115075057506733
2020-03-05 08:00:00,6.533276187874424,6.377379079328361,0.1558971085460632
2020-03-05 09:00:00,9.8555447145874,9.061882428547385,0.7936622860400142
2020-03-05 10:00:00,7.019791069496445,6.714145666506079,0.3056454029903657
2020-03-05 11:00:00,5.989598404461608,6.428377643171991,-0.4387792387103824
2020-03-05 12:00:00,8.30419079299773,8.990161063755625,-0.6859702707578954
2020-03-05 13:00:00,6.663492003968995,6.818614019573774,-0.15512201560477923
2020-03-05 14:00:00,7.885415821372806,7.684814819396597,0.20060100197620923
2020-03-05 15:00:00,4.247964330191522,4.742793662108887,-0.4948293319173649
2020-03-05 16:00:00,7.927636713143366,7.762285918814375,0.16535079432899114
2020-03-05 17:00:00,9.979580503266394,10.028638254989053,-0.04905775172265869
2020-03-05 18:00:00,8.67562793505296,8.393976420626927,0.28165151442603253
2020-03-05 19:00:00,4.40432098802366,4.574394317489625,-0.1700733294659651
2020-03-05 20:00:00,7.658954578997624,7.516692849220016,0.14226172977760765
2020-03-05 21:00:00,5.374900998822314,6.094823980287241,-0.7199229814649266
2020-03-05 22:00:00,8.12027867877209,7.843652269485556,0.2766264092865338
2020-03-05 23:00:00,6.3334289786809865,6.061342972564628,0.2720860061163588
2020-03-06 00:00:00,5.52603941916623,5.618390033235835,-0.09235061406960554
2020-03-06 01:00:00,6.054757509108622,6.119122536243621,-0.0643650271349987
2020-03-06 02:00:00,5.314816916419961,5.502813900546932,-0.18799698412697108
2020-03-06 03:00:00,6.299561877240985,6.252385765439808,0.047176111801177534
2020-03-06 04:00:00,7.775359591922609,7.705325877088738,0.07003371483387077
2020-03-06 05:00:00,6.0554497460212415,6.66943861070839,-0.6139888646871485
2020-03-06 06:00:00,6.924202201237341,6.913520665543571,0.010681535693770172
2020-03-06 07:00:00,7.083983482653073,6.9912639431428225,0.09271953951025047
2020-03-06 08:00:00,6.71834622351997,6.703524908526029,0.014821314993940682
2020-03-06 09:00:00,29.13380807569069,29.038300007225185,0.09550806846550586
2020-03-06 10:00:00,26.140383866154977,26.520754910065087,-0.38037104391010956
2020-03-06 11:00:00,11.353362212970683,11.380070340401794,-0.026708127431110285
2020-03-06 12:00:00,16.266765768220893,16.388720182644803,-0.12195441442391086
2020-03-06 13:00:00,14.75201676952544,14.76966281690241,-0.017646047376969065
2020-03-06 14:00:00,8.69812887771067,9.143115527082742,-0.44498664937207266
2020-03-06 15:00:00,8.885513978203265,9.013503785094406,-0.12798980689114003
2020-03-06 16:00:00,11.316155577519275,11.188052752575082,0.12810282494419312
2020-03-06 17:00:00,11.033552612043552,11.24381965786397,-0.21026704582041766
2020-03-06 18:00:00,7.248411349915495,6.993610767237925,0.25480058267756966
2020-03-06 19:00:00,12.637883704881098,12.444794444119063,0.1930892607620347
2020-03-06 20:00:00,7.507159768412828,7.0482690654529945,0.4588907029598337
2020-03-06 21:00:00,7.29172402181644,8.008063450443421,-0.7163394286269815
2020-03-06 22:00:00,8.310796702234814,7.701425967614775,0.6093707346200388
2020-03-06 23:00:00,11.248954798490134,11.413869502520182,-0.16491470403004804
2020-03-07 00:00:00,7.418677177158386,7.539475122604268,-0.12079794544588207
2020-03-07 01:00:00,6.169982599608512,6.292532678097625,-0.12255007848911248
2020-03-07 02:00:00,6.185945229535125,6.350795369037973,-0.16485013950284788
2020-03-07 03:00:00,6.5958735303105405,6.604225638185886,-0.00835210787534546
2020-03-07 04:00:00,6.974624511511432,6.8735809224013344,0.10104358911009736
2020-03-07 05:00:00,14.240966769362892,13.417660433367947,0.8233063359949444
2020-03-07 06:00:00,7.789114631997729,7.511894468630755,0.27722016336697397
2020-03-07 07:00:00,6.580564883012217,7.148240981648237,-0.5676760986360199
2020-03-07 08:00:00,6.611364767423432,7.103359108082309,-0.49199434065887626
2020-03-07 09:00:00,8.88324705677936,8.672848905929776,0.2103981508495849
2020-03-07 10:00:00,7.730434170874535,7.633406576766209,0.09702759410832584
2020-03-07 11:00:00,7.879755918813522,7.79719843427111,0.08255748454241285
2020-03-07 12:00:00,9.263765890318606,9.009569798130546,0.25419609218806016
2020-03-07 13:00:00,6.449361778739157,6.650872404556275,-0.20151062581711798
2020-03-07 14:00:00,7.19729746074621,7.022040834084357,0.17525662666185315
2020-03-07 15:00:00,6.176862675847529,5.882581057396758,0.2942816184507713
2020-03-07 16:00:00,8.13584214575934,7.614664267774553,0.5211778779847878
2020-03-07 17:00:00,6.35546500446898,6.5631443289847295,-0.2076793245157491
2020-03-07 18:00:00,6.746057910146007,6.998258510720985,-0.2522006005749784
2020-03-07 19:00:00,5.419960017854959,5.626638807982914,-0.2066787901279552
2020-03-07 20:00:00,6.938695602934165,6.474692681934413,0.4640029209997518
2020-03-07 21:00:00,5.61452462813043,5.9366052405756,-0.32208061244516983
2020-03-07 22:00:00,8.358227150704407,7.811316955154472,0.5469101955499349
2020-03-07 23:00:00,6.146635360150578,6.230684766031635,-0.08404940588105703
2020-03-08 00:00:00,6.921925934108066,6.990530299243831,-0.06860436513576484
2020-03-08 01:00:00,7.2862054413488995,7.690834426160494,-0.4046289848115947
2020-03-08 02:00:00,5.578115502556311,5.7128028408465905,-0.1346873382902798
2020-03-08 03:00:00,7.893341905617409,8.11854715725818,-0.22520525164077032
2020-03-08 04:00:00,7.257376299653113,7.13154663432501,0.12582966532810325
2020-03-08 05:00:00,6.899620222229656,6.745634151540064,0.1539860706895917
2020-03-08 06:00:00,6.73576066873803,6.756573820289271,-0.020813151551240416
2020-03-08 07:00:00,6.048678191316173,6.373865901360472,-0.3251877100442986
2020-03-08 08:00:00,6.160006024423238,6.324570650785766,-0.16456462636252844
2020-03-08 09:00:00,6.901535134462405,6.6076179228016985,0.2939172116607063
2020-03-08 10:00:00,7.627913672247068,7.598230183267345,0.02968348897972284
2020-03-08 11:00:00,14.733479394797415,14.626251273202223,0.1072281215951918
2020-03-08 12:00:00,27.76455146536312,27.697933071204698,0.06661839415842152
2020-03-08 13:00:00,21.44332266416966,21.95393523667921,-0.5106125725095509
2020-03-08 14:00:00,12.526818802078123,12.339607443062064,0.18721135901605912
2020-03-08 15:00:00,16.816125235929583,16.999105499083075,-0.18298026315349247
2020-03-08 16:00:00,15.4857236565321,15.845155935689146,-0.3594322791570459
2020-03-08 17:00:00,15.356643202454396,15.384378727638252,-0.02773552518385536
2020-03-08 18:00:00,9.66835122036813,9.388814028744367,0.27953719162376345
2020-03-08 19:00:00,13.77145171694154,13.857845761062203,-0.08639404412066298
2020-03-08 20:00:00,8.995866857715525,8.704283704315724,0.29158315339980057
2020-03-08 21:00:00,13.565049932270604,13.657143608439814,-0.09209367616920971
2020-03-08 22:00:00,7.10066189896498,7.2518931608911545,-0.1512312619261742
2020-03-08 23:00:00,7.02176936509977,7.452941674387713,-0.4311723092879429
2020-03-09 00:00:00,9.797440266764507,9.81508319773825,-0.01764293097374292
2020-03-09 01:00:00,5.5564737659240535,5.50747538302849,0.04899838289556335
2020-03-09 02:00:00,7.961833974813354,7.588277146686497,0.37355682812685664
2020-03-09 03:00:00,31.965444413132875,32.223600287409795,-0.25815587427691966
2020-03-09 04:00:00,28.47684608126314,28.590521798567263,-0.11367571730412251
2020-03-09 05:00:00,14.468802010804962,14.173724036854408,0.2950779739505549
2020-03-09 06:00:00,18.673761066325,18.91931697424674,-0.24555590792174087
2020-03-09 07:00:00,16.199413155780583,16.240196080269182,-0.04078292448859955
2020-03-09 08:00:00,10.271217865948769,9.94612281550788,0.32509505044088804
2020-03-09 09:00:00,14.433313229331349,14.081643579548311,0.3516696497830374
2020-03-09 10:00:00,9.325752787414428,9.029278041838841,0.29647474557558695
2020-03-09 11:00:00,15.479871029271456,15.097086345072693,0.38278468419876255
2020-03-09 12:00:00,8.112881317076576,8.38071113454854,-0.2678298174719629
2020-03-09 13:00:00,7.755657813032783,8.038771531409141,-0.28311371837635857
2020-03-09 14:00:00,8.362308151461397,8.035044329372173,0.32726382208922367
2020-03-09 15:00:00,7.0737422390194,7.393520515386122,-0.31977827636672185
2020-03-09 16:00:00,8.31861821073304,8.04334345065861,0.2752747600744314
2020-03-09 17:00:00,8.162199345923765,7.940328721684528,0.2218706242392372
2020-03-09 18:00:00,7.889261984033092,7.973534954267348,-0.08427297023425595
2020-03-09 19:00:00,8.030820148198558,7.506282157553095,0.524537990645463
2020-03-09 20:00:00,7.436424192663173,7.022501574531958,0.413922618131215
2020-03-09 21:00:00,6.506874997598988,6.920137475127478,-0.4132624775284901
2020-03-09 22:00:00,6.491320967546115,6.827420750974344,-0.3360997834282289
2020-03-09 23:00:00,6.223147602424331,5.783411431382057,0.4397361710422736
2020-03-10 00:00:00,6.874378615188595,7.083907759770144,-0.20952914458154837
2020-03-10 01:00:00,6.724762746767498,7.149120559863862,-0.4243578130963641
2020-03-10 02:00:00,5.942807668322261,6.069419633431696,-0.1266119651094355
2020-03-10 03:00:00,7.768649343957212,7.337112804784955,0.43153653917225654
2020-03-10 04:00:00,6.793295340489318,6.726732661027043,0.06656267946227512
2020-03-10 05:00:00,7.520401892138019,7.415002339178655,0.10539955295936387
2020-03-10 06:00:00,5.540185341802446,5.490330755677959,0.049854586124487454
2020-03-10 07:00:00,6.707932250708662,7.029814580718468,-0.3218823300098057
2020-03-10 08:00:00,5.126420240159438,5.076573791544479,0.049846448614959016
2020-03-10 09:00:00,6.945559272298627,7.16268256026296,-0.21712328796433322
2020-03-10 10:00:00,6.5780521430680166,7.204769712116556,-0.6267175690485391
2020-03-10 11:00:00,5.213556859419306,5.30737301042854,-0.0938161510092339
2020-03-10 12:00:00,6.700468041843023,7.207006168126841,-0.506538126283818
2020-03-10 13:00:00,8.528555333980675,8.184106667916586,0.3444486660640891
2020-03-10 14:00:00,34.601852767780045,34.16767778232396,0.4341749854560817
2020-03-10 15:00:00,36.70577899552822,36.59700182305979,0.10877717246842877
2020-03-10 16:00:00,12.0023090553571,12.175840707733922,-0.17353165237682155
2020-03-10 17:00:00,30.39521581794368,30.270205341880406,0.12501047606327376
2020-03-10 18:00:00,11.974458527701998,11.596079282081545,0.37837924562045266
2020-03-10 19:00:00,22.506438881113432,22.415900923386268,0.09053795772716455
2020-03-10 20:00:00,23.14674917303226,22.43682729341785,0.7099218796144093
2020-03-10 21:00:00,17.83554744219375,18.249628820457183,-0.4140813782634325
2020-03-10 22:00:00,10.843705553781898,10.836379641535828,0.007325912246070487
2020-03-10 23:00:00,10.418761484061593,10.392358919134209,0.02640256492738402
2020-03-11 00:00:00,11.1212732016097,11.03169203100462,0.08958117060507931
2020-03-11 01:00:00,13.183364718600735,13.273691799058387,-0.09032708045765148
2020-03-11 02:00:00,11.337341521122449,11.350696816110293,-0.013355294987844601
2020-03-11 03:00:00,8.800472912164295,8.551041490112896,0.24943142205139957
2020-03-11 04:00:00,7.5262708595206975,7.002904248887017,0.5233666106336807
2020-03-11 05:00:00,10.76178688838146,10.820863604796553,-0.0590767164150936
2020-03-11 06:00:00,11.361979709927915,11.749076603567055,-0.38709689363913924
2020-03-11 07:00:00,11.690567531958362,11.18642089796249,0.5041466339958713
2020-03-11 08:00:00,11.525784092237425,11.217640641584865,0.30814345065256
2020-03-11 09:00:00,6.418395106177608,6.213976604186265,0.20441850199134315
2020-03-11 10:00:00,11.478022331929232,11.477855007740507,0.00016732418872500432
2020-03-11 11:00:00,8.163235378576132,8.027614059922792,0.1356213186533406
2020-03-11 12:00:00,6.958546349951077,7.1170527475300105,-0.15850639757893337
2020-03-11 13:00:00,7.3163309124941085,6.643544728312372,0.6727861841817369
2020-03-11 14:00:00,6.627914330912465,6.399325552856464,0.2285887780560012
2020-03-11 15:00:00,9.906787637611703,10.203920806423062,-0.2971331688113583
2020-03-11 16:00:00,6.190999140971344,6.2572575093474905,-0.06625836837614685
2020-03-11 17:00:00,7.34256272817058,7.268391491959839,0.07417123621074051
2020-03-11 18:00:00,6.850853729790637,6.645130481377837,0.20572324841279954
2020-03-11 19:00:00,5.717288718082148,6.04883896679658,-0.3315502487144313
2020-03-11 20:00:00,4.328988203619988,4.932893146343349,-0.6039049427233607
2020-03-11 21:00:00,6.67555652215486,7.195957779569593,-0.5204012574147328
2020-03-11 22:00:00,6.279299060227326,6.1286072981002055,0.15069176212712065
2020-03-11 23:00:00,6.946536342213781,7.194113587169385,-0.24757724495560396
2020-03-12 00:00:00,11.789998282749972,11.131275219336707,0.6587230634132641
2020-03-12 01:00:00,7.566779119717812,8.016666785676664,-0.449887665958852
2020-03-12 02:00:00,8.0946605529308,8.201998297587167,-0.10733774465636792
2020-03-12 03:00:00,5.7592494076149165,6.254604038166567,-0.49535463055165074
2020-03-12 04:00:00,7.006128052084849,6.530612942533134,0.47551510955171494
2020-03-12 05:00:00,7.256189903553614,7.139761191989072,0.11642871156454238
2020-03-12 06:00:00,7.91944562590156,7.7151285502794495,0.20431707562211088
2020-03-12 07:00:00,12.01782000660913,11.811506879675374,0.2063131269337557
2020-03-12 08:00:00,4.45437329770463,4.971026419008771,-0.5166531213041408
2020-03-12 09:00:00,8.929014429041729,8.053492883965374,0.8755215450763547
2020-03-12 10:00:00,7.66858304638169,7.04448660080988,0.6240964455718103
2020-03-12 11:00:00,6.165175886825673,6.335419437974762,-0.17024355114908918
2020-03-12 12:00:00,7.474823951191043,7.099080092380374,0.37574385881066874
2020-03-12 13:00:00,6.884833957507338,7.165019573512511,-0.28018561600517344
2020-03-12 14:00:00,6.219680029287254,6.2784536576888135,-0.05877362840155964
2020-03-12 15:00:00,7.4251023527475555,7.116053292637875,0.3090490601096807
2020-03-12 16:00:00,7.509948954955756,7.543948565583073,-0.03399961062731727
2020-03-12 17:00:00,6.613887506080887,6.443283006714925,0.1706044993659619
2020-03-12 18:00:00,6.040458998311318,6.635786174427118,-0.5953271761157994
2020-03-12 19:00:00,5.233480576244463,5.257724952636464,-0.0242443763920015
2020-03-12 20:00:00,5.196394682577001,5.478952361072391,-0.28255767849539026
2020-03-12 21:00:00,6.067011577731769,6.320503343546048,-0.253491765814279
2020-03-12 22:00:00,6.369188381849401,6.760610884321152,-0.3914225024717508
2020-03-12 23:00:00,10.209371346230952,10.086947008279376,0.12242433795157659
2020-03-13 00:00:00,7.291613465054879,7.351666870655489,-0.0600534056006099
2020-03-13 01:00:00,11.523638232202584,11.394364565164343,0.12927366703824106
2020-03-13 02:00:00,34.38172408460164,34.380230618543315,0.001493466058327897
2020-03-13 03:00:00,11.76367360890855,11.889371883235908,-0.12569827432735892
2020-03-13 04:00:00,27.71217268404052,27.22411238963727,0.48806029440325105
2020-03-13 05:00:00,25.67497906904718,25.658707944373496,0.016271124673682635
2020-03-13 06:00:00,18.948489205868317,18.515550392041934,0.43293881382638233
2020-03-13 07:00:00,17.91584289669668,17.50349731017682,0.4123455865198622
2020-03-13 08:00:00,16.00460218924636,15.874440604125216,0.13016158512114373
2020-03-13 09:00:00,12.001971932932909,12.019007972565321,-0.01703603963241207
2020-03-13 10:00:00,9.343687857307408,9.36336550106557,-0.019677643758161167
2020-03-13 11:00:00,9.443618164207477,9.486866016348369,-0.04324785214089211
2020-03-13 12:00:00,32.1405046284,31.97673270656696,0.16377192183304246
2020-03-13 13:00:00,23.23963664876596,23.383289482316222,-0.14365283355026293
2020-03-13 14:00:00,12.467108441847657,12.504712932413025,-0.037604490565367854
2020-03-13 15:00:00,10.25870189615542,10.168403265717352,0.09029863043806863
2020-03-13 16:00:00,14.7206635072736,15.225473166558546,-0.5048096592849465
2020-03-13 17:00:00,13.82241950789316,14.106113509682073,-0.2836940017889127
2020-03-13 18:00:00,9.870001272088729,10.059030273404728,-0.18902900131599942
2020-03-13 19:00:00,8.169451112201209,7.965941153758772,0.2035099584424369
2020-03-13 20:00:00,11.18006655474935,11.021209577527808,0.1588569772215429
2020-03-13 21:00:00,10.963689594506189,11.086169364372736,-0.12247976986654763
2020-03-13 22:00:00,11.676877233935109,11.450192540400765,0.2266846935343434
2020-03-13 23:00:00,10.126023757392028,10.561972268652038,-0.4359485112600101
2020-03-14 00:00:00,8.91851466244033,8.725310630885923,0.1932040315544068
2020-03-14 01:00:00,6.867215394989904,6.460018678778225,0.4071967162116783
2020-03-14 02:00:00,6.160515554190066,6.4254858560838795,-0.2649703018938139
2020-03-14 03:00:00,8.100420223271636,7.507640095176668,0.5927801280949678
2020-03-14 04:00:00,7.129750137407247,7.07634242029172,0.05340771711552694
2020-03-14 05:00:00,7.385621643576782,7.626753316810138,-0.24113167323335638
2020-03-14 06:00:00,6.945695197059235,7.090378199883647,-0.1446830028244115
2020-03-14 07:00:00,8.137396661163026,8.367896191811013,-0.23049953064798778
2020-03-14 08:00:00,5.39222570446884,5.57327013562478,-0.18104443115593938
2020-03-14 09:00:00,6.775102378144268,7.074754890860243,-0.2996525127159746
2020-03-14 10:00:00,9.043799107797218,8.679704119755709,0.36409498804150964
2020-03-14 11:00:00,8.640770532132613,7.90628481554726,0.7344857165853531
2020-03-14 12:00:00,13.807837783033657,13.669325794444394,0.13851198858926317
2020-03-14 13:00:00,11.332286874783614,11.465637088121404,-0.13335021333779018
2020-03-14 14:00:00,13.47809820822031,12.98590700364122,0.4921912045790897
2020-03-14 15:00:00,20.025757425976728,20.101781367716185,-0.07602394173945726
2020-03-14 16:00:00,16.456725838366427,16.37773319545804,0.07899264290838914
2020-03-14 17:00:00,10.690731153971702,10.747666462099014,-0.0569353081273114
2020-03-14 18:00:00,9.782590594412673,10.185820279086839,-0.40322968467416587
2020-03-14 19:00:00,14.761983655892855,14.615526067377546,0.1464575885153092
2020-03-14 20:00:00,9.595383124162336,9.610629439164768,-0.015246315002432453
2020-03-14 21:00:00,7.260002734269065,7.386475683833506,-0.126472949564441
2020-03-14 22:00:00,7.786159744357074,7.825210621609221,-0.039050877252146954
2020-03-14 23:00:00,9.156896045249352,9.077134760476584,0.07976128477276845
2020-03-15 00:00:00,9.65978314347403,9.63756181319067,0.02222133028335982
2020-03-15 01:00:00,6.333001595395224,6.587385698938953,-0.2543841035437291
2020-03-15 02:00:00,6.610570884930226,6.802018424665134,-0.19144753973490758
2020-03-15 03:00:00,9.505349655443936,9.30261524304377,0.20273441240016687
2020-03-15 04:00:00,7.646277359189226,7.4078842291572276,0.2383931300319988
2020-03-15 05:00:00,8.390655600820242,7.988913558960438,0.4017420418598041
2020-03-15 06:00:00,8.58289634402816,8.222484318720031,0.3604120253081291
2020-03-15 07:00:00,7.234195495363837,7.078419601229853,0.15577589413398396
2020-03-15 08:00:00,7.609817921422781,7.244189549163013,0.36562837225976796
2020-03-15 09:00:00,10.738391334174306,10.678658156121609,0.05973317805269751
2020-03-15 10:00:00,6.151562495654786,5.82926386929627,0.32229862635851614
2020-03-15 11:00:00,7.681192349816559,7.629719258670389,0.05147309114617027
2020-03-15 12:00:00,6.140819831431216,6.136007660840802,0.0048121705904140555
2020-03-15 13:00:00,6.938979835491512,7.096461806474429,-0.15748197098291694
2020-03-15 14:00:00,5.734962352951474,6.30772117609795,-0.5727588231464766
2020-03-15 15:00:00,7.357532230024266,7.7754912520901955,-0.4179590220659293
2020-03-15 16:00:00,6.866359247722129,7.131610269305732,-0.2652510215836026
2020-03-15 17:00:00,7.04178578735934,7.292651011732538,-0.25086522437319747
2020-03-15 18:00:00,9.548531351213764,9.433272145979005,0.11525920523475897
2020-03-15 19:00:00,11.93742522975982,11.850451466250219,0.08697376350960084
2020-03-15 20:00:00,5.392288289185104,5.334803954754867,0.05748433443023693
2020-03-15 21:00:00,7.276255105733957,7.039351568987893,0.23690353674606346
2020-03-15 22:00:00,8.265773433491571,8.479377959618887,-0.21360452612731606
2020-03-15 23:00:00,7.615553882139977,7.124747084690293,0.49080679744968414
2020-03-16 00:00:00,8.483444443808493,8.288295773640895,0.19514867016759752
2020-03-16 01:00:00,7.52094834045289,7.478870207682947,0.042078132769942656
2020-03-16 02:00:00,6.924935506965901,7.2421123882037,-0.3171768812377991
2020-03-16 03:00:00,7.783426675070377,7.602448877185211,0.18097779788516632
2020-03-16 04:00:00,7.071839024134878,7.1078615529846605,-0.03602252884978263
2020-03-16 05:00:00,12.0845169504116,11.925253155307606,0.15926379510399435
2020-03-16 06:00:00,12.651931772676956,12.56119658953793,0.09073518313902618
2020-03-16 07:00:00,12.01698983668336,12.056007290195687,-0.03901745351232755
2020-03-16 08:00:00,22.47751946883261,22.542000465222653,-0.06448099639004212
2020-03-16 09:00:00,11.50260818040933,11.575340828783185,-0.0727326483738544
2020-03-16 10:00:00,13.717520813437554,11.688354925153575,2.0291658882839787
2020-03-16 11:00:00,17.14769181514359,16.391428410912418,0.7562634042311736
2020-03-16 12:00:00,16.865457159303475,17.012491545722916,-0.1470343864194419
2020-03-16 13:00:00,12.267105003058472,12.065073971504988,0.20203103155348323
2020-03-16 14:00:00,20.13814599402835,20.47951624920215,-0.3413702551737998
2020-03-16 15:00:00,10.900399714833329,10.983438711933333,-0.08303899710000451
2020-03-16 16:00:00,10.00077796132804,9.986242556853618,0.014535404474422364
2020-03-16 17:00:00,14.222429628311176,14.518145107019242,-0.29571547870806647
2020-03-16 18:00:00,14.574202298316818,14.839752273828232,-0.2655499755114139
2020-03-16 19:00:00,9.118228293064693,8.943619311429776,0.17460898163491656
2020-03-16 20:00:00,7.024111983993738,6.8283048982915355,0.19580708570220207
2020-03-16 21:00:00,7.179616663864092,7.340144718904447,-0.16052805504035472
2020-03-16 22:00:00,6.676401416491751,6.508239006114923,0.16816241037682733
2020-03-16 23:00:00,6.702649628660451,6.966285148085676,-0.26363551942522534
2020-03-17 00:00:00,12.469694350396331,12.23484036690221,0.234853983494121
2020-03-17 01:00:00,7.855887579755189,8.104218258020929,-0.24833067826573973
2020-03-17 02:00:00,6.370623934295164,6.285632434271199,0.08499150002396494
2020-03-17 03:00:00,6.868514852091657,6.916603886548945,-0.04808903445728774
2020-03-17 04:00:00,7.954615869936734,7.884566995930684,0.07004887400604964
2020-03-17 05:00:00,6.795745503192778,7.025820310177002,-0.23007480698422356
2020-03-17 06:00:00,8.480090696721046,8.445062760526058,0.035027936194987674
2020-03-17 07:00:00,10.453069148680786,10.522509027173868,-0.06943987849308186
2020-03-17 08:00:00,9.84691390229102,10.031274653047193,-0.18436075075617353
2020-03-17 09:00:00,5.832731818024644,6.203008953913423,-0.3702771358887791
2020-03-17 10:00:00,8.94379098932555,8.97880902253738,-0.03501803321183061
2020-03-17 11:00:00,8.66681186752103,8.275041410749022,0.39177045677200795
2020-03-17 12:00:00,7.163067668209591,6.855241256988743,0.307826411220848
2020-03-17 13:00:00,8.117603090731167,7.595817752573325,0.5217853381578426
2020-03-17 14:00:00,8.589618072680386,8.548660676560175,0.04095739612021099
2020-03-17 15:00:00,7.746151435940301,8.052690714278018,-0.3065392783377172
2020-03-17 16:00:00,5.6169560552433815,5.916787481985546,-0.29983142674216445
2020-03-17 17:00:00,7.252615962759502,7.104280364952928,0.14833559780657435
2020-03-17 18:00:00,7.374329750775736,7.109311412808988,0.26501833796674834
2020-03-17 19:00:00,7.359568066451864,6.884628973766221,0.47493909268564316
2020-03-17 20:00:00,7.780251760972581,7.350888096352168,0.4293636646204124
2020-03-17 21:00:00,7.891008894769566,8.08933881429373,-0.19832991952416457
2020-03-17 22:00:00,6.498004455858558,6.400153084720531,0.09785137113802733
2020-03-17 23:00:00,7.294279962230419,6.4289063035662135,0.8653736586642058
2020-03-18 00:00:00,32.0724897355144,32.281283896619755,-0.20879416110535232
2020-03-18 01:00:00,31.34457076960331,30.897241708844767,0.4473290607585412
2020-03-18 02:00:00,12.201551056782826,12.03727965622354,0.16427140055928646
2020-03-18 03:00:00,24.69261844834965,24.79024373638508,-0.09762528803543091
2020-03-18 04:00:00,18.38142867993472,18.422536482698092,-0.04110780276337067
2020-03-18 05:00:00,10.163564413796546,10.43521679420897,-0.2716523804124229
2020-03-18 06:00:00,17.39134524799759,17.654476504748708,-0.2631312567511159
2020-03-18 07:00:00,15.4669186524164,15.56848877849709,-0.1015701260806896
2020-03-18 08:00:00,14.779252765583244,15.13974979719235,-0.3604970316091052
2020-03-18 09:00:00,13.516730761762531,13.975848380097414,-0.45911761833488285
2020-03-18 10:00:00,8.53991306848794,8.441175283980401,0.0987377845075379
2020-03-18 11:00:00,10.613889369564497,11.057105753579137,-0.44321638401464014
2020-03-18 12:00:00,11.10730171148298,10.937984392278704,0.16931731920427673
2020-03-18 13:00:00,8.291445119647612,8.043617619868993,0.2478274997786194
2020-03-18 14:00:00,10.059230531889469,10.208252706043444,-0.14902217415397523
2020-03-18 15:00:00,9.825505092878291,9.53031849998119,0.29518659289710136
2020-03-18 16:00:00,10.653590855403255,10.537163519600758,0.11642733580249676
2020-03-18 17:00:00,7.568576705655735,7.632277163932259,-0.06370045827652415
2020-03-18 18:00:00,12.03809822441302,11.628544543506086,0.40955368090693334
2020-03-18 19:00:00,5.853183012399357,6.023791450137285,-0.17060843773792822
2020-03-18 20:00:00,10.03370988022336,10.31186627189533,-0.2781563916719687
2020-03-18 21:00:00,6.39604767037369,6.607342652711098,-0.2112949823374075
2020-03-18 22:00:00,7.069327258931488,7.100135609841371,-0.030808350909882876
2020-03-18 23:00:00,6.45500236725061,6.649056139437034,-0.1940537721864244
2020-03-19 00:00:00,10.1677795238639,9.714305744937759,0.45347377892614027
2020-03-19 01:00:00,7.077720551125931,7.252223468418059,-0.17450291729212797
2020-03-19 02:00:00,7.925734064819289,7.656817806597554,0.2689162582217346
2020-03-19 03:00:00,8.910379776878106,8.942973170681956,-0.03259339380385029
2020-03-19 04:00:00,6.664008469063937,6.531636228962984,0.1323722401009526
2020-03-19 05:00:00,7.046017082338434,7.195583846382756,-0.14956676404432212
2020-03-19 06:00:00,7.587196143709409,7.561030232316806,0.026165911392602936
2020-03-19 07:00:00,5.898308430719126,5.729757245694028,0.16855118502509825
2020-03-19 08:00:00,7.498575114152613,7.781066973102898,-0.2824918589502845
2020-03-19 09:00:00,8.555383901955507,8.388273410554646,0.16711049140086054
2020-03-19 10:00:00,6.905931312842224,7.283153833320998,-0.37722252047877447
2020-03-19 11:00:00,7.695746832376845,7.542368386636467,0.15337844574037884
2020-03-19 12:00:00,7.208835061278219,7.4060590850978025,-0.19722402381958393
2020-03-19 13:00:00,8.94725322017563,8.11010267326785,0.8371505469077807
2020-03-19 14:00:00,7.008793958530456,6.7094467350094735,0.2993472235209822
2020-03-19 15:00:00,8.167554999013781,7.986269908278775,0.1812850907350061
2020-03-19 16:00:00,7.618586796775045,7.4925330417464195,0.12605375502862515
2020-03-19 17:00:00,7.8544659373823,8.297487569294024,-0.4430216319117237
2020-03-19 18:00:00,10.728009562419054,11.00499791690972,-0.2769883544906655
2020-03-19 19:00:00,7.159540945795754,7.106793759359959,0.05274718643579579
2020-03-19 20:00:00,6.759184220809721,6.667533668525379,0.09165055228434227
2020-03-19 21:00:00,6.989317279022675,7.40734184385926,-0.41802456483658545
2020-03-19 22:00:00,7.34121429613035,6.937390888904725,0.4038234072256257
2020-03-19 23:00:00,7.465723376486776,7.147114106155514,0.31860927033126174
2020-03-20 00:00:00,5.91947807033726,6.201270548317621,-0.28179247798036045
2020-03-20 01:00:00,11.130798290216449,11.034327108682549,0.09647118153390011
2020-03-20 02:00:00,10.458054146511188,10.478323296308917,-0.020269149797728758
2020-03-20 03:00:00,10.403281068283937,10.728781773894585,-0.3255007056106489
2020-03-20 04:00:00,6.46074514993118,6.681561713692612,-0.22081656376143233
2020-03-20 05:00:00,7.9418678106312495,8.115900501440668,-0.17403269080941897
2020-03-20 06:00:00,7.050553746560963,6.946837928719431,0.1037158178415325
2020-03-20 07:00:00,7.427296182804502,7.846139266562525,-0.4188430837580226
2020-03-20 08:00:00,6.7657554359493925,6.298045993976542,0.46770944197285047
2020-03-20 09:00:00,8.06471692218285,7.782421090373167,0.2822958318096829
2020-03-20 10:00:00,7.578707122539517,7.176432783514942,0.4022743390245749
2020-03-20 11:00:00,7.594409457045887,7.518081117400026,0.07632833964586094
2020-03-20 12:00:00,5.798096547479299,6.521659060718655,-0.7235625132393553
2020-03-20 13:00:00,9.949571158611253,10.296932048981352,-0.34736089037009954
2020-03-20 14:00:00,11.0008324530399,11.074394004990937,-0.07356155195103753
2020-03-20 15:00:00,6.752279349298586,6.8729529808156276,-0.12067363151704136
2020-03-20 16:00:00,6.336483783085494,6.253195344798659,0.08328843828683485
2020-03-20 17:00:00,6.752147465637051,7.079895230503074,-0.3277477648660234
2020-03-20 18:00:00,8.290939075828616,8.08895357634216,0.20198549948645628
2020-03-20 19:00:00,6.505522362060703,6.536951530225202,-0.03142916816449848
2020-03-20 20:00:00,7.572884630561464,7.461702153593903,0.1111824769675609
2020-03-20 21:00:00,5.953866366115427,6.235735199300122,-0.2818688331846948
2020-03-20 22:00:00,11.17955330847363,11.522527623945658,-0.34297431547202883
2020-03-20 23:00:00,7.359374090118669,7.333869606658768,0.025504483459901195
2020-03-21 00:00:00,11.65226213236124,11.585605125247344,0.06665700711389633
2020-03-21 01:00:00,6.858408600059466,6.858194872875388,0.00021372718407786095
2020-03-21 02:00:00,6.628951437565788,6.955427299212563,-0.32647586164677556
2020-03-21 03:00:00,6.806288770641578,7.29530939222163,-0.48902062158005233
2020-03-21 04:00:00,7.0923030424707205,6.977946167781987,0.11435687468873379
2020-03-21 05:00:00,6.139702842578929,6.640401341749653,-0.5006984991707242
2020-03-21 06:00:00,7.367000855641613,7.036975693554202,0.33002516208741106
2020-03-21 07:00:00,6.512393332636899,6.668396972084573,-0.15600363944767448
2020-03-21 08:00:00,12.130537740200644,11.95125785338607,0.17927988681457485
2020-03-21 09:00:00,7.734037717287074,7.802117536445542,-0.06807981915846817
2020-03-21 10:00:00,7.362810995296385,7.3352314945378145,0.027579500758570852
2020-03-21 11:00:00,5.824983145594512,6.629625565541604,-0.8046424199470916
2020-03-21 12:00:00,6.959861739096319,6.932669776178977,0.027191962917342494
2020-03-21 13:00:00,34.850971995757845,34.69173240996814,0.15923958578970598
2020-03-21 14:00:00,12.58871025005763,12.883170571012553,-0.29446032095492214
2020-03-21 15:00:00,25.958975360124885,26.530071549953874,-0.5710961898289888
2020-03-21 16:00:00,20.60731931809061,20.916887891804578,-0.3095685737139675
2020-03-21 17:00:00,19.538369345313797,19.66142765035501,-0.12305830504121218
2020-03-21 18:00:00,10.83670986549456,10.84562202251401,-0.008912157019450362
2020-03-21 19:00:00,10.791540164142097,10.60342976262376,0.1881104015183368
2020-03-21 20:00:00,9.52780762023108,9.474718765107525,0.05308885512355488
2020-03-21 21:00:00,13.184948149002537,13.09783259313791,0.08711555586462616
2020-03-21 22:00:00,11.892802754048514,12.381516976142613,-0.4887142220940994
2020-03-21 23:00:00,9.726906955934467,9.614556439907888,0.11235051602657897
2020-03-22 00:00:00,11.3756957301337,11.354291708749198,0.021404021384501704
2020-03-22 01:00:00,7.562336166853921,7.450979098178573,0.111357068675348
2020-03-22 02:00:00,12.083634227037791,11.943627926145288,0.14000630089250343
2020-03-22 03:00:00,13.281162999872064,13.479984654007975,-0.19882165413591046
2020-03-22 04:00:00,8.121375400291837,8.276728632640994,-0.15535323234915666
2020-03-22 05:00:00,9.524855775006396,9.177689123979064,0.34716665102733124
2020-03-22 06:00:00,8.150638295864299,7.735794071523346,0.41484422434095336
2020-03-22 07:00:00,7.623052798388235,7.303058864436163,0.3199939339520723
2020-03-22 08:00:00,9.311892972208712,9.167427529870455,0.14446544233825698
2020-03-22 09:00:00,8.594999434961379,8.65171776628001,-0.05671833131863124
2020-03-22 10:00:00,13.68006596587284,13.340040414491488,0.34002555138135193
2020-03-22 11:00:00,8.592348130376426,8.757515845447456,-0.16516771507103023
2020-03-22 12:00:00,8.626420144027279,8.136891548707327,0.4895285953199515
2020-03-22 13:00:00,7.440287234071,7.4084967457849915,0.031790488286008056
2020-03-22 14:00:00,6.9904984509749095,7.5447011868940965,-0.554202735919187
2020-03-22 15:00:00,11.75661792420596,11.515352812432603,0.24126511177335708
2020-03-22 16:00:00,5.962109855100199,6.420162116496677,-0.45805226139647726
2020-03-22 17:00:00,7.801607070081465,7.6531725320182815,0.1484345380631833
2020-03-22 18:00:00,11.271818809266009,11.203716064514401,0.0681027447516076
2020-03-22 19:00:00,7.104155949122667,6.766817673820033,0.33733827530263394
2020-03-22 20:00:00,7.35717326615641,7.668987793472639,-0.31181452731622894
2020-03-22 21:00:00,5.2373291759302,5.2412932822349845,-0.003964106304784387
2020-03-22 22:00:00,9.300119295300831,9.191296359856985,0.1088229354438468
2020-03-22 23:00:00,5.979784866243637,6.0550142604529436,-0.0752293942093063
2020-03-23 00:00:00,7.948580906030018,7.626663844369545,0.3219170616604732
2020-03-23 01:00:00,10.011604387149111,10.55157356177127,-0.5399691746221595
2020-03-23 02:00:00,10.18497780041159,9.895788459611301,0.2891893408002879
2020-03-23 03:00:00,7.728185341741877,8.052978923304225,-0.32479358156234817
2020-03-23 04:00:00,6.464125315727098,6.628104419761147,-0.16397910403404925
2020-03-23 05:00:00,7.225073286203161,7.341907722516467,-0.11683443631330626
2020-03-23 06:00:00,6.823812548926044,6.793314998869007,0.030497550057037692
2020-03-23 07:00:00,7.839184794646027,7.997845158354149,-0.15866036370812253
2020-03-23 08:00:00,11.066274404162806,10.654586360545627,0.41168804361717903
2020-03-23 09:00:00,12.45993003993892,12.277953629239256,0.1819764106996633
2020-03-23 10:00:00,6.494925609967996,6.7808241488783025,-0.28589853891030614
2020-03-23 11:00:00,10.82627407890031,11.273705057140537,-0.44743097824022726
2020-03-23 12:00:00,7.24619753413589,6.815357786453985,0.4308397476819046
2020-03-23 13:00:00,8.472483700246194,8.383957451898713,0.08852624834748113
2020-03-23 14:00:00,11.352795252748152,10.918947927551544,0.4338473251966075
2020-03-23 15:00:00,6.234871973933096,6.415117113693979,-0.18024513976088308
2020-03-23 16:00:00,10.574889290632072,11.032545149659306,-0.45765585902723416
2020-03-23 17:00:00,13.038358786294731,12.63976239816412,0.3985963881306116
2020-03-23 18:00:00,12.395913654662978,12.624065673414258,-0.22815201875127933
2020-03-23 19:00:00,28.28834529570353,28.32924646746464,-0.04090117176111008
2020-03-23 20:00:00,12.190251277458133,12.211921647237643,-0.021670369779510423
2020-03-23 21:00:00,22.120017578093247,22.297151477529717,-0.17713389943646973
2020-03-23 22:00:00,10.165507527095205,10.321062462581331,-0.1555549354861263
2020-03-23 23:00:00,17.816068235839918,17.415772311948935,0.4002959238909831
2020-03-24 00:00:00,9.390609689049697,9.908260619314115,-0.5176509302644181
2020-03-24 01:00:00,14.433349134194776,14.514969845968434,-0.08162071177365782
2020-03-24 02:00:00,13.768189605226704,13.964579794778613,-0.19639018955190934
2020-03-24 03:00:00,9.998620571285404,9.787121720639027,0.21149885064637708
2020-03-24 04:00:00,9.167513240614268,9.06565985907364,0.10185338154062684
2020-03-24 05:00:00,13.766394945530136,13.946969387108842,-0.18057444157870606
2020-03-24 06:00:00,10.47106808103545,10.929251845753084,-0.458183764717635
2020-03-24 07:00:00,11.738631602379249,11.418580967997777,0.32005063438147197
2020-03-24 08:00:00,7.983366174779304,8.378478413549104,-0.3951122387697996
2020-03-24 09:00:00,6.84536423321615,6.881021524233286,-0.03565729101713533
2020-03-24 10:00:00,9.16569762719286,9.70277198243289,-0.5370743552400317
2020-03-24 11:00:00,9.118684646715217,8.396059746395741,0.7226249003194756
2020-03-24 12:00:00,7.87621751754496,8.57592581740334,-0.6997082998583792
2020-03-24 13:00:00,10.587339086408608,10.548200909414529,0.03913817699407929
2020-03-24 14:00:00,10.377431379024255,10.956194924859131,-0.5787635458348763
2020-03-24 15:00:00,11.007906957928402,10.393615766236778,0.614291191691624
2020-03-24 16:00:00,9.3416138297486,9.216869123497455,0.12474470625114442
2020-03-24 17:00:00,7.338794324910774,7.463190670044451,-0.12439634513367714
2020-03-24 18:00:00,7.7572419577449745,7.623326933749278,0.1339150239956961
2020-03-24 19:00:00,7.325589323511955,7.46887522582191,-0.1432859023099553
2020-03-24 20:00:00,9.035477053951238,10.46554341416675,-1.4300663602155108
2020-03-24 21:00:00,5.913834229929684,6.21151558995105,-0.29768136002136636
2020-03-24 22:00:00,9.37792924850402,10.330235274510656,-0.9523060260066352
2020-03-24 23:00:00,4.971664315968046,5.206087475352712,-0.23442315938466596
2020-03-25 00:00:00,8.059414858737485,8.087720973267471,-0.028306114529986104
2020-03-25 01:00:00,7.399099389936063,7.3989813691815804,0.0001180207544821954
2020-03-25 02:00:00,7.924535379066929,7.787925685856153,0.13660969321077587
2020-03-25 03:00:00,8.742844523840285,8.426964355620887,0.31588016821939746
2020-03-25 04:00:00,8.3663838104469,8.153172954476013,0.21321085597088718
2020-03-25 05:00:00,11.542296176555023,11.57715146046187,-0.03485528390684678
2020-03-25 06:00:00,8.31555545441447,7.901293839183524,0.41426161523094596
2020-03-25 07:00:00,5.5008112469366,5.376811756848534,0.12399949008806566
2020-03-25 08:00:00,7.714626064528993,7.572170403252832,0.14245566127616094
2020-03-25 09:00:00,7.777403658455626,7.637842868541542,0.13956078991408383
2020-03-25 10:00:00,7.51440029860246,7.291239989849448,0.22316030875301252
2020-03-25 11:00:00,7.109225590445164,6.8292225299376295,0.28000306050753476
2020-03-25 12:00:00,6.800880444425745,6.826996778733013,-0.02611633430726723
2020-03-25 13:00:00,7.894339195648516,7.827085963928276,0.06725323172023945
2020-03-25 14:00:00,6.490443215706748,6.614718017208543,-0.12427480150179449
2020-03-25 15:00:00,7.234181879786915,7.52990202525897,-0.29572014547205505
2020-03-25 16:00:00,7.032890630157169,6.6176574747262755,0.4152331554308937
2020-03-25 17:00:00,7.624566025936432,8.057970121336037,-0.433404095399605
2020-03-25 18:00:00,11.702622573291915,11.427127399989653,0.2754951733022626
2020-03-25 19:00:00,11.166173654037602,11.28692161110743,-0.12074795706982933
2020-03-25 20:00:00,6.99987062119552,7.4524884895007215,-0.4526178683052011
2020-03-25 21:00:00,7.353021204707705,7.808856931685639,-0.4558357269779343
2020-03-25 22:00:00,7.285236276468988,7.251220818103923,0.03401545836506514
2020-03-25 23:00:00,7.03950070059575,6.777716784404331,0.26178391619141905
2020-03-26 00:00:00,7.55307771859704,7.7614448514025405,-0.2083671328055008
2020-03-26 01:00:00,5.851106357822011,6.497895314117052,-0.6467889562950413
2020-03-26 02:00:00,10.398229270103185,10.560163611501448,-0.16193434139826302
2020-03-26 03:00:00,8.639983857298928,8.545287630988268,0.09469622631065988
2020-03-26 04:00:00,14.62986544614904,14.280509233661213,0.34935621248782667
2020-03-26 05:00:00,11.508834572552823,11.793131731287692,-0.28429715873486927
2020-03-26 06:00:00,10.18566668888636,10.215445267369057,-0.029778578482696716
2020-03-26 07:00:00,6.380170402783979,6.847934396240321,-0.4677639934563418
2020-03-26 08:00:00,9.45044372475019,9.339573841967448,0.11086988278274212
2020-03-26 09:00:00,7.425721488730859,8.073287372897157,-0.6475658841662986
2020-03-26 10:00:00,8.638247126729407,8.49029949821693,0.1479476285124779
2020-03-26 11:00:00,11.598759015846507,11.382738626898862,0.21602038894764597
2020-03-26 12:00:00,6.786231957983791,7.512526121051364,-0.726294163067573
2020-03-26 13:00:00,7.2362721904926355,7.575912039570708,-0.33963984907807276
2020-03-26 14:00:00,8.181355710453152,7.934137282475683,0.24721842797746962
2020-03-26 15:00:00,7.477518178329486,7.382092965424184,0.09542521290530193
2020-03-26 16:00:00,6.594743684374699,6.764651918238763,-0.16990823386406362
2020-03-26 17:00:00,8.65053180964328,8.155503535946401,0.4950282736968781
2020-03-26 18:00:00,8.331006752048873,8.27382346754847,0.057183284500403886
2020-03-26 19:00:00,6.248640755747221,6.349809805400499,-0.10116904965327755
2020-03-26 20:00:00,8.057256978628152,7.95110635113958,0.10615062748857174
2020-03-26 21:00:00,8.731888228142783,9.545202652133748,-0.8133144239909651
2020-03-26 22:00:00,7.167543451391653,7.153540748210675,0.01400270318097796
2020-03-26 23:00:00,6.573851389530307,6.588734766712801,-0.014883377182494328
2020-03-27 00:00:00,9.205603975095954,8.753678165442897,0.45192580965305673
2020-03-27 01:00:00,5.217212065002285,5.248607678819151,-0.03139561381686562
2020-03-27 02:00:00,7.624613850819037,7.423201753751273,0.20141209706776397
2020-03-27 03:00:00,8.979095620215645,8.597083751232315,0.38201186898333006
2020-03-27 04:00:00,6.122058351391737,6.897428400861473,-0.7753700494697355
2020-03-27 05:00:00,7.225644667902667,6.939635201621066,0.28600946628160173
2020-03-27 06:00:00,8.774473904704127,8.22683181541301,0.5476420892911165
2020-03-27 07:00:00,10.441357969247903,10.61004486925712,-0.1686869000092166
2020-03-27 08:00:00,8.067488966293727,8.183731237528097,-0.11624227123436981
2020-03-27 09:00:00,9.840498682244984,9.657712879551651,0.1827858026933331
2020-03-27 10:00:00,7.782912872563306,7.987984190208699,-0.20507131764539377
2020-03-27 11:00:00,6.482577503331308,6.343235004094126,0.13934249923718234
2020-03-27 12:00:00,6.910580142661393,7.136803609243177,-0.22622346658178394
2020-03-27 13:00:00,12.881403536190572,12.695580686947894,0.1858228492426779
2020-03-27 14:00:00,8.837720208105775,8.714706036028076,0.12301417207769916
2020-03-27 15:00:00,7.087100245590321,7.058007640939208,0.02909260465111263
2020-03-27 16:00:00,8.703077680528883,9.10227087214314,-0.39919319161425726
2020-03-27 17:00:00,7.380123585003729,7.4697387953396674,-0.08961521033593822
2020-03-27 18:00:00,6.736133164985978,7.173996042210812,-0.4378628772248341
2020-03-27 19:00:00,9.067021154040232,9.221514636844399,-0.15449348280416686
2020-03-27 20:00:00,7.572833633935195,7.351562110716421,0.22127152321877386
2020-03-27 21:00:00,6.317554701595049,6.574211346390216,-0.25665664479516703
2020-03-27 22:00:00,6.90564740116054,7.312739263693965,-0.40709186253342455
2020-03-27 23:00:00,9.867377217239708,9.409317687078412,0.45805953016129664
2020-03-28 00:00:00,8.626304453089386,8.730599195294118,-0.10429474220473267
2020-03-28 01:00:00,10.15090745294436,11.514892888992655,-1.3639854360482957
2020-03-28 02:00:00,8.838037823195975,9.076396160772253,-0.2383583375762779
2020-03-28 03:00:00,7.615369187223136,7.138777069466376,0.47659211775676
2020-03-28 04:00:00,7.689570798497732,7.450386640945764,0.23918415755196776
2020-03-28 05:00:00,5.096333415046059,5.297027875183529,-0.20069446013746983
2020-03-28 06:00:00,7.844500045099413,7.732865782749376,0.11163426235003726
2020-03-28 07:00:00,9.018073003840763,8.708944818797976,0.3091281850427876
2020-03-28 08:00:00,10.35365198188128,10.110063654555484,0.24358832732579572
2020-03-28 09:00:00,7.608416140516525,7.901518533718384,-0.2931023932018597
2020-03-28 10:00:00,8.111070013380575,8.374673026524059,-0.26360301314348433
2020-03-28 11:00:00,4.932871709154032,5.182953814683797,-0.2500821055297653
2020-03-28 12:00:00,11.713269403070408,11.869824790706806,-0.15655538763639854
2020-03-28 13:00:00,7.5942970571832,7.822892041484787,-0.2285949843015871
2020-03-28 14:00:00,7.845521481847509,7.586209740270526,0.2593117415769832
2020-03-28 15:00:00,5.750235350750379,6.459207605244151,-0.708972254493772
2020-03-28 16:00:00,7.827970258198397,7.935935469146558,-0.10796521094816036
2020-03-28 17:00:00,13.415553128522529,12.921631025122466,0.49392210340006315
2020-03-28 18:00:00,10.377150954808045,10.176052011512102,0.2010989432959427
2020-03-28 19:00:00,7.923350270768425,7.805636790472948,0.11771348029547646
2020-03-28 20:00:00,7.887740012436036,7.92016660160475,-0.03242658916871388
2020-03-28 21:00:00,7.640943686431959,7.533317845495413,0.1076258409365467
2020-03-28 22:00:00,7.724228127254979,7.608514538941039,0.11571358831394019
2020-03-28 23:00:00,12.494808993647004,11.991225960600842,0.5035830330461621
2020-03-29 00:00:00,9.39687957966758,10.583616172459513,-1.1867365927919327
2020-03-29 01:00:00,7.686951788158121,6.77595096204573,0.9110008261123905
2020-03-29 02:00:00,6.001617730852525,6.411193330640824,-0.40957559978829927
2020-03-29 03:00:00,6.8287357482651965,7.723591016786796,-0.8948552685215994
2020-03-29 04:00:00,11.197400441066833,11.425837405891103,-0.22843696482427056
2020-03-29 05:00:00,9.877780793371487,9.806967988024153,0.07081280534733381
2020-03-29 06:00:00,7.350467428937237,7.706575436124663,-0.35610800718742563
2020-03-29 07:00:00,6.836930313084009,6.887676823509935,-0.050746510425925706
2020-03-29 08:00:00,7.947983277690891,7.556501585579929,0.39148169211096207
2020-03-29 09:00:00,9.859370573657715,9.396080641036436,0.4632899326212794
2020-03-29 10:00:00,6.6838838700813135,6.954503492415855,-0.2706196223345412
2020-03-29 11:00:00,6.139717477519074,6.277383093892351,-0.137665616373277
2020-03-29 12:00:00,9.339010776795735,9.114797806523743,0.22421297027199216
2020-03-29 13:00:00,10.616286661309712,10.872701248630097,-0.2564145873203856
2020-03-29 14:00:00,6.41066836901644,6.4476338040558465,-0.036965435039406636
2020-03-29 15:00:00,10.798012407226842,11.124990803564483,-0.3269783963376405
2020-03-29 16:00:00,9.782818495615604,9.609530446337924,0.17328804927768005
2020-03-29 17:00:00,8.093959256026228,7.551493155675047,0.5424661003511808
2020-03-29 18:00:00,9.437101436086742,9.534412356429096,-0.09731092034235367
2020-03-29 19:00:00,7.442557215918,7.770553785202647,-0.3279965692846476
2020-03-29 20:00:00,6.107479157740711,6.835473284295028,-0.7279941265543171
2020-03-29 21:00:00,7.788996018045842,8.13627333612498,-0.3472773180791373
2020-03-29 22:00:00,31.80509673116676,31.95648847835767,-0.1513917471909103
2020-03-29 23:00:00,32.04525389750853,32.006343864991855,0.03891003251667513
2020-03-30 00:00:00,23.22476899531379,23.21717941441543,0.007589580898361703
2020-03-30 01:00:00,23.10107699377188,22.897912877012327,0.20316411675955237
2020-03-30 02:00:00,12.44157801631989,12.426772966248864,0.014805050071025505
2020-03-30 03:00:00,14.333483509989712,14.354095663094608,-0.020612153104895725
2020-03-30 04:00:00,14.211433460244514,14.292275211617438,-0.08084175137292426
2020-03-30 05:00:00,11.150711129522914,11.014516427231696,0.13619470229121866
2020-03-30 06:00:00,14.424304188084458,14.435844662194413,-0.011540474109954957
2020-03-30 07:00:00,12.510848467098103,12.603791887432058,-0.09294342033395431
2020-03-30 08:00:00,13.722594733628537,14.591493311017315,-0.8688985773887783
2020-03-30 09:00:00,10.70186434684502,10.34314093912221,0.3587234077228114
2020-03-30 10:00:00,9.501277062522634,9.818501748600534,-0.3172246860778998
2020-03-30 11:00:00,12.157439769747668,12.197003012202572,-0.0395632424549035
2020-03-30 12:00:00,13.327487253614144,13.298167153429024,0.02932010018512088
2020-03-30 13:00:00,7.904290969275367,7.922562961010041,-0.01827199173467431
2020-03-30 14:00:00,11.0991778606479,11.053389547304414,0.04578831334348621
2020-03-30 15:00:00,7.575266466002381,7.50939400066467,0.0658724653377103
2020-03-30 16:00:00,6.569323569344501,6.80362932683012,-0.2343057574856191
2020-03-30 17:00:00,11.776858989985891,11.836449932223308,-0.05959094223741701
2020-03-30 18:00:00,12.069626473167,12.368222541907217,-0.29859606874021694
2020-03-30 19:00:00,7.1567404702359925,7.033996744944316,0.12274372529167632
2020-03-30 20:00:00,11.43589181779314,11.373810675099957,0.062081142693182656
2020-03-30 21:00:00,8.749545113502778,9.061426920900466,-0.3118818073976879
2020-03-30 22:00:00,8.408077353273363,8.131241880686014,0.276835472587349
2020-03-30 23:00:00,12.879999205919711,12.304104064174552,0.5758951417451588
2020-03-31 00:00:00,10.239407990537035,10.041876282064425,0.19753170847261003
2020-03-31 01:00:00,8.15071484216418,8.132285331197435,0.01842951096674561
2020-03-31 02:00:00,9.781944748938734,9.591689201840333,0.19025554709840087
2020-03-31 03:00:00,6.8006189948127815,6.568482108513514,0.23213688629926743
2020-03-31 04:00:00,8.155881390193679,8.486666919700513,-0.3307855295068336
2020-03-31 05:00:00,8.058664708956044,8.37939779025819,-0.32073308130214606
2020-03-31 06:00:00,7.04297432753133,7.102503100596054,-0.059528773064723595
2020-03-31 07:00:00,8.1650045374084,8.246159480849952,-0.08115494344155216
2020-03-31 08:00:00,6.971652657027071,7.329427293365288,-0.3577746363382177
2020-03-31 09:00:00,9.017968033138988,8.397803530057457,0.620164503081531
2020-03-31 10:00:00,7.241851157204732,7.147323833832012,0.09452732337271996
2020-03-31 11:00:00,5.604892112608593,6.290326616845849,-0.6854345042372563
2020-03-31 12:00:00,10.967184242878051,10.577473647176255,0.38971059570179634
2020-03-31 13:00:00,9.67929695257632,9.74143432861564,-0.06213737603931868
2020-03-31 14:00:00,10.615898777798098,10.756146190361978,-0.1402474125638804
2020-03-31 15:00:00,7.537668868592026,7.568686009531238,-0.031017140939211707
2020-03-31 16:00:00,6.138709561270406,6.267975387930125,-0.12926582665971953
2020-03-31 17:00:00,8.543053463412777,8.408489154223101,0.13456430918967577
2020-03-31 18:00:00,7.964591814339522,7.350870243532371,0.6137215708071508
2020-03-31 19:00:00,5.3450451572165525,5.64221474669051,-0.2971695894739579
2020-03-31 20:00:00,7.801057968157707,7.564081034210072,0.23697693394763508
2020-03-31 21:00:00,8.759875709576104,8.39397384657106,0.36590186300504435
2020-03-31 22:00:00,7.585591346159268,7.377159235711625,0.2084321104476432
2020-03-31 23:00:00,8.052616729038741,7.979503695280318,0.07311303375842293
2020-04-01 00:00:00,9.321299502219713,9.06945147231327,0.2518480299064425
2020-04-01 01:00:00,7.741032873726349,7.869398669662379,-0.12836579593603048
2020-04-01 02:00:00,8.16963823983908,8.07603859993093,0.0935996399081489
2020-04-01 03:00:00,7.654477292117191,7.975239067846851,-0.32076177572966014
2020-04-01 04:00:00,12.528169985161684,11.824993813380425,0.7031761717812586
2020-04-01 05:00:00,8.946341527986231,8.820800558372476,0.1255409696137555
2020-04-01 06:00:00,8.231002363518886,7.797907065279401,0.43309529823948534
2020-04-01 07:00:00,8.08256149709923,8.271367403354082,-0.18880590625485283
2020-04-01 08:00:00,11.874274128722188,11.984950897145408,-0.11067676842321994
2020-04-01 09:00:00,12.748364563354963,12.744109017434122,0.004255545920841541
2020-04-01 10:00:00,28.12916339340845,28.30161137183052,-0.1724479784220705
2020-04-01 11:00:00,25.58254457690228,25.55448109326285,0.028063483639428455
2020-04-01 12:00:00,13.509838939203483,13.314052876634028,0.1957860625694554
2020-04-01 13:00:00,11.530545883283166,11.624605600757905,-0.09405971747473885
2020-04-01 14:00:00,12.298323014011554,11.922821621689328,0.3755013923222261
2020-04-01 15:00:00,11.662470037264828,11.620065565131327,0.042404472133501514
2020-04-01 16:00:00,10.588220571314997,10.496639799846646,0.09158077146835097
2020-04-01 17:00:00,10.991961229010291,11.277566571055557,-0.28560534204526533
2020-04-01 18:00:00,12.64012834183776,12.29705779873699,0.34307054310077056
2020-04-01 19:00:00,9.43771955455289,9.57377155555361,-0.1360520010007189
2020-04-01 20:00:00,9.41705776600196,8.971436569462492,0.4456211965394683
2020-04-01 21:00:00,13.69696026101469,13.589026515580125,0.1079337454345648
2020-04-01 22:00:00,12.04900656936714,12.603732073083473,-0.5547255037163321
2020-04-01 23:00:00,8.161287619509565,8.116427749435633,0.044859870073931774
2020-04-02 00:00:00,7.519282888824485,7.513493610601976,0.0057892782225090755
2020-04-02 01:00:00,10.24285748036078,10.746801485347747,-0.5039440049869679
2020-04-02 02:00:00,8.1556469245825,8.306295674364687,-0.1506487497821869
2020-04-02 03:00:00,10.53969502125564,10.80911741952143,-0.26942239826578884
2020-04-02 04:00:00,8.831711732373106,7.734801157039712,1.0969105753333945
2020-04-02 05:00:00,8.367685317688931,8.640817985720505,-0.27313266803157354
2020-04-02 06:00:00,7.007338917932063,7.586584658366054,-0.5792457404339917
2020-04-02 07:00:00,8.188428458774212,8.456242451042057,-0.2678139922678451
2020-04-02 08:00:00,11.247122137509338,11.11919972798256,0.12792240952677858
2020-04-02 09:00:00,7.5405034397335395,7.535080920782391,0.00542251895114898
2020-04-02 10:00:00,6.127597461611843,6.363288689416706,-0.23569122780486307
2020-04-02 11:00:00,11.263739709544971,11.058751499616609,0.20498820992836286
2020-04-02 12:00:00,8.709609904233455,8.211088249607757,0.49852165462569786
2020-04-02 13:00:00,8.16767447133961,7.922639081115898,0.24503539022371257
2020-04-02 14:00:00,10.18818035898712,10.310261629981985,-0.12208127099486532
2020-04-02 15:00:00,12.65584212822966,12.510057678372062,0.1457844498575973
2020-04-02 16:00:00,14.39976764688454,14.071796156203298,0.3279714906812412
2020-04-02 17:00:00,11.287946774842668,11.01922383722085,0.26872293762181876
2020-04-02 18:00:00,7.219630408637639,7.115511893607061,0.1041185150305779
2020-04-02 19:00:00,6.871890045042237,7.143690996304659,-0.27180095126242154
2020-04-02 20:00:00,8.462383555390703,8.711369123367728,-0.24898556797702476
2020-04-02 21:00:00,8.617132194162306,8.521141412079562,0.09599078208274392
2020-04-02 22:00:00,8.829629873221133,8.744866368172083,0.08476350504905028
2020-04-02 23:00:00,7.876211325440837,7.8513694752256225,0.024841850215214123
2020-04-03 00:00:00,12.087991558297158,12.064933720490524,0.023057837806634396
2020-04-03 01:00:00,10.859878391247538,10.666733157380078,0.19314523386745996
2020-04-03 02:00:00,11.70929582029109,11.73484082598456,-0.025545005693469847
2020-04-03 03:00:00,7.078663763744878,6.781247124437539,0.29741663930733875
2020-04-03 04:00:00,12.650144328309787,12.88336416578872,-0.2332198374789325
2020-04-03 05:00:00,32.641037766813206,33.20286006796908,-0.5618223011558712
2020-04-03 06:00:00,13.359151423136558,13.260340594480136,0.09881082865642199
2020-04-03 07:00:00,11.67798250056994,11.662435196881669,0.01554730368827073
2020-04-03 08:00:00,11.055509829103231,11.223478969395257,-0.16796914029202625
2020-04-03 09:00:00,10.885625255485964,10.371995270423147,0.513629985062817
2020-04-03 10:00:00,15.421752331453774,15.479496353810116,-0.05774402235634213
2020-04-03 11:00:00,16.559617724980406,16.57990055999477,-0.020282835014363343
2020-04-03 12:00:00,8.541477987249136,8.681911911732836,-0.14043392448370007
2020-04-03 13:00:00,15.177776895486504,14.938578572897729,0.23919832258877527
2020-04-03 14:00:00,8.108290708020848,8.16928439962051,-0.060993691599662725
2020-04-03 15:00:00,7.703082252180762,7.7418344584825345,-0.038752206301772674
2020-04-03 16:00:00,8.448897441825398,8.538448950709478,-0.08955150888407992
2020-04-03 17:00:00,9.354874263994004,9.533025933581293,-0.17815166958728845
2020-04-03 18:00:00,8.782997213944562,8.718197014961921,0.06480019898264011
2020-04-03 19:00:00,7.385181072657933,7.443499183610519,-0.058318110952585656
2020-04-03 20:00:00,8.527039783572343,8.413801734035758,0.11323804953658545
2020-04-03 21:00:00,7.598286477564996,7.2964242932406504,0.30186218432434586
2020-04-03 22:00:00,11.39050609980626,11.627168162797508,-0.2366620629912486
2020-04-03 23:00:00,11.629544392202549,11.410659654898975,0.21888473730357383
2020-04-04 00:00:00,7.481283553315951,7.169210842197665,0.3120727111182857
2020-04-04 01:00:00,6.503652319906423,7.2386017278879295,-0.7349494079815067
2020-04-04 02:00:00,10.082961006008128,9.846954049262468,0.2360069567456602
2020-04-04 03:00:00,6.847729535443205,7.12974922793958,-0.2820196924963758
2020-04-04 04:00:00,7.304870770463,7.7433404110699025,-0.4384696406069022
2020-04-04 05:00:00,7.656090964068324,7.622432754312002,0.03365820975632161
2020-04-04 06:00:00,8.089928065910968,8.229378291774042,-0.1394502258630741
2020-04-04 07:00:00,8.291806802556208,8.273529059299737,0.018277743256470913
2020-04-04 08:00:00,7.781947662495446,7.683936093808093,0.09801156868735283
2020-04-04 09:00:00,12.330986655450172,11.839773751189618,0.49121290426055353
2020-04-04 10:00:00,7.793723092760553,7.918975325409387,-0.12525223264883412
2020-04-04 11:00:00,8.39790822495155,8.331522795978827,0.0663854289727226
2020-04-04 12:00:00,8.68680880174809,8.531014210366282,0.15579459138180773
2020-04-04 13:00:00,7.93701103893677,7.89350164698597,0.04350939195080006
2020-04-04 14:00:00,8.753230156452805,9.028755363032957,-0.2755252065801521
2020-04-04 15:00:00,7.843299426973767,8.39100038409398,-0.5477009571202132
2020-04-04 16:00:00,35.190014110919705,34.82350338783818,0.3665107230815252
2020-04-04 17:00:00,28.406828006579104,28.465911272066226,-0.059083265487121395
2020-04-04 18:00:00,11.865852689828948,11.796483261152948,0.0693694286759996
2020-04-04 19:00:00,23.058585086494706,22.808305227421275,0.2502798590734301
2020-04-04 20:00:00,18.753858581802717,18.56071512777048,0.19314345403223854
2020-04-04 21:00:00,15.53455290283521,17.072361502792532,-1.5378085999573212
2020-04-04 22:00:00,16.810657683912392,16.71147519086383,0.09918249304856275
2020-04-04 23:00:00,17.067639284861446,16.794119213973953,0.27352007088749275
2020-04-05 00:00:00,15.708686340764022,15.817039944974141,-0.10835360421011941
2020-04-05 01:00:00,10.396951722772016,11.134140352671334,-0.7371886298993182
2020-04-05 02:00:00,11.098326998602928,10.986674411950785,0.11165258665214317
2020-04-05 03:00:00,11.957325525063204,11.92104415211463,0.03628137294857403
2020-04-05 04:00:00,8.403391052821771,8.670658157530536,-0.2672671047087647
2020-04-05 05:00:00,9.550043313848354,9.263906284082967,0.2861370297653867
2020-04-05 06:00:00,13.911601529119004,13.624010302542542,0.2875912265764615
2020-04-05 07:00:00,12.259474922437626,12.418746505075518,-0.1592715826378921
2020-04-05 08:00:00,14.02423907772463,14.09442834701065,-0.0701892692860202
2020-04-05 09:00:00,8.67870849703271,8.806891906038798,-0.1281834090060876
2020-04-05 10:00:00,8.209410148517433,8.048749045835256,0.1606611026821767
2020-04-05 11:00:00,9.1590214033333,8.586187185970841,0.572834217362459
2020-04-05 12:00:00,9.081252022800538,9.262188472778398,-0.1809364499778603
2020-04-05 13:00:00,9.725393231191598,9.340294230223623,0.38509900096797445
2020-04-05 14:00:00,10.827157185186303,10.843222935198776,-0.01606575001247279
2020-04-05 15:00:00,9.5229678400375,8.655411009088752,0.8675568309487485
2020-04-05 16:00:00,12.790133879244264,12.217247800765325,0.5728860784789394
2020-04-05 17:00:00,13.279524497580582,13.261527404699393,0.017997092881188337
2020-04-05 18:00:00,13.168315273880705,13.101664480667953,0.06665079321275158
2020-04-05 19:00:00,12.268774125790848,11.965184428973775,0.30358969681707393
2020-04-05 20:00:00,7.039184789479847,7.13003169485941,-0.09084690537956241
2020-04-05 21:00:00,12.61005331303892,12.451349878366353,0.1587034346725673
2020-04-05 22:00:00,9.879842329213217,9.856595491307464,0.023246837905752216
2020-04-05 23:00:00,11.542161984991116,11.932531326984638,-0.39036934199352125
2020-04-06 00:00:00,10.867872817574362,10.951394589583172,-0.08352177200880995
2020-04-06 01:00:00,11.824826590914656,11.661761010712329,0.16306558020232664
2020-04-06 02:00:00,7.828373072532421,7.787651972512718,0.040721100019703194
2020-04-06 03:00:00,8.486202118177461,8.675899185996567,-0.18969706781910567
2020-04-06 04:00:00,7.6870217646339025,7.577397839900325,0.10962392473357774
2020-04-06 05:00:00,7.511953084170823,7.733473074541941,-0.22151999037111736
2020-04-06 06:00:00,7.013742393069998,7.2996547641826535,-0.2859123711126559
2020-04-06 07:00:00,8.509495932975845,8.12772200092206,0.38177393205378607
2020-04-06 08:00:00,11.947470673235548,11.920601206943294,0.026869466292254174
2020-04-06 09:00:00,8.419825664336026,8.131924753639664,0.2879009106963615
2020-04-06 10:00:00,12.27549610153552,12.433576916652765,-0.1580808151172448
2020-04-06 11:00:00,6.805448203094675,7.0371544646730975,-0.2317062615784229
2020-04-06 12:00:00,10.99246630930915,11.269659095421316,-0.2771927861121668
2020-04-06 13:00:00,7.787901371367672,7.635559149723256,0.15234222164441658
2020-04-06 14:00:00,7.610215510224439,7.750313072142008,-0.14009756191756928
2020-04-06 15:00:00,7.882393469877312,7.6381418113240995,0.24425165855321218
2020-04-06 16:00:00,9.084412566142426,9.329596049411384,-0.2451834832689581
2020-04-06 17:00:00,9.788435023416335,9.716968249765003,0.07146677365133236
2020-04-06 18:00:00,14.707525383443418,14.149574387682554,0.5579509957608639
2020-04-06 19:00:00,8.489032571816889,8.307109658380721,0.18192291343616773
2020-04-06 20:00:00,7.077787352237223,7.463641330067573,-0.38585397783035
2020-04-06 21:00:00,27.89324784808714,29.840270283308787,-1.9470224352216476
2020-04-06 22:00:00,27.886376587245483,27.513356500489326,0.3730200867561564
2020-04-06 23:00:00,12.540210133665784,12.630654971675698,-0.09044483800991365
2020-04-07 00:00:00,22.262643281653947,21.727289394550144,0.5353538871038026
2020-04-07 01:00:00,19.020180449094013,18.401732075342036,0.6184483737519777
2020-04-07 02:00:00,10.023898017604417,10.10473419185709,-0.0808361742526742
2020-04-07 03:00:00,9.800939676707973,10.143255761232274,-0.34231608452430073
2020-04-07 04:00:00,15.077985765354269,14.460735375672641,0.6172503896816277
2020-04-07 05:00:00,11.349802031970954,11.177198662255716,0.17260336971523849
2020-04-07 06:00:00,9.092027344700329,9.032612937353768,0.05941440734656034
2020-04-07 07:00:00,12.293775823885014,12.760357108797932,-0.46658128491291784
2020-04-07 08:00:00,11.657555045282868,12.029379158106739,-0.3718241128238713
2020-04-07 09:00:00,6.243170442726954,6.776680130939455,-0.5335096882125008
2020-04-07 10:00:00,8.6712162515876,8.608113446417018,0.06310280517058153
2020-04-07 11:00:00,8.27402442300313,8.145578048275521,0.12844637472760922
2020-04-07 12:00:00,9.104294427991888,8.956815361042562,0.14747906694932666
2020-04-07 13:00:00,13.509191733510164,13.321432426443902,0.18775930706626198
2020-04-07 14:00:00,8.071524294644513,7.8989916163669625,0.17253267827755092
2020-04-07 15:00:00,10.009344174574789,10.536202296468755,-0.5268581218939659
2020-04-07 16:00:00,9.590489966887882,9.222737248109395,0.3677527187784868
2020-04-07 17:00:00,10.820484995192665,10.250693832491265,0.5697911627013994
2020-04-07 18:00:00,12.218932735603463,11.957666612480375,0.2612661231230877
2020-04-07 19:00:00,13.095009109211418,12.535065113221963,0.559943995989455
2020-04-07 20:00:00,13.799144904813168,13.540060881575227,0.259084023237941
2020-04-07 21:00:00,13.448874132084418,13.52764960762819,-0.07877547554377173
2020-04-07 22:00:00,23.51310654312491,23.466823360270258,0.04628318285465127
2020-04-07 23:00:00,23.86980229365145,23.754519725015175,0.11528256863627462
2020-04-08 00:00:00,13.244953686745133,13.050200408893684,0.1947532778514489
2020-04-08 01:00:00,9.562091243963732,9.953747628091254,-0.391656384127522
2020-04-08 02:00:00,14.421422500938672,14.149316241826245,0.2721062591124266
2020-04-08 03:00:00,15.042324474052371,15.140080806163832,-0.09775633211146051
2020-04-08 04:00:00,15.007945002982291,15.41497166026112,-0.4070266572788288
2020-04-08 05:00:00,8.26219362708859,7.958428546792129,0.3037650802964613
2020-04-08 06:00:00,12.75474620752154,13.40156798223511,-0.6468217747135689
2020-04-08 07:00:00,14.92893600908239,14.667383225199721,0.261552783882669
2020-04-08 08:00:00,12.257496483877636,12.1553213624329,0.10217512144473595
2020-04-08 09:00:00,8.870931574774454,8.448689612717056,0.4222419620573987
2020-04-08 10:00:00,7.290565478044618,7.583922042097082,-0.2933565640524636
2020-04-08 11:00:00,13.196455447285413,13.05346850669279,0.14298694059262296
2020-04-08 12:00:00,13.260600594821264,13.436068745790093,-0.17546815096882895
2020-04-08 13:00:00,12.224953669480922,12.47992997943835,-0.2549763099574278
2020-04-08 14:00:00,8.245489443465466,8.482057183415524,-0.23656773995005764
2020-04-08 15:00:00,8.833970798850222,9.095541731130503,-0.2615709322802804
2020-04-08 16:00:00,12.38049888991226,12.596273132556847,-0.21577424264458678
2020-04-08 17:00:00,8.798105473044194,9.659104825012184,-0.8609993519679904
2020-04-08 18:00:00,11.81667128842022,11.722659384199014,0.09401190422120642
2020-04-08 19:00:00,8.74112232997544,9.032012030835231,-0.2908897008597915
2020-04-08 20:00:00,7.170734137935889,7.36514107413829,-0.1944069362024008
2020-04-08 21:00:00,11.24188279048259,11.482412840599599,-0.2405300501170089
2020-04-08 22:00:00,7.742616566434619,7.718964457108747,0.02365210932587214
2020-04-08 23:00:00,7.976866689741879,7.954314006123975,0.022552683617903746
2020-04-09 00:00:00,8.255344434594022,8.300457776669974,-0.04511334207595219
2020-04-09 01:00:00,7.199311732350271,7.495804549332889,-0.2964928169826182
2020-04-09 02:00:00,14.289020090538566,14.296690251313997,-0.007670160775431256
2020-04-09 03:00:00,11.368625225419152,11.416525885403477,-0.047900659984325245
2020-04-09 04:00:00,8.382777107707787,8.635255691839157,-0.2524785841313708
2020-04-09 05:00:00,11.4339665630592,11.166964082184778,0.2670024808744209
2020-04-09 06:00:00,8.108530628224658,7.942292169815172,0.16623845840948626
2020-04-09 07:00:00,7.159081737971315,7.573264143887777,-0.4141824059164625
2020-04-09 08:00:00,7.333298632690089,7.5204776934913555,-0.18717906080126667
2020-04-09 09:00:00,8.737996304645963,8.92940321929665,-0.19140691465068826
2020-04-09 10:00:00,18.360407451913467,18.755334632685063,-0.39492718077159594
2020-04-09 11:00:00,11.868786690752891,12.09859836505977,-0.22981167430687854
2020-04-09 12:00:00,13.200670743035548,13.28755677848283,-0.08688603544728224
2020-04-09 13:00:00,11.840326778157184,11.829661047308456,0.010665730848728572
2020-04-09 14:00:00,10.945307771316346,10.968444502333679,-0.023136731017332934
2020-04-09 15:00:00,11.128824479483017,10.604381229475308,0.5244432500077085
2020-04-09 16:00:00,12.945813891599157,12.793630586648826,0.15218330495033072
2020-04-09 17:00:00,12.713302844365074,12.607115334843268,0.10618750952180633
2020-04-09 18:00:00,7.986529038626092,7.857496377932104,0.129032660693988
2020-04-09 19:00:00,8.216870454137275,8.207352813778595,0.009517640358680524
2020-04-09 20:00:00,13.25721576830391,12.902834029768549,0.3543817385353609
2020-04-09 21:00:00,8.038432417139164,8.194287452921174,-0.1558550357820092
2020-04-09 22:00:00,13.483025845367516,13.3024484328687,0.18057741249881687
2020-04-09 23:00:00,10.576416959684757,10.496389529434689,0.08002743025006787
2020-04-10 00:00:00,6.737520232764606,6.840686967456613,-0.10316673469200754
2020-04-10 01:00:00,15.245159836913889,14.4065004545499,0.8386593823639892
2020-04-10 02:00:00,6.471879905581811,6.481111321383912,-0.009231415802100962
2020-04-10 03:00:00,8.227073574354717,8.087082214288303,0.13999136006641422
2020-04-10 04:00:00,8.731671201375791,8.224545665403989,0.5071255359718023
2020-04-10 05:00:00,8.820697418711834,8.380172727376666,0.4405246913351686
2020-04-10 06:00:00,7.632859124538056,7.606986591996628,0.025872532541428406
2020-04-10 07:00:00,12.485180161932968,12.30554743268664,0.1796327292463289
2020-04-10 08:00:00,10.706832035651816,10.51758520306031,0.18924683259150576
2020-04-10 09:00:00,8.197117758626941,8.225209229284678,-0.02809147065773665
2020-04-10 10:00:00,11.408817191801909,11.736506729688298,-0.3276895378863891
2020-04-10 11:00:00,12.85969457608054,12.82484498525163,0.03484959082891059
2020-04-10 12:00:00,8.201131715344511,8.308517397200294,-0.10738568185578323
2020-04-10 13:00:00,7.826768448590989,8.018187880221074,-0.19141943163008523
2020-04-10 14:00:00,8.441604539582894,8.426803534831501,0.014801004751392455
2020-04-10 15:00:00,8.76739530492962,8.331064438885628,0.43633086604399196
2020-04-10 16:00:00,7.226454868920561,7.504429341998867,-0.2779744730783058
2020-04-10 17:00:00,9.023902324240126,8.311716179693345,0.7121861445467808
2020-04-10 18:00:00,8.167403906634394,8.124267407913004,0.043136498721390026
2020-04-10 19:00:00,11.994268638575152,12.075272897051027,-0.08100425847587545
2020-04-10 20:00:00,8.665340034386386,8.717754507246156,-0.052414472859769745
2020-04-10 21:00:00,10.488219571423476,10.475015681888621,0.013203889534855406
2020-04-10 22:00:00,8.727815070522174,8.774388467263604,-0.04657339674142946
2020-04-10 23:00:00,14.036015709861028,13.91403454527962,0.12198116458140795
2020-04-11 00:00:00,6.624142736319115,6.908079741126967,-0.2839370048078518
2020-04-11 01:00:00,9.752194808660851,9.989593330669619,-0.23739852200876754
2020-04-11 02:00:00,9.995065295858376,9.506337607718155,0.48872768814022116
2020-04-11 03:00:00,10.955509801083794,11.49284719247556,-0.5373373913917661
2020-04-11 04:00:00,8.953956999326252,8.615345828984763,0.3386111703414887
2020-04-11 05:00:00,9.684315588915693,9.597123416804987,0.08719217211070607
2020-04-11 06:00:00,10.91808817247535,10.94744336326856,-0.029355190793209474
2020-04-11 07:00:00,6.959912763891808,7.005820527727595,-0.04590776383578721
2020-04-11 08:00:00,7.984548444658777,7.9962270306028165,-0.01167858594403981
2020-04-11 09:00:00,11.138260508790218,11.071533426457755,0.06672708233246283
2020-04-11 10:00:00,11.152266577654052,11.14969625091377,0.002570326740281459
2020-04-11 11:00:00,7.312392770183283,6.915908285528875,0.3964844846544082
2020-04-11 12:00:00,12.748244547413806,11.653412894477981,1.0948316529358255
2020-04-11 13:00:00,9.669997875375389,9.539706009621243,0.13029186575414542
2020-04-11 14:00:00,7.728520376991381,7.4165052419121835,0.3120151350791973
2020-04-11 15:00:00,8.61112497568681,8.30545827583923,0.30566669984757944
2020-04-11 16:00:00,7.407594530458241,7.696245536643503,-0.28865100618526185
2020-04-11 17:00:00,6.7188586290133285,6.891693907394999,-0.17283527838167068
2020-04-11 18:00:00,12.605446922313966,11.723715168669521,0.8817317536444449
2020-04-11 19:00:00,6.327103514590824,6.65661140808709,-0.32950789349626586
2020-04-11 20:00:00,11.342113967394306,11.778745121809866,-0.43663115441555966
2020-04-11 21:00:00,6.970141688014505,6.730243718066999,0.23989796994750545
2020-04-11 22:00:00,7.397825891140898,7.19274724702419,0.20507864411670784
2020-04-11 23:00:00,12.809571021723595,12.999523401604451,-0.18995237988085556
2020-04-12 00:00:00,9.69430262533414,9.948383923993758,-0.25408129865961726
2020-04-12 01:00:00,7.923044482870848,7.907091591034391,0.01595289183645754
2020-04-12 02:00:00,8.922118132064583,8.878327351851445,0.04379078021313809
2020-04-12 03:00:00,8.270716108520324,8.236795098005592,0.03392101051473162
2020-04-12 04:00:00,8.864410053680349,8.94712619463107,-0.08271614095072088
2020-04-12 05:00:00,8.421612917549336,8.605477727397641,-0.18386480984830555
2020-04-12 06:00:00,37.61225289109813,37.592610821856844,0.019642069241285753
2020-04-12 07:00:00,10.18006336249577,10.628832796176713,-0.44876943368094224
2020-04-12 08:00:00,12.132852674123008,12.01108704495735,0.12176562916565814
2020-04-12 09:00:00,24.53126734871581,24.758740839449654,-0.2274734907338427
2020-04-12 10:00:00,14.481697642159396,14.491068258693854,-0.00937061653445781
2020-04-12 11:00:00,12.941438407872816,13.018111697480613,-0.07667328960779685
2020-04-12 12:00:00,12.085885941492732,11.832444720096225,0.25344122139650693
2020-04-12 13:00:00,16.822418042117814,16.41193840830872,0.4104796338090928
2020-04-12 14:00:00,14.493518103732567,14.455695093917809,0.03782300981475828
2020-04-12 15:00:00,10.16040019804626,10.073492492767981,0.08690770527827851
2020-04-12 16:00:00,12.456777843492548,12.564808537657642,-0.10803069416509459
2020-04-12 17:00:00,9.529052287511831,9.109029884279327,0.4200224032325046
2020-04-12 18:00:00,8.387833761363115,8.813788251800785,-0.42595449043767
2020-04-12 19:00:00,7.31041920167213,7.709297911012372,-0.3988787093402415
2020-04-12 20:00:00,8.382039833188902,8.318863313291596,0.063176519897306
2020-04-12 21:00:00,10.616022148745834,10.287242906032235,0.3287792427135994
2020-04-12 22:00:00,7.060164992011828,7.172916565632395,-0.11275157362056731
2020-04-12 23:00:00,8.156023487919738,8.75333280398814,-0.5973093160684027
2020-04-13 00:00:00,7.656614518306099,7.933167557877758,-0.27655303957165955
2020-04-13 01:00:00,8.824623681924074,9.046289570773634,-0.22166588884956084
2020-04-13 02:00:00,8.673562526580636,8.401679756344764,0.27188277023587126
2020-04-13 03:00:00,12.815411128442818,12.996790877056647,-0.18137974861382844
2020-04-13 04:00:00,11.078625908260124,10.954270424471241,0.12435548378888228
2020-04-13 05:00:00,6.735357783354862,6.842366621239575,-0.10700883788471227
2020-04-13 06:00:00,10.868095179187078,10.977212229363131,-0.109117050176053
2020-04-13 07:00:00,7.151182996968271,7.38545371125749,-0.2342707142892193
2020-04-13 08:00:00,7.775128091182735,7.811304585496693,-0.036176494313957974
2020-04-13 09:00:00,9.181983776454954,9.332550930221425,-0.15056715376647034
2020-04-13 10:00:00,10.546037272443732,10.695705121223094,-0.14966784877936234
2020-04-13 11:00:00,6.751584308518737,6.783437004172679,-0.03185269565394222
2020-04-13 12:00:00,8.425200172886425,8.094745912452247,0.3304542604341787
2020-04-13 13:00:00,8.659642202840242,8.744304158628289,-0.08466195578804658
2020-04-13 14:00:00,10.088198738017102,10.025443813080427,0.06275492493667478
2020-04-13 15:00:00,9.216021419610922,9.445924900941826,-0.2299034813309042
2020-04-13 16:00:00,11.351440202387112,11.959017548314803,-0.607577345927691
2020-04-13 17:00:00,6.653091331492085,7.012983243586289,-0.3598919120942039
2020-04-13 18:00:00,11.88383705444086,12.061854055892931,-0.178017001452071
2020-04-13 19:00:00,7.7933884003743215,8.087447807821409,-0.2940594074470875
2020-04-13 20:00:00,7.631907052552147,7.773135031543243,-0.14122797899109596
2020-04-13 21:00:00,11.792390031016184,11.847617812238113,-0.055227781221928396
2020-04-13 22:00:00,10.779173110176568,10.756787290723063,0.022385819453505817
2020-04-13 23:00:00,33.31702627128944,32.69775892792731,0.6192673433621323
2020-04-14 00:00:00,32.52573946291099,32.73499831142447,-0.2092588485134783
2020-04-14 01:00:00,14.296069416291756,14.22834083709084,0.06772857920091546
2020-04-14 02:00:00,25.099530283432667,24.805974165515938,0.2935561179167294
2020-04-14 03:00:00,21.0926000299494,21.28594707103389,-0.19334704108448975
2020-04-14 04:00:00,12.66244777637198,12.549340354394813,0.11310742197716728
2020-04-14 05:00:00,13.504959453093536,13.38169282877046,0.123266624323076
2020-04-14 06:00:00,14.207775117558665,13.965331013768743,0.24244410378992143
2020-04-14 07:00:00,24.08288916504108,24.176992681555834,-0.09410351651475324
2020-04-14 08:00:00,19.26458283245809,19.057469293351126,0.20711353910696317
2020-04-14 09:00:00,18.038929498904864,18.200409061225646,-0.16147956232078187
2020-04-14 10:00:00,16.964196924577596,17.14846881210532,-0.18427188752772494
2020-04-14 11:00:00,9.589636927059122,10.024559809927531,-0.43492288286840974
2020-04-14 12:00:00,14.322169015329282,14.47160654366747,-0.14943752833818813
2020-04-14 13:00:00,13.812512983406426,12.978782558636489,0.8337304247699375
2020-04-14 14:00:00,9.82347312940641,9.862155000621476,-0.038681871215064945
2020-04-14 15:00:00,10.626896462922982,10.588400977793501,0.038495485129480755
2020-04-14 16:00:00,7.497598761472183,7.79737477210848,-0.2997760106362968
2020-04-14 17:00:00,12.123080745239257,12.548578722842747,-0.42549797760348973
2020-04-14 18:00:00,13.43878731918424,13.02882053797307,0.40996678121116936
2020-04-14 19:00:00,7.678356907830658,8.507473723436336,-0.8291168156056781
2020-04-14 20:00:00,9.067094766670008,9.138027822013898,-0.0709330553438896
2020-04-14 21:00:00,6.005072042280051,6.294017850595621,-0.28894580831557004
2020-04-14 22:00:00,6.788120434089213,6.582013699700436,0.20610673438877658
2020-04-14 23:00:00,8.3956576725416,8.283378363222777,0.11227930931882213
2020-04-15 00:00:00,9.276073881201713,9.12526282033643,0.1508110608652835
2020-04-15 01:00:00,13.830834213890109,13.707110228046425,0.12372398584368405
2020-04-15 02:00:00,7.845438935607918,7.528586373221796,0.3168525623861216
2020-04-15 03:00:00,11.325804490580976,11.190049146827674,0.13575534375330278
2020-04-15 04:00:00,7.567176394691859,7.705386286953226,-0.1382098922613677
2020-04-15 05:00:00,10.309894786451334,10.25679773560887,0.053097050842463744
2020-04-15 06:00:00,10.266380902254648,10.404422150923619,-0.13804124866897105
2020-04-15 07:00:00,7.321450920046579,7.401495325598024,-0.08004440555144487
2020-04-15 08:00:00,8.539621563298178,9.076778913043777,-0.5371573497455984
2020-04-15 09:00:00,12.23798655882018,12.451133652202502,-0.21314709338232163
2020-04-15 10:00:00,26.724387247832187,26.65150462621272,0.0728826216194669
2020-04-15 11:00:00,27.92022095927881,27.746228415344586,0.1739925439342258
2020-04-15 12:00:00,23.53059778006801,23.82164113419215,-0.2910433541241382
2020-04-15 13:00:00,20.30571614186829,20.375874021865155,-0.07015787999686296
2020-04-15 14:00:00,9.605322275522669,9.561511104353151,0.04381117116951749
2020-04-15 15:00:00,17.529242952143196,17.251796695172505,0.27744625697069125
2020-04-15 16:00:00,10.61018296122489,10.515971965941407,0.09421099528348265
2020-04-15 17:00:00,9.872840273649588,9.65754039728939,0.21529987636019854
2020-04-15 18:00:00,14.668706986036318,14.550790150182737,0.11791683585358115
2020-04-15 19:00:00,14.630145727275725,14.351188202304431,0.2789575249712932
2020-04-15 20:00:00,16.477673240802417,16.27330141558863,0.20437182521378716
2020-04-15 21:00:00,13.09588895117639,13.568441776979824,-0.47255282580343483
2020-04-15 22:00:00,11.15857015162044,11.482624058455645,-0.3240539068352053
2020-04-15 23:00:00,11.570681887545495,11.611656499225294,-0.040974611679798656
2020-04-16 00:00:00,13.209919280701696,13.390175057457075,-0.18025577675537896
2020-04-16 01:00:00,13.802557392143717,13.294357069041249,0.5082003231024679
2020-04-16 02:00:00,9.588749269827147,9.546762169422943,0.041987100404204725
2020-04-16 03:00:00,10.93009045188489,11.160949000565314,-0.23085854868042333
2020-04-16 04:00:00,11.820631248010542,11.075862843713542,0.744768404297
2020-04-16 05:00:00,11.230187916446717,11.104396988598015,0.12579092784870127
2020-04-16 06:00:00,10.45903780641556,10.979731808960349,-0.5206940025447881
2020-04-16 07:00:00,6.310705243465366,6.571519850108586,-0.26081460664322
2020-04-16 08:00:00,12.205376068768162,12.027347393194722,0.17802867557344015
2020-04-16 09:00:00,12.349881430710846,12.677338475871824,-0.32745704516097796
2020-04-16 10:00:00,13.47843731301587,13.29640396405966,0.18203334895621026
2020-04-16 11:00:00,7.077021273758586,7.299609552171813,-0.2225882784132276
2020-04-16 12:00:00,8.624374698619878,8.449366265400243,0.17500843321963444
2020-04-16 13:00:00,7.822186330128702,8.17093672032955,-0.3487503902008484
2020-04-16 14:00:00,8.444896977783053,8.362410264228544,0.0824867135545091
2020-04-16 15:00:00,8.970791608008037,9.01416111139088,-0.04336950338284318
2020-04-16 16:00:00,9.184773187993322,9.612477398466858,-0.4277042104735358
2020-04-16 17:00:00,8.31755920208208,8.306522361744168,0.011036840337911968
2020-04-16 18:00:00,9.121972485372812,8.667625834037752,0.4543466513350598
2020-04-16 19:00:00,13.47472506166794,13.551535987145154,-0.07681092547721491
2020-04-16 20:00:00,12.659737689491946,12.658534344688826,0.001203344803119677
2020-04-16 21:00:00,9.932381003709905,10.507226496747169,-0.5748454930372642
2020-04-16 22:00:00,11.72332919338874,11.582922836755484,0.14040635663325496
2020-04-16 23:00:00,15.690734999540968,15.657851421674446,0.03288357786652263
2020-04-17 00:00:00,9.271593619835397,8.791022698516647,0.48057092131874946
2020-04-17 01:00:00,15.49352586030518,14.917653587767424,0.5758722725377563
2020-04-17 02:00:00,13.653350593593974,13.705118137314685,-0.05176754372071102
2020-04-17 03:00:00,11.265884593635567,10.828015282971313,0.4378693106642544
2020-04-17 04:00:00,13.037739678212231,13.545338466081024,-0.5075987878687922
2020-04-17 05:00:00,9.1806588145644,8.869697709670103,0.3109611048942966
2020-04-17 06:00:00,10.961679993310602,10.7823255675908,0.17935442571980253
2020-04-17 07:00:00,12.757659648529762,12.584317293575204,0.17334235495455808
2020-04-17 08:00:00,11.115419967682357,11.278566912662761,-0.16314694498040438
2020-04-17 09:00:00,12.856429060680831,12.73061922762165,0.12580983305918103
2020-04-17 10:00:00,9.624128260085245,8.836827983569956,0.787300276515289
2020-04-17 11:00:00,12.782391066354364,12.673021783994084,0.1093692823602801
2020-04-17 12:00:00,8.104708229022826,8.337812277795557,-0.23310404877273072
2020-04-17 13:00:00,7.64838294335808,6.994606438047038,0.6537765053110425
2020-04-17 14:00:00,35.1833181685688,34.97943798012367,0.20388018844513311
2020-04-17 15:00:00,15.108878696122105,15.037804412782316,0.07107428333978838
2020-04-17 16:00:00,29.16169863058705,28.970323862481667,0.19137476810538345
2020-04-17 17:00:00,12.936578747422184,12.816943951702783,0.11963479571940105
2020-04-17 18:00:00,23.068201146028407,23.192749077561512,-0.12454793153310462
2020-04-17 19:00:00,11.250981018794668,11.353301793984823,-0.10232077519015448
2020-04-17 20:00:00,20.67940095179139,20.948738514542963,-0.2693375627515735
2020-04-17 21:00:00,17.000885503720394,16.6588422562488,0.34204324747159376
2020-04-17 22:00:00,18.406441015009367,17.884168040963115,0.5222729740462526
2020-04-17 23:00:00,12.550453449310872,12.567339186713673,-0.016885737402800416
2020-04-18 00:00:00,14.974392888481226,15.08417815488025,-0.1097852663990242
2020-04-18 01:00:00,14.626513065360534,14.760736307595153,-0.13422324223461857
2020-04-18 02:00:00,13.9425606725557,13.963665189424244,-0.021104516868543755
2020-04-18 03:00:00,11.552986955145052,11.693467279284901,-0.14048032413984934
2020-04-18 04:00:00,8.362778478325902,8.489029649637276,-0.12625117131137387
2020-04-18 05:00:00,12.050500359754071,11.728272087807168,0.3222282719469032
2020-04-18 06:00:00,8.558191389854242,8.758631115826518,-0.20043972597227544
2020-04-18 07:00:00,7.94893399275104,8.37934538388818,-0.4304113911371408
2020-04-18 08:00:00,8.019079073286656,8.165423845126842,-0.14634477184018557
2020-04-18 09:00:00,11.060834641218335,11.040460016455766,0.020374624762569127
2020-04-18 10:00:00,11.28108070564201,11.319638465769268,-0.03855776012725798
2020-04-18 11:00:00,8.877170159712069,8.711853981476192,0.16531617823587652
2020-04-18 12:00:00,8.262123001834949,8.333737918657905,-0.07161491682295562
2020-04-18 13:00:00,12.329551470156678,12.464031665921484,-0.1344801957648052
2020-04-18 14:00:00,10.669360257175788,10.973524563696973,-0.3041643065211854
2020-04-18 15:00:00,25.47607205494841,24.679549115795993,0.7965229391524176
2020-04-18 16:00:00,12.669848626139864,12.619864283188608,0.0499843429512552
2020-04-18 17:00:00,9.63960713479931,9.756162280940373,-0.11655514614106366
2020-04-18 18:00:00,16.258108434451366,16.393380137548366,-0.13527170309700054
2020-04-18 19:00:00,13.85378205649083,14.133941653049208,-0.2801595965583772
2020-04-18 20:00:00,11.429709133237957,11.218694428928305,0.21101470430965108
2020-04-18 21:00:00,7.913754786137004,7.91732203301958,-0.003567246882576036
2020-04-18 22:00:00,8.500301528599987,8.930520103812249,-0.4302185752122618
2020-04-18 23:00:00,7.762020446579773,7.39157095586153,0.37044949071824274
2020-04-19 00:00:00,8.811192823126142,8.463568827915484,0.34762399521065745
2020-04-19 01:00:00,11.36926957720452,10.985409739351523,0.38385983785299693
2020-04-19 02:00:00,8.828507174613284,8.73249288274186,0.0960142918714233
2020-04-19 03:00:00,11.498253611249476,11.283127442219678,0.21512616902979786
2020-04-19 04:00:00,16.675930783486788,16.41759875082631,0.25833203266047633
2020-04-19 05:00:00,9.82779650731282,9.794677439456395,0.03311906785642549
2020-04-19 06:00:00,13.317058783469392,13.013075976388262,0.30398280708113035
2020-04-19 07:00:00,8.960839338162272,9.07075566729619,-0.10991632913391847
2020-04-19 08:00:00,7.590876860588932,7.373819187458571,0.21705767313036173
2020-04-19 09:00:00,10.703671448466611,10.982665035419483,-0.2789935869528719
2020-04-19 10:00:00,12.7174180380857,12.867753807786857,-0.15033576970115625
2020-04-19 11:00:00,7.86784454984918,7.55120899099723,0.31663555885195027
2020-04-19 12:00:00,13.4470217610662,13.096136340869148,0.35088542019705216
2020-04-19 13:00:00,7.794729201234536,7.618944558069804,0.1757846431647323
2020-04-19 14:00:00,7.990008588862097,8.156067956499225,-0.1660593676371276
2020-04-19 15:00:00,10.126071167266224,9.763648952920127,0.3624222143460969
2020-04-19 16:00:00,12.134837290746058,12.460780140740146,-0.32594284999408885
2020-04-19 17:00:00,7.809959784671833,8.015514684346423,-0.2055548996745893
2020-04-19 18:00:00,12.543812741458684,12.098211512373386,0.4456012290852982
2020-04-19 19:00:00,7.528864669440746,8.302608559254564,-0.7737438898138178
2020-04-19 20:00:00,9.071670466096409,9.486640404274944,-0.414969938178535
2020-04-19 21:00:00,8.125495785435877,8.161040285983477,-0.03554450054759961
2020-04-19 22:00:00,9.030530882203092,9.120669114468866,-0.09013823226577422
2020-04-19 23:00:00,11.255097421363333,11.532551444250597,-0.2774540228872642
2020-04-20 00:00:00,12.953602808633194,12.470850234388438,0.48275257424475626
2020-04-20 01:00:00,7.999869745694769,8.305550618492564,-0.30568087279779466
2020-04-20 02:00:00,8.946950777324005,9.027913033739205,-0.08096225641519972
2020-04-20 03:00:00,8.616799116122353,8.751469462089359,-0.134670345967006
2020-04-20 04:00:00,11.015098392708332,11.02197592631478,-0.006877533606449049
2020-04-20 05:00:00,11.996895661062888,11.670668165527912,0.326227495534976
2020-04-20 06:00:00,11.775218729615249,11.42066792635945,0.35455080325579935
2020-04-20 07:00:00,10.9198965785007,10.74358008068571,0.17631649781498915
2020-04-20 08:00:00,13.219019579354285,12.811779198458945,0.40724038089534
2020-04-20 09:00:00,11.982125220642487,11.841765001017025,0.14036021962546208
2020-04-20 10:00:00,8.195066528036106,8.197248156333515,-0.0021816282974089773
2020-04-20 11:00:00,12.956610264228711,12.24537914595394,0.711231118274771
2020-04-20 12:00:00,13.000025464380997,13.147601738877755,-0.14757627449675859
2020-04-20 13:00:00,8.103144336664874,8.62392712618159,-0.5207827895167156
2020-04-20 14:00:00,8.137328727173257,8.072159847992657,0.06516887918060021
2020-04-20 15:00:00,13.310220335456911,13.379751998158579,-0.06953166270166733
2020-04-20 16:00:00,11.296918417504296,11.68063734419354,-0.38371892668924446
2020-04-20 17:00:00,7.161253507893987,7.174641953374789,-0.013388445480802424
2020-04-20 18:00:00,7.85449411821345,8.0760747588529,-0.22158064063945115
2020-04-20 19:00:00,7.751782941264439,7.87925218177649,-0.12746924051205077
2020-04-20 20:00:00,9.537603829660382,9.561169685032128,-0.02356585537174638
2020-04-20 21:00:00,11.639893854330053,11.642295607487709,-0.002401753157656117
2020-04-20 22:00:00,10.695058131402195,10.805456183857013,-0.11039805245481737
2020-04-20 23:00:00,8.261116610997822,8.584232786773084,-0.32311617577526164
2020-04-21 00:00:00,7.129031085005519,7.440366596996694,-0.3113355119911745
2020-04-21 01:00:00,8.588192595400175,8.613515741613387,-0.02532314621321241
2020-04-21 02:00:00,10.56030206972488,10.15545082084599,0.4048512488788898
2020-04-21 03:00:00,11.184654763757468,11.306124637384688,-0.12146987362721973
2020-04-21 04:00:00,9.570310783186008,9.494273432509527,0.0760373506764811
2020-04-21 05:00:00,7.8044191008821775,7.687441784640877,0.11697731624130014
2020-04-21 06:00:00,12.263640417011173,12.558659924596524,-0.29501950758535145
2020-04-21 07:00:00,7.849127684661459,8.169120927239831,-0.3199932425783718
2020-04-21 08:00:00,10.083390001427288,9.483341836079132,0.6000481653481557
2020-04-21 09:00:00,9.25139792012294,9.201068502607407,0.05032941751553288
2020-04-21 10:00:00,9.338110089703545,9.471279789090959,-0.1331696993874143
2020-04-21 11:00:00,7.328137082162359,7.595700821151308,-0.26756373898894914
2020-04-21 12:00:00,11.33093962112716,11.422539398804343,-0.09159977767718352
2020-04-21 13:00:00,7.879648042943211,7.792845268843124,0.08680277410008763
2020-04-21 14:00:00,7.258144503017981,7.2096763873722685,0.048468115645712295
2020-04-21 15:00:00,10.7237233302832,11.125718061098784,-0.40199473081558423
2020-04-21 16:00:00,9.872499098880786,9.89743323401121,-0.024934135130424195
2020-04-21 17:00:00,11.12514992223232,10.934338080284647,0.19081184194767253
2020-04-21 18:00:00,10.644204378433118,10.910545962474684,-0.26634158404156594
2020-04-21 19:00:00,8.718988532587122,8.41778444456096,0.3012040880261626
2020-04-21 20:00:00,9.235223183680754,9.342782170018271,-0.10755898633751748
2020-04-21 21:00:00,11.593524989673243,11.915636177774923,-0.3221111881016796
2020-04-21 22:00:00,11.40285567884372,11.634213173095988,-0.23135749425226848
2020-04-21 23:00:00,7.743550171988032,7.824181755202242,-0.0806315832142106
2020-04-22 00:00:00,13.734661596342756,13.325530974698578,0.40913062164417724
2020-04-22 01:00:00,12.867053044396323,12.970665575505855,-0.1036125311095315
2020-04-22 02:00:00,11.601281884214783,11.587461731087588,0.013820153127195312
2020-04-22 03:00:00,11.65352092408602,11.381003409207215,0.27251751487880504
2020-04-22 04:00:00,7.187372765192749,7.252317654251631,-0.06494488905888218
2020-04-22 05:00:00,11.025312978084877,11.337300942136167,-0.3119879640512906
2020-04-22 06:00:00,6.820474101495068,7.189349322448386,-0.36887522095331793
2020-04-22 07:00:00,9.376785890225769,9.08173392296775,0.2950519672580185
2020-04-22 08:00:00,10.541729755871554,10.549725786981153,-0.007996031109598789
2020-04-22 09:00:00,8.052461463987415,7.778196688292058,0.27426477569535646
2020-04-22 10:00:00,13.633292980720151,13.596859014007215,0.03643396671293608
2020-04-22 11:00:00,9.705174787302036,9.131093551760546,0.5740812355414899
2020-04-22 12:00:00,7.3583284628813,7.689751826919638,-0.33142336403833816
2020-04-22 13:00:00,12.56413922108334,12.629210834627811,-0.06507161354447177
2020-04-22 14:00:00,7.641877657338104,7.631502764797365,0.010374892540738756
2020-04-22 15:00:00,8.19176328208822,8.130136083742215,0.061627198346004164
2020-04-22 16:00:00,12.755517069329125,12.79035062825118,-0.03483355892205431
2020-04-22 17:00:00,10.89016616097071,11.17816878948969,-0.2880026285189814
2020-04-22 18:00:00,12.393735817260382,12.354879608999866,0.0388562082605155
2020-04-22 19:00:00,8.988009238467818,8.522632659985527,0.4653765784822905
2020-04-22 20:00:00,11.905992375894154,11.491248520386346,0.41474385550780823
2020-04-22 21:00:00,11.201333936723668,10.896748491305603,0.30458544541806454
2020-04-22 22:00:00,9.076444714884566,9.128312132228283,-0.05186741734371658
2020-04-22 23:00:00,10.17937499673226,10.220026951303957,-0.04065195457169679
2020-04-23 00:00:00,8.063819841396134,8.521502743844094,-0.45768290244796006
2020-04-23 01:00:00,15.209133814576818,14.847547900729918,0.3615859138469002
2020-04-23 02:00:00,7.730818451822041,7.874608879068713,-0.1437904272466719
2020-04-23 03:00:00,8.929666844512106,8.674822334740325,0.25484450977178064
2020-04-23 04:00:00,9.859286528601276,9.54203985599466,0.31724667260661477
2020-04-23 05:00:00,10.980250958210307,11.010850079145037,-0.030599120934729385
2020-04-23 06:00:00,8.633617847257343,8.938810953256732,-0.30519310599938976
2020-04-23 07:00:00,9.903686907953984,9.792932400172598,0.11075450778138674
2020-04-23 08:00:00,12.204585701411489,11.879860077251344,0.32472562416014483
2020-04-23 09:00:00,11.893375208566155,12.006785594991088,-0.11341038642493295
2020-04-23 10:00:00,12.33557174094052,11.895127089730282,0.4404446512102371
2020-04-23 11:00:00,7.548827604152397,7.605086681072667,-0.05625907692026999
2020-04-23 12:00:00,6.12662518830506,6.604428551609007,-0.4778033633039467
2020-04-23 13:00:00,8.708615294834539,9.089985163023972,-0.38136986818943264
2020-04-23 14:00:00,9.028435028067392,9.183571786341766,-0.15513675827437368
2020-04-23 15:00:00,8.518108566188069,8.633211295934029,-0.11510272974595992
2020-04-23 16:00:00,12.16433054639509,12.40709159152399,-0.2427610451288995
2020-04-23 17:00:00,6.960976506153304,6.995499416024345,-0.03452290987104156
2020-04-23 18:00:00,10.878362949301604,11.574961827860964,-0.6965988785593602
2020-04-23 19:00:00,8.807986434505526,8.474398488444773,0.3335879460607529
2020-04-23 20:00:00,11.964268506298504,11.552289610483715,0.41197889581478897
2020-04-23 21:00:00,7.157192340207833,7.37037880060577,-0.21318646039793698
2020-04-23 22:00:00,12.21831628222654,12.68158605377736,-0.46326977155082005
2020-04-23 23:00:00,12.363789852187304,12.04537163179859,0.3184182203887147
2020-04-24 00:00:00,11.604026737233385,11.29311716580688,0.3109095714265049
2020-04-24 01:00:00,9.639311285302233,9.270004303243383,0.36930698205885015
2020-04-24 02:00:00,10.787098975587751,10.854945487799805,-0.06784651221205351
2020-04-24 03:00:00,11.590975808072274,12.314878907659464,-0.72390309958719
2020-04-24 04:00:00,10.160231580518516,9.731698154104583,0.4285334264139333
2020-04-24 05:00:00,12.627422295852629,12.592534779747487,0.03488751610514207
2020-04-24 06:00:00,7.788160744760099,8.201757215943857,-0.41359647118375786
2020-04-24 07:00:00,10.95052653575712,11.000104246090315,-0.04957771033319425
2020-04-24 08:00:00,7.437972467429417,7.496888120026653,-0.058915652597235635
2020-04-24 09:00:00,9.208196931594587,9.098525364159562,0.10967156743502571
2020-04-24 10:00:00,8.058903843700485,8.118071915299799,-0.05916807159931459
2020-04-24 11:00:00,10.909406275369031,10.273840620898854,0.6355656544701773
2020-04-24 12:00:00,10.635758790855014,10.859347851526644,-0.22358906067162998
2020-04-24 13:00:00,7.124687326130591,7.1946970489964714,-0.0700097228658807
2020-04-24 14:00:00,8.052163064664986,7.739177233596749,0.31298583106823763
2020-04-24 15:00:00,9.076919446647402,9.10128958544322,-0.02437013879581862
2020-04-24 16:00:00,15.205224780549685,15.15796942786885,0.04725535268083547
2020-04-24 17:00:00,11.27333574989057,11.339153015677635,-0.06581726578706437
2020-04-24 18:00:00,7.944582356764734,8.971138515827656,-1.0265561590629222
2020-04-24 19:00:00,11.041910243547086,11.166742474085277,-0.12483223053819081
2020-04-24 20:00:00,11.34896311132986,11.194607799903075,0.1543553114267855
2020-04-24 21:00:00,9.212920861023468,8.822818640717811,0.390102220305657
2020-04-24 22:00:00,10.376597591118172,10.837542899375334,-0.4609453082571626
2020-04-24 23:00:00,13.184929108449587,12.80128652327547,0.3836425851741172
2020-04-25 00:00:00,11.105082594510286,11.127285784184359,-0.022203189674073087
2020-04-25 01:00:00,33.515126046106765,33.56028375224926,-0.045157706142497034
2020-04-25 02:00:00,14.207859736158204,14.880288219500855,-0.6724284833426513
2020-04-25 03:00:00,25.227538056818226,25.0859924143131,0.14154564250512536
2020-04-25 04:00:00,10.84344806609571,10.905498770442053,-0.0620507043463423
2020-04-25 05:00:00,11.20664316541068,11.176017720835917,0.03062544457476335
2020-04-25 06:00:00,9.655832112038874,9.533103433680825,0.12272867835804924
2020-04-25 07:00:00,11.355640178610065,11.019008316843628,0.33663186176643656
2020-04-25 08:00:00,10.726512228970348,11.000630238387238,-0.27411800941689
2020-04-25 09:00:00,42.771630947423525,42.30062627562014,0.4710046718033851
2020-04-25 10:00:00,34.26306945751031,34.30343151726543,-0.040362059755118196
2020-04-25 11:00:00,33.84200946000899,33.88443033904848,-0.04242087903948999
2020-04-25 12:00:00,13.587348518806856,13.827896863234798,-0.2405483444279426
2020-04-25 13:00:00,13.38797851870217,13.443382349540334,-0.05540383083816458
2020-04-25 14:00:00,14.050931710223786,13.941982230807596,0.10894947941618938
2020-04-25 15:00:00,21.37077089207969,21.146126674144348,0.22464421793534228
2020-04-25 16:00:00,19.404990130230114,19.581224762421545,-0.17623463219143076
2020-04-25 17:00:00,11.854288921005002,11.5145675937361,0.3397213272689026
2020-04-25 18:00:00,9.37236983260562,9.194210042599657,0.17815979000596371
2020-04-25 19:00:00,10.648193413377886,10.875401512118676,-0.22720809874079073
2020-04-25 20:00:00,8.615466871000493,9.09475018028251,-0.47928330928201746
2020-04-25 21:00:00,9.126425964561038,9.004645669942617,0.12178029461842144
2020-04-25 22:00:00,11.123334573032292,11.111238897124666,0.012095675907625392
2020-04-25 23:00:00,11.319394198670096,10.79753742593895,0.5218567727311463
2020-04-26 00:00:00,13.022286321105694,12.670160649236323,0.3521256718693717
2020-04-26 01:00:00,7.701508949189937,8.149741793212838,-0.4482328440229013
2020-04-26 02:00:00,12.725778212626718,13.05360664430116,-0.3278284316744422
2020-04-26 03:00:00,14.860974797081305,14.724708722081205,0.13626607500009946
2020-04-26 04:00:00,12.46767443145944,12.372376475536084,0.0952979559233551
2020-04-26 05:00:00,8.47162285848093,8.48710133097076,-0.015478472489828476
2020-04-26 06:00:00,10.24233260416475,10.457780450099719,-0.21544784593496935
2020-04-26 07:00:00,11.49786366646817,12.02020060048129,-0.5223369340131203
2020-04-26 08:00:00,11.21142468606624,11.046667771702557,0.16475691436368223
2020-04-26 09:00:00,12.13939587159097,12.105790891055657,0.0336049805353138
2020-04-26 10:00:00,11.215198681273456,11.265939215773166,-0.05074053449970961
2020-04-26 11:00:00,9.148785076869796,8.678427867290438,0.4703572095793582
2020-04-26 12:00:00,14.90165420292984,14.713793301964392,0.1878609009654486
2020-04-26 13:00:00,8.982111255430397,9.054734859062837,-0.07262360363244014
2020-04-26 14:00:00,10.379917008656852,9.967974596319424,0.411942412337428
2020-04-26 15:00:00,8.247128438924864,8.039500988961915,0.20762744996294913
2020-04-26 16:00:00,11.555565343924918,11.762338603348978,-0.20677325942405922
2020-04-26 17:00:00,14.783941384339878,14.305038406795715,0.47890297754416267
2020-04-26 18:00:00,8.12982444931552,8.193771202470707,-0.06394675315518761
2020-04-26 19:00:00,12.654447832087415,12.595022918886162,0.059424913201253204
2020-04-26 20:00:00,10.032906949121312,9.700881017580615,0.3320259315406968
2020-04-26 21:00:00,8.51492903853863,8.662217723237669,-0.14728868469903844
2020-04-26 22:00:00,12.565229384781942,12.279381325685817,0.285848059096125
2020-04-26 23:00:00,8.198284943112954,8.36827661236437,-0.1699916692514165
2020-04-27 00:00:00,8.530782490893499,8.23070232938425,0.3000801615092481
2020-04-27 01:00:00,9.083600108981722,8.862750667868717,0.22084944111300508
2020-04-27 02:00:00,14.651090214234564,14.511656331382131,0.1394338828524333
2020-04-27 03:00:00,10.174608724496093,10.496425864982522,-0.32181714048642895
2020-04-27 04:00:00,13.192075494036274,13.912403517122995,-0.7203280230867204
2020-04-27 05:00:00,6.869416833061073,7.160386186032611,-0.2909693529715378
2020-04-27 06:00:00,8.850607511821512,8.906824412789286,-0.05621690096777421
2020-04-27 07:00:00,9.4880574137465,9.35763159604763,0.1304258176988693
2020-04-27 08:00:00,8.142331039528862,8.24405248707741,-0.10172144754854706
2020-04-27 09:00:00,10.223344498123268,10.656178458520461,-0.43283396039719335
2020-04-27 10:00:00,9.226827001356328,9.274339752264352,-0.047512750908023094
2020-04-27 11:00:00,9.342195118866234,8.89032250102611,0.4518726178401238
2020-04-27 12:00:00,9.303997682351724,9.257666912876328,0.046330769475396494
2020-04-27 13:00:00,12.67886087483555,12.788145445095124,-0.1092845702595735
2020-04-27 14:00:00,10.022188578061211,9.922612461201568,0.09957611685964274
2020-04-27 15:00:00,10.615158463615288,10.754980279418465,-0.13982181580317743
2020-04-27 16:00:00,7.34039842566154,7.528970783497533,-0.18857235783599258
2020-04-27 17:00:00,12.355445179139332,12.11517315626052,0.24027202287881266
2020-04-27 18:00:00,14.045081210949018,13.827090982083364,0.2179902288656539
2020-04-27 19:00:00,7.908983823403658,7.967463778202914,-0.05847995479925583
2020-04-27 20:00:00,12.660817250523822,13.15461438252157,-0.49379713199774855
2020-04-27 21:00:00,13.630296733547452,13.339099472268792,0.2911972612786595
2020-04-27 22:00:00,11.608305937281251,11.748725477471892,-0.1404195401906403
2020-04-27 23:00:00,37.81135872783071,37.87909814481624,-0.06773941698553188
2020-04-28 00:00:00,29.61334527936277,29.627918515036114,-0.014573235673346119
2020-04-28 01:00:00,29.03452091513925,27.46003241369925,1.5744885014400012
2020-04-28 02:00:00,21.912142784482747,21.529387715721,0.38275506876174603
2020-04-28 03:00:00,12.391798221105944,12.270221685775324,0.12157653533061996
2020-04-28 04:00:00,12.759315601081914,12.769254620673237,-0.009939019591323373
2020-04-28 05:00:00,18.06430398653995,18.02857495161068,0.03572903492927182
2020-04-28 06:00:00,18.658050885903226,18.403007597631987,0.25504328827123857
2020-04-28 07:00:00,19.97593838763821,19.78258130861696,0.1933570790212471
2020-04-28 08:00:00,8.98640843164567,9.099718131204018,-0.11330969955834824
2020-04-28 09:00:00,16.31233792389772,15.960212006036453,0.35212591786126524
2020-04-28 10:00:00,9.414065717709269,8.773979257232023,0.6400864604772458
2020-04-28 11:00:00,9.581892438997658,9.57262919717517,0.009263241822488055
2020-04-28 12:00:00,10.87539901330674,11.34955702493564,-0.4741580116288997
2020-04-28 13:00:00,9.43113646526355,9.673586079421387,-0.24244961415783628
2020-04-28 14:00:00,16.0197465493459,16.082242931167954,-0.0624963818220543
2020-04-28 15:00:00,14.22457557879481,14.41667953338423,-0.1921039545894203
2020-04-28 16:00:00,8.538990203224428,8.905275583975305,-0.36628538075087747
2020-04-28 17:00:00,12.630849834181156,12.769376895280045,-0.13852706109888935
2020-04-28 18:00:00,9.0867243222954,9.028007384410664,0.05871693788473564
2020-04-28 19:00:00,7.756985499389986,7.903503705290959,-0.1465182059009731
2020-04-28 20:00:00,8.782693973057054,8.661547418831253,0.12114655422580078
2020-04-28 21:00:00,9.059181700504515,8.860952573581931,0.198229126922584
2020-04-28 22:00:00,10.96279072254947,11.061777780671877,-0.09898705812240749
2020-04-28 23:00:00,11.441726932609257,11.40868836426636,0.03303856834289576
2020-04-29 00:00:00,7.298837923415277,7.526126200280391,-0.22728827686511366
2020-04-29 01:00:00,11.454183354023456,11.41613927110301,0.0380440829204467
2020-04-29 02:00:00,14.539505370205802,14.09732051882821,0.44218485137759167
2020-04-29 03:00:00,13.14904353723722,12.944397040277593,0.20464649695962756
2020-04-29 04:00:00,12.80750292672494,12.785581539722878,0.021921387002061365
2020-04-29 05:00:00,8.968378349781704,9.29003593301421,-0.32165758323250593
2020-04-29 06:00:00,11.944122604711325,11.79011842395523,0.154004180756095
2020-04-29 07:00:00,12.016899806205846,12.079572011831766,-0.0626722056259208
2020-04-29 08:00:00,9.740036364468809,9.585814776979465,0.154221587489344
2020-04-29 09:00:00,11.556109059683395,11.62262115463985,-0.0665120949564546
2020-04-29 10:00:00,8.992147812096482,9.17504335059075,-0.1828955384942681
2020-04-29 11:00:00,9.684478189455636,9.933425933798155,-0.24894774434251943
2020-04-29 12:00:00,7.658880165943127,7.57790033322136,0.08097983272176634
2020-04-29 13:00:00,9.5602493832642,10.009725563193188,-0.4494761799289879
2020-04-29 14:00:00,9.967246610186656,10.723874756191062,-0.756628146004406
2020-04-29 15:00:00,36.51498370984137,35.5617939010687,0.9531898087726702
2020-04-29 16:00:00,31.30357507034579,31.31996426839885,-0.016389198053058607
2020-04-29 17:00:00,27.43310856532463,27.42298149470708,0.010127070617549805
2020-04-29 18:00:00,14.866839391300218,14.458754506176398,0.40808488512382013
2020-04-29 19:00:00,25.88636851440058,25.119009427497154,0.7673590869034257
2020-04-29 20:00:00,20.306022882545737,20.681940687936788,-0.375917805391051
2020-04-29 21:00:00,17.845567360379988,17.820072918248485,0.025494442131503092
2020-04-29 22:00:00,10.058294883421562,10.900710907624815,-0.8424160242032528
2020-04-29 23:00:00,17.577930878486242,17.386925510180994,0.19100536830524817
2020-04-30 00:00:00,10.192511698145944,10.27983020161757,-0.08731850347162506
2020-04-30 01:00:00,13.5066971214406,13.256978859397279,0.24971826204332181
2020-04-30 02:00:00,11.609698548791473,11.578648765293332,0.03104978349814047
2020-04-30 03:00:00,9.602405995585697,10.056304610975467,-0.45389861538976994
2020-04-30 04:00:00,10.476659739048449,10.724475764850506,-0.24781602580205764
2020-04-30 05:00:00,12.482960593455818,12.769180840097935,-0.28622024664211665
2020-04-30 06:00:00,12.20757632839419,12.284310178023585,-0.07673384962939522
2020-04-30 07:00:00,9.43307931328679,9.488209654885239,-0.055130341598449206
2020-04-30 08:00:00,10.619743761662336,11.107754084262503,-0.4880103226001662
2020-04-30 09:00:00,13.544343488939733,13.448062606392202,0.09628088254753031
2020-04-30 10:00:00,8.474587416606234,8.560233763185883,-0.08564634657964909
2020-04-30 11:00:00,13.382193302066934,13.58337790177202,-0.20118459970508518
2020-04-30 12:00:00,30.90176871301981,30.99321173746116,-0.09144302444135022
2020-04-30 13:00:00,14.633073283058229,14.285436853178702,0.34763642987952714
2020-04-30 14:00:00,13.06809237995014,13.104604110630849,-0.0365117306807079
2020-04-30 15:00:00,19.40338474821684,19.53850738085689,-0.13512263264004787
2020-04-30 16:00:00,12.785780885408652,11.664792638491788,1.1209882469168644
2020-04-30 17:00:00,10.99111614114772,11.029526331588265,-0.03841019044054583
2020-04-30 18:00:00,17.215034436598977,16.82601213725731,0.389022299341665
2020-04-30 19:00:00,9.56890180544024,9.424569394302981,0.14433241113725792
2020-04-30 20:00:00,8.620847029624201,8.898087013750636,-0.27723998412643525
2020-04-30 21:00:00,14.302829916179723,14.55926563632454,-0.2564357201448164
2020-04-30 22:00:00,9.367250418118894,9.358616305728122,0.008634112390772941
2020-04-30 23:00:00,9.525519855698969,9.783103829605489,-0.2575839739065202
2020-05-01 00:00:00,12.941305454063713,13.23258357469217,-0.2912781206284567
2020-05-01 01:00:00,14.096281991976037,14.119187615518216,-0.0229056235421794
2020-05-01 02:00:00,14.141077327179902,14.168902474160124,-0.02782514698022176
2020-05-01 03:00:00,12.662350108638236,12.643208565822313,0.019141542815923174
2020-05-01 04:00:00,9.11561150939861,9.814040719828633,-0.6984292104300227
2020-05-01 05:00:00,9.159155908190424,8.935564914038114,0.22359099415231043
2020-05-01 06:00:00,12.07546202840568,12.336991077728033,-0.26152904932235366
2020-05-01 07:00:00,7.921478159990028,7.990160726731179,-0.06868256674115081
2020-05-01 08:00:00,10.968213866450196,10.77877964182415,0.1894342246260461
2020-05-01 09:00:00,8.734485726259745,8.687371251114133,0.04711447514561229
2020-05-01 10:00:00,11.672008639008522,11.188991215188812,0.48301742381971025
2020-05-01 11:00:00,8.431193023220828,8.540065143328802,-0.1088721201079732
2020-05-01 12:00:00,11.328774492941854,11.451840900690764,-0.12306640774890987
2020-05-01 13:00:00,12.207916672174848,12.630371856644272,-0.422455184469424
2020-05-01 14:00:00,13.672065940017,13.296975614640758,0.37509032537624165
2020-05-01 15:00:00,12.017326359440489,12.026575482205939,-0.009249122765449869
2020-05-01 16:00:00,13.818999492582885,14.137609178963215,-0.3186096863803307
2020-05-01 17:00:00,13.14941323245246,12.812603029331054,0.33681020312140575
2020-05-01 18:00:00,10.25471616809087,10.535682506135846,-0.2809663380449763
2020-05-01 19:00:00,11.137034443119552,10.743876558265816,0.3931578848537356
2020-05-01 20:00:00,10.518991931986823,10.275824277562702,0.2431676544241217
2020-05-01 21:00:00,10.221120200227697,9.90433465995913,0.3167855402685671
2020-05-01 22:00:00,9.03597267543544,8.867149535820557,0.16882313961488293
2020-05-01 23:00:00,8.657345782911054,9.013151531618501,-0.3558057487074464
2020-05-02 00:00:00,14.023126829666088,13.932971765345336,0.09015506432075249
2020-05-02 01:00:00,8.02073145979298,8.380485927171,-0.3597544673780195
2020-05-02 02:00:00,8.07062999939209,8.383057664298574,-0.312427664906485
2020-05-02 03:00:00,9.578717752176498,9.802326352872779,-0.22360860069628075
2020-05-02 04:00:00,12.734377808699758,12.332234368251353,0.40214344044840544
2020-05-02 05:00:00,12.876859576843414,13.196672875594773,-0.31981329875135955
2020-05-02 06:00:00,10.94896670352493,11.036980528767916,-0.08801382524298695
2020-05-02 07:00:00,15.107456993906066,15.101760455595779,0.00569653831028738
2020-05-02 08:00:00,10.817253145777226,11.374454056424025,-0.5572009106467988
2020-05-02 09:00:00,9.668181717659383,9.658096001757139,0.010085715902244274
2020-05-02 10:00:00,12.467630344000742,12.667262547847457,-0.19963220384671487
2020-05-02 11:00:00,11.032364006418293,10.832367458512023,0.1999965479062702
2020-05-02 12:00:00,12.871230676979932,12.938433731615076,-0.06720305463514364
2020-05-02 13:00:00,7.518761542887165,7.489981951582521,0.02877959130464447
2020-05-02 14:00:00,9.501420803583022,9.288617447238172,0.2128033563448497
2020-05-02 15:00:00,12.146393460687904,11.978140186179493,0.16825327450841066
2020-05-02 16:00:00,12.95016208058626,13.03281684050225,-0.08265475991598947
2020-05-02 17:00:00,11.716627559537404,11.638367714815086,0.07825984472231795
2020-05-02 18:00:00,12.635452171301496,12.364838574779643,0.27061359652185324
2020-05-02 19:00:00,15.046905049074594,15.069964326875201,-0.023059277800607347
2020-05-02 20:00:00,12.12649179825252,12.021836916409793,0.10465488184272687
2020-05-02 21:00:00,8.235365675688048,8.686466757357298,-0.45110108166925045
2020-05-02 22:00:00,8.992006489196239,9.11972564520358,-0.12771915600734118
2020-05-02 23:00:00,8.836961825070992,9.186081467485785,-0.3491196424147933
2020-05-03 00:00:00,13.506797270229082,13.391172668282781,0.1156246019463012
2020-05-03 01:00:00,10.52865832823834,10.654657420154964,-0.12599909191662384
2020-05-03 02:00:00,11.15698048009567,11.293321600692888,-0.13634112059721737
2020-05-03 03:00:00,13.133333488889484,13.62972406325867,-0.49639057436918677
2020-05-03 04:00:00,12.492182270472703,12.182426273972633,0.3097559965000709
2020-05-03 05:00:00,11.814480153103506,11.459459293336483,0.35502085976702347
2020-05-03 06:00:00,13.881705874820772,13.943730348129426,-0.06202447330865368
2020-05-03 07:00:00,9.836276687417092,10.063183891638642,-0.22690720422155053
2020-05-03 08:00:00,12.0607315065842,12.307320775976141,-0.2465892693919418
2020-05-03 09:00:00,13.337402230295565,13.504954292385355,-0.1675520620897899
2020-05-03 10:00:00,12.824620842459408,12.770846351380287,0.053774491079121134
2020-05-03 11:00:00,13.90927074226957,13.864914958000067,0.04435578426950215
2020-05-03 12:00:00,9.059358942521886,8.75541619090522,0.30394275161666506
2020-05-03 13:00:00,8.282543091574544,8.02528425426972,0.2572588373048248
2020-05-03 14:00:00,11.02325789142274,10.954897655170715,0.06836023625202436
2020-05-03 15:00:00,12.992917631957305,12.869294123098797,0.12362350885850759
2020-05-03 16:00:00,13.043207261860106,12.844551528250125,0.19865573360998035
2020-05-03 17:00:00,9.385734661415372,9.30808825824804,0.07764640316733207
2020-05-03 18:00:00,14.486872504622138,14.437245294919686,0.049627209702451935
2020-05-03 19:00:00,9.272534567946725,9.623445663170687,-0.350911095223962
2020-05-03 20:00:00,14.389487945675857,13.764858168685686,0.6246297769901705
2020-05-03 21:00:00,12.736493377415732,12.5486264218596,0.18786695555613164
2020-05-03 22:00:00,7.433757138389979,7.60023831635961,-0.16648117796963025
2020-05-03 23:00:00,8.999163207702598,9.430008898755826,-0.43084569105322856
2020-05-04 00:00:00,10.362411141354151,10.442986779866454,-0.0805756385123022
2020-05-04 01:00:00,13.976751635338568,14.204125586296454,-0.2273739509578867
2020-05-04 02:00:00,10.739793701215705,11.121040762375875,-0.3812470611601704
2020-05-04 03:00:00,8.99462286221633,9.153529128236308,-0.1589062660199776
2020-05-04 04:00:00,9.146892424702866,9.525140593108247,-0.37824816840538134
2020-05-04 05:00:00,8.354316123537403,8.260746657904754,0.09356946563264934
2020-05-04 06:00:00,8.40103936033967,8.187682150887644,0.21335720945202574
2020-05-04 07:00:00,12.96459023859101,13.221204399847064,-0.25661416125605463
2020-05-04 08:00:00,13.572730717082152,13.485045971133095,0.08768474594905662
2020-05-04 09:00:00,10.863013981018405,10.33240877010406,0.5306052109143451
2020-05-04 10:00:00,13.366958425624622,13.331636645642421,0.03532177998220121
2020-05-04 11:00:00,8.879223260901274,8.768358548858826,0.11086471204244752
2020-05-04 12:00:00,11.926025550118608,12.111810707222055,-0.18578515710344767
2020-05-04 13:00:00,15.309801893227556,15.23429969695087,0.07550219627668575
2020-05-04 14:00:00,36.51809459218688,36.44122469998607,0.0768698922008042
2020-05-04 15:00:00,30.94512503292154,30.744273801185756,0.20085123173578268
2020-05-04 16:00:00,28.003766063577665,27.60837495786781,0.39539110570985514
2020-05-04 17:00:00,12.331687772426765,12.390724536838288,-0.05903676441152328
2020-05-04 18:00:00,18.338126170271547,18.51507225662307,-0.1769460863515242
2020-05-04 19:00:00,20.070339885722703,20.146957902304052,-0.07661801658134948
2020-05-04 20:00:00,9.767305283768792,9.706685219252813,0.060620064515978456
2020-05-04 21:00:00,11.338211650633289,11.286182015570398,0.05202963506289038
2020-05-04 22:00:00,10.312905286283884,10.171736807748982,0.14116847853490277
2020-05-04 23:00:00,16.487477565323893,16.725098529919844,-0.23762096459595128
2020-05-05 00:00:00,12.990309539763883,13.15069041759789,-0.16038087783400634
2020-05-05 01:00:00,10.264338327648955,10.158980675843194,0.10535765180576107
2020-05-05 02:00:00,9.198823992302868,9.549782587272155,-0.3509585949692866
2020-05-05 03:00:00,12.563150596862435,12.333546610693944,0.22960398616849176
2020-05-05 04:00:00,10.759863580067249,10.55673868249715,0.203124897570099
2020-05-05 05:00:00,9.109469891202815,9.039931383293657,0.06953850790915794
2020-05-05 06:00:00,32.39144249510121,32.17132986876731,0.2201126263339006
2020-05-05 07:00:00,12.539535179545297,12.761830365363323,-0.22229518581802665
2020-05-05 08:00:00,14.33058770901765,13.755793168643825,0.5747945403738246
2020-05-05 09:00:00,20.81272103400569,20.95900908007928,-0.14628804607358958
2020-05-05 10:00:00,11.895293490791872,11.836087245441178,0.059206245350694076
2020-05-05 11:00:00,11.4789929600676,11.665260986825514,-0.18626802675791332
2020-05-05 12:00:00,10.61873881692464,10.841756237186074,-0.22301742026143323
2020-05-05 13:00:00,13.321527338555294,13.188806311905276,0.1327210266500174
2020-05-05 14:00:00,15.079883101715971,16.002274316875393,-0.922391215159422
2020-05-05 15:00:00,10.884754851002892,10.846448271013044,0.038306579989848544
2020-05-05 16:00:00,13.737015054995396,13.594607538759634,0.1424075162357621
2020-05-05 17:00:00,7.98899260042608,8.257251771162906,-0.26825917073682604
2020-05-05 18:00:00,15.6566044833281,15.436318379774466,0.22028610355363476
2020-05-05 19:00:00,8.716602305603773,9.304412466549154,-0.5878101609453807
2020-05-05 20:00:00,8.744821892964795,8.62769368569512,0.11712820726967621
2020-05-05 21:00:00,13.408024617951886,13.283561782194932,0.1244628357569546
2020-05-05 22:00:00,15.725778153017975,15.869578356514468,-0.14380020349649314
2020-05-05 23:00:00,13.272016787585432,12.934597813666157,0.33741897391927544
2020-05-06 00:00:00,8.566326385408992,8.608345858101002,-0.042019472692009785
2020-05-06 01:00:00,13.22016426465156,13.360345275336828,-0.1401810106852679
2020-05-06 02:00:00,8.759424683049117,8.623896887894583,0.13552779515453395
2020-05-06 03:00:00,9.27703206043035,9.645405565665374,-0.36837350523502366
2020-05-06 04:00:00,8.818282546478942,8.825595541818387,-0.007312995339445294
2020-05-06 05:00:00,10.769174274558887,10.872211396664598,-0.10303712210571092
2020-05-06 06:00:00,16.788167069347846,16.69121750596526,0.0969495633825872
2020-05-06 07:00:00,14.42866650915257,13.979042404461318,0.449624104691253
2020-05-06 08:00:00,31.301453190292,31.230003556699042,0.07144963359295886
2020-05-06 09:00:00,25.581441950889,25.458730255158777,0.12271169573022433
2020-05-06 10:00:00,26.32055805942672,26.705118865200625,-0.38456080577390495
2020-05-06 11:00:00,12.472434498810513,12.828011393619093,-0.35557689480858024
2020-05-06 12:00:00,24.24712205794121,24.21600007498724,0.031121982953969507
2020-05-06 13:00:00,19.72212428361285,19.288972825182594,0.43315145843025604
2020-05-06 14:00:00,11.93426989677272,11.947987648868294,-0.013717752095573132
2020-05-06 15:00:00,10.068980892635514,9.829070444350531,0.23991044828498254
2020-05-06 16:00:00,17.620699585252453,17.718750085787455,-0.09805050053500253
2020-05-06 17:00:00,17.74493300822968,17.34106639524288,0.4038666129867998
2020-05-06 18:00:00,9.545105273798654,9.302249407878705,0.24285586591994957
2020-05-06 19:00:00,11.658217890726268,11.752362369677662,-0.0941444789513941
2020-05-06 20:00:00,12.452019030105442,12.719256804218043,-0.2672377741126013
2020-05-06 21:00:00,9.073603087953964,9.007803254648852,0.06579983330511219
2020-05-06 22:00:00,13.479562242383944,13.478369528357529,0.0011927140264145208
2020-05-06 23:00:00,10.567833628686266,10.614670937832347,-0.046837309146081196
2020-05-07 00:00:00,10.358799336224264,10.631524766383043,-0.27272543015877915
2020-05-07 01:00:00,13.9142400037976,13.642426961319424,0.2718130424781755
2020-05-07 02:00:00,12.215471968924811,11.748377856748183,0.46709411217662833
2020-05-07 03:00:00,14.016557413842712,14.442890746037149,-0.4263333321944369
2020-05-07 04:00:00,14.279729858618674,14.121542195252808,0.15818766336586698
2020-05-07 05:00:00,22.933441705987253,22.60833154210752,0.3251101638797316
2020-05-07 06:00:00,21.224956204995703,20.913705876090447,0.31125032890525617
2020-05-07 07:00:00,10.838637532450525,10.887743442410313,-0.04910590995978836
2020-05-07 08:00:00,10.610726308774222,10.69611396732651,-0.08538765855228903
2020-05-07 09:00:00,11.704229421661593,11.353749367739198,0.3504800539223947
2020-05-07 10:00:00,15.076019160866268,15.024002483785258,0.05201667708100999
2020-05-07 11:00:00,18.28648354850538,17.954546166026084,0.33193738247929616
2020-05-07 12:00:00,11.18812297305182,11.613211179436183,-0.4250882063843626
2020-05-07 13:00:00,10.945018156899607,10.911816219020308,0.03320193787929959
2020-05-07 14:00:00,11.481113300509683,11.3385770356152,0.142536264894483
2020-05-07 15:00:00,14.703918067585764,14.592503957233694,0.1114141103520705
2020-05-07 16:00:00,10.228859058635656,10.288181197922153,-0.05932213928649688
2020-05-07 17:00:00,9.96983059612676,9.81465418513543,0.15517641099133073
2020-05-07 18:00:00,10.72199781673696,10.429615766506785,0.2923820502301755
2020-05-07 19:00:00,13.073585627048772,12.89527640718573,0.17830921986304205
2020-05-07 20:00:00,28.24052730127903,28.710520478254715,-0.46999317697568443
2020-05-07 21:00:00,30.46230606159415,30.573916913393877,-0.1116108517997283
2020-05-07 22:00:00,12.139783155841185,12.094017660595966,0.045765495245218446
2020-05-07 23:00:00,13.456083770773288,12.99397176697545,0.4621120037978379
2020-05-08 00:00:00,14.73232303297294,14.590501935220093,0.1418210977528478
2020-05-08 01:00:00,29.722985573349654,29.954630890801177,-0.23164531745152317
2020-05-08 02:00:00,26.263508414355208,26.06429376520464,0.1992146491505693
2020-05-08 03:00:00,11.969128831287575,12.156023862963247,-0.18689503167567167
2020-05-08 04:00:00,11.699238649477492,11.292701826665455,0.4065368228120363
2020-05-08 05:00:00,11.180724308335328,11.348983601849485,-0.16825929351415603
2020-05-08 06:00:00,19.32971668887367,19.522399728445766,-0.19268303957209554
2020-05-08 07:00:00,15.39193241159074,15.517762406350299,-0.1258299947595578
2020-05-08 08:00:00,11.356976219196564,11.38201131518696,-0.025035095990395106
2020-05-08 09:00:00,13.2340948139153,13.659005586668506,-0.424910772753206
2020-05-08 10:00:00,9.720642791052514,9.802390511170632,-0.08174772011811804
2020-05-08 11:00:00,15.843234051954552,16.082125336822706,-0.23889128486815459
2020-05-08 12:00:00,7.6772301090202895,8.155135203968737,-0.47790509494844713
2020-05-08 13:00:00,7.914045778516194,8.146516015466307,-0.23247023695011304
2020-05-08 14:00:00,11.329225259113818,11.647255805196147,-0.31803054608232983
2020-05-08 15:00:00,16.98244214269371,16.519270663040466,0.46317147965324423
2020-05-08 16:00:00,13.843061892076449,13.416365709080932,0.42669618299551715
2020-05-08 17:00:00,12.095841157829712,12.450461834178524,-0.3546206763488122
2020-05-08 18:00:00,29.569617817530087,29.79403040415396,-0.22441258662387398
2020-05-08 19:00:00,27.59697599060889,27.385088260903768,0.21188772970512204
2020-05-08 20:00:00,24.731710487525326,23.936346085776623,0.7953644017487029
2020-05-08 21:00:00,25.25816123857838,25.36994916896896,-0.11178793039058021
2020-05-08 22:00:00,12.493803750675276,12.668326459629322,-0.1745227089540453
2020-05-08 23:00:00,8.452010816478898,9.093082513673972,-0.6410716971950734
2020-05-09 00:00:00,11.685411808480715,11.604100703635174,0.0813111048455415
2020-05-09 01:00:00,40.31162569662977,40.435720357004065,-0.12409466037429695
2020-05-09 02:00:00,12.676479306183644,12.69040754690267,-0.013928240719025098
2020-05-09 03:00:00,28.972181173415173,28.790327741619958,0.18185343179521496
2020-05-09 04:00:00,29.704746257100613,28.792444997856233,0.91230125924438
2020-05-09 05:00:00,23.858733499181355,23.84054091124115,0.01819258794020584
2020-05-09 06:00:00,21.24375537630316,21.62005181898262,-0.37629644267946105
2020-05-09 07:00:00,20.393886284255117,20.173117962639118,0.22076832161599924
2020-05-09 08:00:00,16.883450923152576,17.0044717598743,-0.1210208367217227
2020-05-09 09:00:00,10.813936549611416,10.25473959463806,0.5591969549733555
2020-05-09 10:00:00,10.289890462375602,10.581116142884117,-0.2912256805085143
2020-05-09 11:00:00,9.864287817265977,10.130514250972594,-0.2662264337066169
2020-05-09 12:00:00,14.840654867618776,14.721383133072063,0.1192717345467127
2020-05-09 13:00:00,14.229359680167358,13.982023280492058,0.24733639967529975
2020-05-09 14:00:00,13.31253538745289,13.363282964122654,-0.050747576669763816
2020-05-09 15:00:00,8.693824854868042,8.981760238958605,-0.28793538409056296
2020-05-09 16:00:00,16.01339818304745,16.14410293855249,-0.13070475550503957
2020-05-09 17:00:00,10.459359631606612,10.018386568297403,0.44097306330920816
2020-05-09 18:00:00,15.591077249052804,15.620161155047121,-0.02908390599431776
2020-05-09 19:00:00,10.274831138436118,10.58222978590502,-0.3073986474689008
2020-05-09 20:00:00,12.903986441379663,12.74741734843322,0.15656909294644272
2020-05-09 21:00:00,9.851685956082637,9.800842053460686,0.05084390262195093
2020-05-09 22:00:00,9.490792430170384,9.42557185685258,0.06522057331780395
2020-05-09 23:00:00,10.008897719977472,10.0923731560724,-0.08347543609492725
2020-05-10 00:00:00,14.856885739201353,14.763830905263722,0.09305483393763048
2020-05-10 01:00:00,10.52899475140619,10.255981505327995,0.2730132460781949
2020-05-10 02:00:00,11.04851540249652,11.000351110828765,0.04816429166775471
2020-05-10 03:00:00,14.347651990908789,14.237410081976522,0.1102419089322666
2020-05-10 04:00:00,13.861403602139584,13.661872926422511,0.19953067571707273
2020-05-10 05:00:00,6.271880111042268,6.449550897324396,-0.1776707862821274
2020-05-10 06:00:00,9.744181116290616,9.764576232037037,-0.020395115746421055
2020-05-10 07:00:00,8.56808690461553,8.488397962350348,0.0796889422651823
2020-05-10 08:00:00,12.681068104021524,13.118975214335558,-0.4379071103140344
2020-05-10 09:00:00,9.10039564957586,9.468461986806743,-0.3680663372308821
2020-05-10 10:00:00,10.825719166891837,10.727543291840407,0.09817587505142988
2020-05-10 11:00:00,13.34011986526101,13.63638197885165,-0.29626211359064136
2020-05-10 12:00:00,12.267388373672649,12.160314934173684,0.10707343949896497
2020-05-10 13:00:00,7.697674602466403,8.530347512711248,-0.8326729102448454
2020-05-10 14:00:00,10.105982576137414,9.5920672457612,0.5139153303762143
2020-05-10 15:00:00,7.583396458307935,7.48872660667101,0.0946698516369251
2020-05-10 16:00:00,13.200666431324038,13.064040488784697,0.13662594253934124
2020-05-10 17:00:00,10.235173518861094,10.072011656694773,0.16316186216632111
2020-05-10 18:00:00,13.96196400261896,13.863724489179019,0.09823951343994075
2020-05-10 19:00:00,8.501456719550648,8.633966218103136,-0.13250949855248884
2020-05-10 20:00:00,10.057252134828234,10.048894940726294,0.008357194101940024
2020-05-10 21:00:00,9.88299125457018,10.0953894697379,-0.21239821516771862
2020-05-10 22:00:00,8.739087041633004,8.888957022618555,-0.14986998098555127
2020-05-10 23:00:00,12.851536980315386,12.722136823418243,0.1294001568971428
2020-05-11 00:00:00,18.94048754081877,18.860945114209137,0.07954242660963118
2020-05-11 01:00:00,12.64966438414794,12.64195027140005,0.007714112747889246
2020-05-11 02:00:00,24.899630459737388,24.65606881688466,0.24356164285272897
2020-05-11 03:00:00,20.815194549938504,21.182511754715158,-0.3673172047766542
2020-05-11 04:00:00,20.031563116764936,18.376624859039545,1.6549382577253908
2020-05-11 05:00:00,15.764765797550872,15.778153955265994,-0.013388157715121807
2020-05-11 06:00:00,11.121560413669515,11.03660187820837,0.08495853546114596
2020-05-11 07:00:00,8.965755826758555,8.839697866506711,0.12605796025184368
2020-05-11 08:00:00,13.091352463108151,13.33773481544915,-0.2463823523409978
2020-05-11 09:00:00,10.979042139697864,10.755841611252862,0.22320052844500182
2020-05-11 10:00:00,16.141024870074673,16.66111697603162,-0.5200921059569481
2020-05-11 11:00:00,14.639442742042805,14.304793102992152,0.33464963905065304
2020-05-11 12:00:00,10.48001197109652,9.960366770703112,0.5196452003934073
2020-05-11 13:00:00,26.046070374264453,26.463097914909678,-0.4170275406452255
2020-05-11 14:00:00,26.88549619101904,26.858996560973004,0.02649963004603606
2020-05-11 15:00:00,23.498636512010965,23.410212926794664,0.08842358521630089
2020-05-11 16:00:00,17.703624068173443,17.783556644475585,-0.07993257630214146
2020-05-11 17:00:00,17.062870531834484,16.646743211346255,0.4161273204882292
2020-05-11 18:00:00,16.545513992243773,16.58708142303074,-0.04156743078696579
2020-05-11 19:00:00,16.97861039204593,16.468444150350845,0.5101662416950852
2020-05-11 20:00:00,8.98084444494351,8.968770835775167,0.012073609168343324
2020-05-11 21:00:00,10.957862260277718,10.7632203791364,0.19464188114131886
2020-05-11 22:00:00,30.400200460973267,30.345792018598043,0.05440844237522313
2020-05-11 23:00:00,12.935032999759931,13.179820005691292,-0.24478700593136082
2020-05-12 00:00:00,27.073403346775176,26.493814596440615,0.5795887503345618
2020-05-12 01:00:00,22.33734560788515,22.602461205184465,-0.2651155972993138
2020-05-12 02:00:00,20.84498790819781,20.85490133628248,-0.00991342808467266
2020-05-12 03:00:00,17.361020698936834,17.564775597941605,-0.20375489900477106
2020-05-12 04:00:00,16.591389453532237,16.562229984795284,0.029159468736953187
2020-05-12 05:00:00,15.29617355594122,15.0530548928045,0.2431186631367197
2020-05-12 06:00:00,15.119614399527151,14.828568236264328,0.2910461632628234
2020-05-12 07:00:00,9.183126898630835,9.034454129405121,0.1486727692257137
2020-05-12 08:00:00,13.284597110883364,13.395172736378942,-0.11057562549557787
2020-05-12 09:00:00,15.404892160120363,14.652007776728977,0.7528843833913861
2020-05-12 10:00:00,12.694783261982382,12.806506673050283,-0.11172341106790107
2020-05-12 11:00:00,11.857457663568711,12.27520538655992,-0.41774772299120855
2020-05-12 12:00:00,15.123700488338333,14.875455109324534,0.24824537901379884
2020-05-12 13:00:00,16.393213400935547,16.373389090044775,0.019824310890772523
2020-05-12 14:00:00,8.549558886387885,8.435549606433602,0.11400927995428312
2020-05-12 15:00:00,10.74775235223227,10.697905782730754,0.04984656950151667
2020-05-12 16:00:00,14.7151973973049,14.516245188613217,0.19895220869168284
2020-05-12 17:00:00,11.601542446700693,11.606740640137374,-0.0051981934366818194
2020-05-12 18:00:00,10.488987577308068,10.074262033425658,0.41472554388241
2020-05-12 19:00:00,9.666866760121351,9.772962752398735,-0.10609599227738364
2020-05-12 20:00:00,8.305934240492531,8.203331193739036,0.10260304675349552
2020-05-12 21:00:00,11.81051566623067,12.173154313589597,-0.3626386473589278
2020-05-12 22:00:00,12.668279734663516,12.819448840968409,-0.15116910630489322
2020-05-12 23:00:00,7.583876790908747,7.701903171448316,-0.11802638053956915
2020-05-13 00:00:00,9.693040203735125,8.855057236395693,0.8379829673394319
2020-05-13 01:00:00,12.472710624940252,12.099528282431427,0.37318234250882476
2020-05-13 02:00:00,14.138219249003289,14.100990965353837,0.0372282836494513
2020-05-13 03:00:00,28.266773295699107,28.083310000598722,0.18346329510038473
2020-05-13 04:00:00,21.937002265136044,21.85471722739915,0.0822850377368951
2020-05-13 05:00:00,16.145472801171998,16.43509779417273,-0.2896249930007322
2020-05-13 06:00:00,10.86811929763632,11.522095269892757,-0.653975972256438
2020-05-13 07:00:00,42.29117404212146,43.78181697868726,-1.4906429365657985
2020-05-13 08:00:00,11.59876123809502,11.541940112476391,0.05682112561862951
2020-05-13 09:00:00,11.887127616653611,12.242654951052296,-0.3555273343986851
2020-05-13 10:00:00,13.623727293133683,13.563387330719987,0.06033996241369621
2020-05-13 11:00:00,12.56183300974108,12.502106102366282,0.0597269073747988
2020-05-13 12:00:00,22.747434328837837,22.746049496720634,0.0013848321172034161
2020-05-13 13:00:00,10.902165540837675,11.261034563580896,-0.35886902274322097
2020-05-13 14:00:00,11.758110979513637,11.667862910222349,0.09024806929128815
2020-05-13 15:00:00,19.21364529558075,19.62481171963704,-0.4111664240562902
2020-05-13 16:00:00,45.32221065717159,44.7818708220351,0.5403398351364856
2020-05-13 17:00:00,37.21092057688222,37.12834366939148,0.08257690749074698
2020-05-13 18:00:00,37.28818620227107,37.12327355457846,0.16491264769260994
2020-05-13 19:00:00,13.972230451341227,13.855609489736754,0.11662096160447355
2020-05-13 20:00:00,21.9273538260916,21.877450586379357,0.04990323971224342
2020-05-13 21:00:00,11.249035203614868,11.924120785947437,-0.675085582332569
2020-05-13 22:00:00,12.21756926692782,12.238660626912354,-0.02109135998453482
2020-05-13 23:00:00,20.420826631299963,20.858398202618318,-0.43757157131835456
2020-05-14 00:00:00,18.75700468952928,18.38072375455968,0.3762809349695999
2020-05-14 01:00:00,9.697800049404774,9.460423407281752,0.23737664212302256
2020-05-14 02:00:00,8.435388097801406,8.569611671035684,-0.13422357323427825
2020-05-14 03:00:00,10.652371222508078,10.956444029246546,-0.3040728067384677
2020-05-14 04:00:00,13.142154938956802,12.994805517493369,0.14734942146343322
2020-05-14 05:00:00,8.321394210851551,8.441272582831836,-0.11987837198028473
2020-05-14 06:00:00,9.186761268836843,8.993249654390443,0.19351161444640042
2020-05-14 07:00:00,13.090908197222218,12.976550303904434,0.11435789331778423
2020-05-14 08:00:00,12.689942979583147,12.568872266246494,0.12107071333665331
2020-05-14 09:00:00,14.21348135270444,14.243200229357583,-0.029718876653143766
2020-05-14 10:00:00,9.26096524087794,9.404727069889278,-0.14376182901133738
2020-05-14 11:00:00,10.101954717356348,10.122273018592628,-0.02031830123627998
2020-05-14 12:00:00,13.254067980098538,13.198877708310834,0.05519027178770486
2020-05-14 13:00:00,13.843267184757517,14.341476469486874,-0.49820928472935755
2020-05-14 14:00:00,12.065502497768655,12.214955254182149,-0.14945275641349376
2020-05-14 15:00:00,8.3320958850516,8.985136387690043,-0.6530405026384418
2020-05-14 16:00:00,12.717873186673328,12.654407221922268,0.06346596475106026
2020-05-14 17:00:00,29.557308084233167,29.338266994273088,0.2190410899600792
2020-05-14 18:00:00,29.05577087405343,28.928238898086732,0.12753197596669708
2020-05-14 19:00:00,23.638457799555823,23.76765739460265,-0.12919959504682765
2020-05-14 20:00:00,11.10177397976494,11.479456159369114,-0.3776821796041734
2020-05-14 21:00:00,20.498756416142093,20.343131377389515,0.1556250387525786
2020-05-14 22:00:00,20.206251777352755,20.268952241605362,-0.06270046425260745
2020-05-14 23:00:00,10.350422241159883,10.402474934088506,-0.05205269292862269
2020-05-15 00:00:00,14.85324319892486,15.059125532186275,-0.2058823332614157
2020-05-15 01:00:00,14.44633358766008,14.51227802406279,-0.06594443640270953
2020-05-15 02:00:00,8.751811009890275,9.207362081174079,-0.45555107128380357
2020-05-15 03:00:00,9.467797798864748,9.672711442162264,-0.20491364329751605
2020-05-15 04:00:00,9.422747896523052,9.734960215248398,-0.3122123187253454
2020-05-15 05:00:00,15.17664661900639,14.89459094133568,0.2820556776707086
2020-05-15 06:00:00,14.465211675170227,14.554563492724466,-0.08935181755423827
2020-05-15 07:00:00,15.175965356090288,15.119682013230927,0.056283342859360985
2020-05-15 08:00:00,15.321278444565284,14.969415736113337,0.35186270845194656
2020-05-15 09:00:00,8.195199064834718,9.150729177578926,-0.9555301127442082
2020-05-15 10:00:00,13.635653924631727,13.598304686226408,0.03734923840531934
2020-05-15 11:00:00,8.982785171619934,9.441627323268499,-0.45884215164856457
2020-05-15 12:00:00,8.387397121259525,8.018399274554762,0.36899784670476343
2020-05-15 13:00:00,12.489325130718196,12.580446199444813,-0.09112106872661663
2020-05-15 14:00:00,10.4422428126394,10.120340399522789,0.32190241311661083
2020-05-15 15:00:00,10.0816412132994,10.130040177149153,-0.04839896384975262
2020-05-15 16:00:00,10.95282452253578,10.533301557227565,0.4195229653082144
2020-05-15 17:00:00,12.65454196945312,13.309794143619616,-0.6552521741664954
2020-05-15 18:00:00,14.04832830469788,14.330580100707916,-0.28225179601003525
2020-05-15 19:00:00,13.390127882900009,13.06419092157564,0.3259369613243681
2020-05-15 20:00:00,13.514160831494411,13.186675332782956,0.3274854987114555
2020-05-15 21:00:00,12.536612292813246,12.85785313870093,-0.32124084588768476
2020-05-15 22:00:00,13.3856156537255,13.379761776600692,0.005853877124808449
2020-05-15 23:00:00,9.19398259064826,9.234611469423768,-0.040628878775509136
2020-05-16 00:00:00,10.534320461367786,10.756389547282511,-0.2220690859147254
2020-05-16 01:00:00,12.705602182608256,12.302959522534207,0.4026426600740489
2020-05-16 02:00:00,14.454642116001663,14.273258260552502,0.1813838554491607
2020-05-16 03:00:00,11.638273360785998,11.54873702108496,0.0895363397010378
2020-05-16 04:00:00,12.998319738915376,12.683606520326876,0.31471321858849954
2020-05-16 05:00:00,9.599629559150571,9.468883545732425,0.13074601341814684
2020-05-16 06:00:00,12.72577432534538,13.131285188760302,-0.4055108634149214
2020-05-16 07:00:00,8.842761278057573,8.66576237641741,0.17699890164016274
2020-05-16 08:00:00,8.751061827027998,8.50840776071037,0.24265406631762865
2020-05-16 09:00:00,10.548684509498669,10.569724904664461,-0.021040395165792702
2020-05-16 10:00:00,12.860214255714313,13.187922320952728,-0.327708065238415
2020-05-16 11:00:00,8.404112727201452,8.255319437153878,0.1487932900475748
2020-05-16 12:00:00,10.248615149004262,10.187629708959502,0.06098544004476025
2020-05-16 13:00:00,9.719472376222129,9.795925091089869,-0.07645271486773986
2020-05-16 14:00:00,12.958924392506692,13.292711452336698,-0.3337870598300068
2020-05-16 15:00:00,13.186049545559452,13.049843489139937,0.13620605641951578
2020-05-16 16:00:00,13.204092152112596,13.372213120394713,-0.16812096828211764
2020-05-16 17:00:00,9.09894661734531,8.747275496608822,0.3516711207364889
2020-05-16 18:00:00,10.202335359979676,8.996788007033095,1.2055473529465814
2020-05-16 19:00:00,12.976626567461835,13.281768127522168,-0.3051415600603331
2020-05-16 20:00:00,11.770608668816044,11.891466982265452,-0.12085831344940878
2020-05-16 21:00:00,13.416745596807862,13.30335663444018,0.11338896236768292
2020-05-16 22:00:00,6.8499244374129775,6.7957387323296095,0.05418570508336806
2020-05-16 23:00:00,11.664341625908008,11.102712825898713,0.561628800009295
2020-05-17 00:00:00,11.421204342616214,11.715391469280355,-0.2941871266641414
2020-05-17 01:00:00,12.262801945881254,12.501324143898536,-0.23852219801728225
2020-05-17 02:00:00,9.552175620378597,9.14469410645831,0.40748151392028653
2020-05-17 03:00:00,8.63930312802529,8.866800259061659,-0.22749713103636893
2020-05-17 04:00:00,13.50679665046015,13.689366385874276,-0.1825697354141269
2020-05-17 05:00:00,12.669555098002126,12.790917499531167,-0.12136240152904065
2020-05-17 06:00:00,12.0477543575058,12.273931082238045,-0.2261767247322446
2020-05-17 07:00:00,25.191255259621823,25.14655410179483,0.044701157826992244
2020-05-17 08:00:00,10.47596500990639,10.457237340635578,0.018727669270813152
2020-05-17 09:00:00,11.364056378666032,11.234548806066595,0.12950757259943657
2020-05-17 10:00:00,9.317383463283308,9.752038901250735,-0.434655437967427
2020-05-17 11:00:00,12.356920185129656,11.142804176337139,1.2141160087925176
2020-05-17 12:00:00,15.1356912552189,15.294646393638223,-0.15895513841932285
2020-05-17 13:00:00,13.436424132579631,14.191571880696323,-0.7551477481166913
2020-05-17 14:00:00,9.362856186731385,9.835587822718031,-0.472731635986646
2020-05-17 15:00:00,11.48168590535528,11.480356638775808,0.001329266579471522
2020-05-17 16:00:00,12.79922088995398,12.856218743003772,-0.05699785304979166
2020-05-17 17:00:00,11.866175125026484,11.596859020177803,0.26931610484868074
2020-05-17 18:00:00,9.349717503852744,9.200701046386058,0.14901645746668635
2020-05-17 19:00:00,9.84940232751923,9.479432604543923,0.3699697229753074
2020-05-17 20:00:00,10.409776459866906,10.654586619018689,-0.2448101591517826
2020-05-17 21:00:00,11.691281885294115,11.497314688202172,0.19396719709194343
2020-05-17 22:00:00,13.728480548170234,13.634831957089812,0.0936485910804219
2020-05-17 23:00:00,9.697820317776737,9.762877242648235,-0.06505692487149872
2020-05-18 00:00:00,12.29148732863831,12.75974332859025,-0.4682559999519409
2020-05-18 01:00:00,9.643911063897695,8.387154509836455,1.2567565540612406
2020-05-18 02:00:00,12.490341550758066,11.942638033769397,0.547703516988669
2020-05-18 03:00:00,13.803142458133175,13.344419813305695,0.45872264482748015
2020-05-18 04:00:00,12.329150022820851,12.737243901432576,-0.40809387861172475
2020-05-18 05:00:00,14.244208749919393,13.957579609763364,0.2866291401560286
2020-05-18 06:00:00,8.75258646185237,9.284094503999832,-0.5315080421474612
2020-05-18 07:00:00,12.464546845031828,12.434789529658046,0.029757315373782234
2020-05-18 08:00:00,7.87818205834932,7.875588704802415,0.0025933535469047087
2020-05-18 09:00:00,11.06418621476087,11.001645750349525,0.0625404644113452
2020-05-18 10:00:00,9.160362990146371,8.902015384348596,0.25834760579777516
2020-05-18 11:00:00,12.111479328939408,11.88632503754025,0.22515429139915888
2020-05-18 12:00:00,9.720943844899963,9.593449980769112,0.12749386413085162
2020-05-18 13:00:00,11.764827781287718,11.421364803376859,0.34346297791085867
2020-05-18 14:00:00,12.024726113691244,11.661413094395694,0.3633130192955498
2020-05-18 15:00:00,14.389293005123005,14.416607626916548,-0.02731462179354338
2020-05-18 16:00:00,14.092258007221746,14.129486825305616,-0.0372288180838698
2020-05-18 17:00:00,12.34158545137347,12.752143435939905,-0.41055798456643444
2020-05-18 18:00:00,11.772253443757672,11.339050898838444,0.4332025449192276
2020-05-18 19:00:00,11.353748722175228,11.20062441431969,0.15312430785553843
2020-05-18 20:00:00,9.738788950198124,9.584921185145475,0.15386776505264876
2020-05-18 21:00:00,9.454834675738216,9.402993354630038,0.05184132110817785
2020-05-18 22:00:00,7.589630080149571,8.31838791781883,-0.7287578376692592
2020-05-18 23:00:00,7.904336772885943,7.7308533692583215,0.17348340362762116
2020-05-19 00:00:00,14.52699199341679,14.48674640316368,0.04024559025310914
2020-05-19 01:00:00,12.089399538646925,11.680668752948696,0.4087307856982285
2020-05-19 02:00:00,13.441170843959164,13.597417031134198,-0.15624618717503402
2020-05-19 03:00:00,9.971772929876463,9.895184529245276,0.07658840063118788
2020-05-19 04:00:00,10.13228365592566,10.036438237140631,0.09584541878502861
2020-05-19 05:00:00,13.456674755958051,13.48851586468061,-0.031841108722558076
2020-05-19 06:00:00,12.937796705776988,13.564763740860116,-0.626967035083128
2020-05-19 07:00:00,11.78707753357395,11.643391289640645,0.14368624393330443
2020-05-19 08:00:00,28.241384534812283,28.273251872760316,-0.031867337948032315
2020-05-19 09:00:00,12.31703453630191,12.521231345742697,-0.20419680944078777
2020-05-19 10:00:00,19.45404617116113,20.03564074310395,-0.5815945719428193
2020-05-19 11:00:00,19.848755280334448,20.061808929378014,-0.21305364904356594
2020-05-19 12:00:00,10.356088001770546,10.425667925706817,-0.06957992393627066
2020-05-19 13:00:00,13.06846025113695,12.829275882680472,0.23918436845647761
2020-05-19 14:00:00,12.09798292334811,12.093992930079294,0.003989993268817216
2020-05-19 15:00:00,9.856279806396232,9.761182576777214,0.09509722961901801
2020-05-19 16:00:00,17.095835486314687,17.22044319375386,-0.12460770743917138
2020-05-19 17:00:00,15.234204573867864,14.75706790905461,0.4771366648132531
2020-05-19 18:00:00,30.93453732179794,30.80935695306331,0.1251803687346289
2020-05-19 19:00:00,12.56461588165326,12.611558490661304,-0.04694260900804359
2020-05-19 20:00:00,22.231044368992837,22.804441490634108,-0.5733971216412712
2020-05-19 21:00:00,11.90276699280033,10.928145540338077,0.9746214524622534
2020-05-19 22:00:00,18.86179197118627,18.860501010119915,0.0012909610663562887
2020-05-19 23:00:00,18.20680843417721,18.044814138270628,0.161994295906581
2020-05-20 00:00:00,15.24985446037971,14.683577980282147,0.5662764800975637
2020-05-20 01:00:00,12.0042302578017,12.64344836884233,-0.6392181110406305
2020-05-20 02:00:00,16.03625500829407,15.808180467244995,0.2280745410490752
2020-05-20 03:00:00,10.259243766442774,10.207286486291453,0.05195728015132062
2020-05-20 04:00:00,9.791178958868384,9.87729450030224,-0.08611554143385547
2020-05-20 05:00:00,10.910830896407296,10.80780991583509,0.10302098057220554
2020-05-20 06:00:00,14.042892490932733,13.909000414277937,0.13389207665479574
2020-05-20 07:00:00,13.944014816213691,14.097359164726798,-0.15334434851310697
2020-05-20 08:00:00,8.989192053121116,9.317380124996683,-0.32818807187556764
2020-05-20 09:00:00,11.080758937341225,11.252188069703806,-0.17142913236258117
2020-05-20 10:00:00,9.664896442906985,9.407218101186919,0.2576783417200659
2020-05-20 11:00:00,13.755438278707448,13.341142003697431,0.41429627501001676
2020-05-20 12:00:00,31.87691235838184,31.978311285969315,-0.10139892758747493
2020-05-20 13:00:00,13.093561038130336,14.007983172011462,-0.9144221338811267
2020-05-20 14:00:00,25.388218271954404,25.402673780151716,-0.014455508197311673
2020-05-20 15:00:00,22.95836044937701,22.91138612619868,0.04697432317833261
2020-05-20 16:00:00,11.524735475885128,11.628300088256758,-0.1035646123716294
2020-05-20 17:00:00,21.90444641946716,21.16804038169531,0.7364060377718502
2020-05-20 18:00:00,18.946458830608982,18.803833964024058,0.14262486658492435
2020-05-20 19:00:00,16.124933745019064,16.24162717521649,-0.11669343019742584
2020-05-20 20:00:00,10.454805377960843,10.390675952218642,0.06412942574220182
2020-05-20 21:00:00,16.267842166227528,15.956203023939654,0.3116391422878735
2020-05-20 22:00:00,9.206954345078668,9.926389647135887,-0.7194353020572191
2020-05-20 23:00:00,10.46243704448783,10.338771880219284,0.12366516426854623
2020-05-21 00:00:00,9.645686088252935,9.453705475830631,0.19198061242230402
2020-05-21 01:00:00,16.003703870024644,15.97075686121966,0.03294700880498347
2020-05-21 02:00:00,15.402238468369536,14.544090936545883,0.8581475318236524
2020-05-21 03:00:00,9.004203628209375,8.949025062564589,0.05517856564478585
2020-05-21 04:00:00,9.058076931203768,9.026641759279224,0.031435171924544036
2020-05-21 05:00:00,14.326839822257629,14.394235771560721,-0.06739594930309245
2020-05-21 06:00:00,8.663206306132151,8.499530163039076,0.16367614309307577
2020-05-21 07:00:00,12.202975048910552,12.47194744585661,-0.268972396946058
2020-05-21 08:00:00,11.653852181227858,12.017511726474767,-0.36365954524690913
2020-05-21 09:00:00,7.615589104583877,7.851548718351275,-0.23595961376739805
2020-05-21 10:00:00,8.432840721370933,8.4687898874427,-0.03594916607176657
2020-05-21 11:00:00,10.743083043942322,11.155448606034643,-0.41236556209232056
2020-05-21 12:00:00,13.364556227269418,13.247428469329732,0.1171277579396861
2020-05-21 13:00:00,11.691359761549188,11.599552158599796,0.09180760294939283
2020-05-21 14:00:00,10.905510421133425,11.075204931694183,-0.1696945105607579
2020-05-21 15:00:00,14.223344769646348,13.778972236950803,0.4443725326955441
2020-05-21 16:00:00,8.06290897570898,8.163722093460063,-0.10081311775108226
2020-05-21 17:00:00,9.024106920141314,9.001091526762266,0.023015393379047566
2020-05-21 18:00:00,14.100351595825313,14.160259096030025,-0.05990750020471225
2020-05-21 19:00:00,13.556058179094435,13.734937193240876,-0.1788790141464407
2020-05-21 20:00:00,11.220318851671484,11.213731819192953,0.00658703247853154
2020-05-21 21:00:00,13.630467742772591,13.864133346487678,-0.23366560371508704
2020-05-21 22:00:00,8.589376933773046,8.846436620980242,-0.25705968720719596
2020-05-21 23:00:00,10.190133087838523,9.700173909253044,0.48995917858547955
2020-05-22 00:00:00,13.0894898129842,12.72776245172493,0.36172736125926974
2020-05-22 01:00:00,11.20152367277625,11.333852332229224,-0.13232865945297334
2020-05-22 02:00:00,8.121151551867001,8.221905194873361,-0.10075364300636025
2020-05-22 03:00:00,11.100663636833143,10.513358262642473,0.5873053741906702
2020-05-22 04:00:00,13.65311449346256,13.845913886000819,-0.19279939253825873
2020-05-22 05:00:00,9.312953731324304,9.418996863847998,-0.10604313252369302
2020-05-22 06:00:00,8.602585510333311,9.161542700242077,-0.5589571899087655
2020-05-22 07:00:00,7.427774681119673,7.5370000453792905,-0.10922536425961749
2020-05-22 08:00:00,9.79438579347588,10.03738406385141,-0.24299827037553
2020-05-22 09:00:00,9.622641677886255,9.240092972767236,0.38254870511901906
2020-05-22 10:00:00,10.017025984030784,9.917794001258642,0.0992319827721424
2020-05-22 11:00:00,8.601185355444347,8.621907424938575,-0.02072206949422828
2020-05-22 12:00:00,12.79255269952513,12.39598332200843,0.3965693775167001
2020-05-22 13:00:00,12.620469504496524,12.694281303706285,-0.07381179920976066
2020-05-22 14:00:00,11.591641263503982,11.546396529680433,0.045244733823549765
2020-05-22 15:00:00,45.06030245085688,44.25937943383038,0.8009230170264985
2020-05-22 16:00:00,14.898071058724096,14.580456579884022,0.3176144788400741
2020-05-22 17:00:00,15.649246897611508,14.945924246464557,0.7033226511469515
2020-05-22 18:00:00,13.262701199920308,13.525302551670991,-0.2626013517506838
2020-05-22 19:00:00,12.34950994944981,12.366726819914508,-0.01721687046469711
2020-05-22 20:00:00,32.392952086751585,32.32176733603799,0.07118475071359143
2020-05-22 21:00:00,36.208153335533126,35.78724239914348,0.42091093638964594
2020-05-22 22:00:00,15.681220571279738,15.683349248643488,-0.002128677363749887
2020-05-22 23:00:00,11.55901843644554,11.405364195165488,0.15365424128005145
2020-05-23 00:00:00,12.493127073902768,12.443417035532043,0.04971003837072452
2020-05-23 01:00:00,20.74722973923036,20.491306649817403,0.2559230894129563
2020-05-23 02:00:00,10.638439092551383,10.650135979170349,-0.011696886618965507
2020-05-23 03:00:00,25.953293342837483,25.872921023244476,0.08037231959300684
2020-05-23 04:00:00,12.707496942425632,12.482965942630727,0.22453099979490432
2020-05-23 05:00:00,17.280872839944017,18.236697289750953,-0.9558244498069364
2020-05-23 06:00:00,13.487769073155182,13.994019477726695,-0.5062504045715137
2020-05-23 07:00:00,14.87636124428261,15.087682023399717,-0.21132077911710745
2020-05-23 08:00:00,15.324866000661167,15.649860222155096,-0.3249942214939292
2020-05-23 09:00:00,16.646456868992093,16.473892648214065,0.17256422077802824
2020-05-23 10:00:00,14.024046450957083,13.56054715070473,0.4634993002523533
2020-05-23 11:00:00,11.418167645364235,11.340240920829748,0.07792672453448724
2020-05-23 12:00:00,17.042074622489736,17.155973153087885,-0.11389853059814925
2020-05-23 13:00:00,9.697327719259093,9.3395565888143,0.35777113044479236
2020-05-23 14:00:00,13.102614152425025,13.207617142375263,-0.10500298995023805
2020-05-23 15:00:00,9.195509692505242,9.483017421637888,-0.28750772913264555
2020-05-23 16:00:00,7.634636865366457,7.72129915128564,-0.08666228591918301
2020-05-23 17:00:00,10.104771925513145,9.666725548546175,0.4380463769669696
2020-05-23 18:00:00,10.094768846294745,9.67683853791092,0.4179303083838253
2020-05-23 19:00:00,11.63243657014408,11.858194877290138,-0.2257583071460587
2020-05-23 20:00:00,8.952066893332047,8.839032432848896,0.11303446048315102
2020-05-23 21:00:00,12.52054776893346,12.262049471815772,0.2584982971176881
2020-05-23 22:00:00,11.968898938301832,12.207637375865605,-0.23873843756377333
2020-05-23 23:00:00,10.246870013263532,10.260573533372442,-0.013703520108910183
2020-05-24 00:00:00,8.98371573659697,9.210200836799858,-0.22648510020288803
2020-05-24 01:00:00,8.107204218615113,8.252503910423602,-0.14529969180848923
2020-05-24 02:00:00,13.85965667790848,13.665762355087677,0.1938943228208032
2020-05-24 03:00:00,10.195962147527888,10.172384961111018,0.023577186416870788
2020-05-24 04:00:00,13.01190295278164,12.808290590273891,0.20361236250774795
2020-05-24 05:00:00,27.617612458686043,27.992653006383815,-0.37504054769777184
2020-05-24 06:00:00,12.29107199106748,12.448917102028608,-0.1578451109611283
2020-05-24 07:00:00,22.886412879931388,23.031428571278212,-0.14501569134682413
2020-05-24 08:00:00,9.796448563617664,10.098948080556081,-0.3024995169384166
2020-05-24 09:00:00,20.23376112343645,20.307533353057135,-0.0737722296206833
2020-05-24 10:00:00,10.639545659128638,10.879492250590248,-0.23994659146161013
2020-05-24 11:00:00,9.58226363918494,9.421893341409213,0.16037029777572798
2020-05-24 12:00:00,10.999946572820292,11.21532794906226,-0.21538137624196807
2020-05-24 13:00:00,8.666878991655983,8.762971028752196,-0.09609203709621283
2020-05-24 14:00:00,8.598835429698708,9.164981246122636,-0.5661458164239281
2020-05-24 15:00:00,13.12516271969323,13.565323318055636,-0.4401605983624055
2020-05-24 16:00:00,14.295593544591364,14.294183524873562,0.0014100197178024132
2020-05-24 17:00:00,9.278330277169614,9.516298652707842,-0.23796837553822847
2020-05-24 18:00:00,8.381508691737315,8.685977754648473,-0.30446906291115816
2020-05-24 19:00:00,11.668988285623923,11.9788488219585,-0.3098605363345772
2020-05-24 20:00:00,12.804205467278264,12.85487974744574,-0.05067428016747577
2020-05-24 21:00:00,13.189074699641136,13.10382612632247,0.08524857331866542
2020-05-24 22:00:00,8.74688511615998,9.002036458746097,-0.2551513425861174
2020-05-24 23:00:00,8.210845406355178,8.012722791371509,0.198122614983669
2020-05-25 00:00:00,13.90541704782313,13.621365731114357,0.2840513167087728
2020-05-25 01:00:00,12.909362761095071,12.73253779532366,0.17682496577141116
2020-05-25 02:00:00,8.777253304009754,8.849579399782272,-0.07232609577251736
2020-05-25 03:00:00,9.234371630523505,9.28353303552805,-0.049161405004545244
2020-05-25 04:00:00,8.05982233424597,8.145198720594074,-0.08537638634810385
2020-05-25 05:00:00,11.19036091336685,10.691918093320187,0.4984428200466642
2020-05-25 06:00:00,9.10979016143441,9.22161713483112,-0.11182697339671144
2020-05-25 07:00:00,9.45547317521329,9.135700180844207,0.31977299436908346
2020-05-25 08:00:00,11.95506675231761,12.47418337108692,-0.5191166187693099
2020-05-25 09:00:00,10.694186430844857,10.828505964521257,-0.13431953367640048
2020-05-25 10:00:00,9.234174976621736,8.917752947113256,0.3164220295084803
2020-05-25 11:00:00,9.21855126187321,8.849502157544961,0.36904910432824956
2020-05-25 12:00:00,8.499590633577697,8.844353722214342,-0.34476308863664507
2020-05-25 13:00:00,11.543624434051312,11.727330218402397,-0.1837057843510852
2020-05-25 14:00:00,12.276520221355131,12.550997685634334,-0.2744774642792027
2020-05-25 15:00:00,11.697102508257752,11.199556990932813,0.497545517324939
2020-05-25 16:00:00,8.918826789955832,8.785179635715037,0.1336471542407942
2020-05-25 17:00:00,10.585793646680912,11.201299162448107,-0.6155055157671949
2020-05-25 18:00:00,13.292977144426237,13.014542982381919,0.27843416204431826
2020-05-25 19:00:00,8.911162451223976,9.374524746774751,-0.463362295550775
2020-05-25 20:00:00,7.668227846549601,7.69875490900367,-0.030527062454068776
2020-05-25 21:00:00,10.878747210635172,10.637142553536552,0.24160465709861967
2020-05-25 22:00:00,8.868122788182323,8.751856140797742,0.11626664738458103
2020-05-25 23:00:00,13.331814191572104,13.420607708145464,-0.08879351657336088
2020-05-26 00:00:00,7.304431913524427,7.381541629876661,-0.07710971635223451
2020-05-26 01:00:00,12.43480692602908,12.533077858809506,-0.09827093278042653
2020-05-26 02:00:00,8.395065520542214,8.418652899915513,-0.023587379373298134
2020-05-26 03:00:00,9.645604104106251,10.020244026573108,-0.37463992246685685
2020-05-26 04:00:00,7.940594259164113,8.186084317340995,-0.2454900581768822
2020-05-26 05:00:00,13.71611585012358,13.241655186078088,0.4744606640454929
2020-05-26 06:00:00,11.771049689547612,12.01709834546674,-0.24604865591912883
2020-05-26 07:00:00,7.054298661161631,7.319977706230156,-0.26567904506852447
2020-05-26 08:00:00,11.962604413640925,11.907450018425681,0.05515439521524357
2020-05-26 09:00:00,13.292325323523508,13.045685688103532,0.24663963541997624
2020-05-26 10:00:00,8.553206273906765,9.072667410405453,-0.5194611364986876
2020-05-26 11:00:00,13.771826827339138,13.81756052143533,-0.04573369409619232
2020-05-26 12:00:00,8.445909797977302,8.599066311924359,-0.15315651394705654
2020-05-26 13:00:00,10.358087690768794,10.292795679898056,0.06529201087073844
2020-05-26 14:00:00,8.861635253015328,8.780718824803488,0.08091642821183953
2020-05-26 15:00:00,6.913032829892963,7.480910863483396,-0.567878033590433
2020-05-26 16:00:00,12.194065898301025,12.08013361579357,0.11393228250745402
2020-05-26 17:00:00,11.897985363038387,12.095229778618561,-0.19724441558017425
2020-05-26 18:00:00,8.577637049356973,8.569467037195267,0.008170012161706097
2020-05-26 19:00:00,14.029966640410152,14.056939939456585,-0.026973299046433752
2020-05-26 20:00:00,12.238761729248688,12.27518248081751,-0.036420751568821075
2020-05-26 21:00:00,12.8965295090697,12.808092995154732,0.08843651391496721
2020-05-26 22:00:00,9.728831182593858,9.754888006522537,-0.026056823928678696
2020-05-26 23:00:00,14.739456203851926,14.605658314562696,0.1337978892892302
2020-05-27 00:00:00,36.89185401115928,36.90468393563782,-0.012829924478538146
2020-05-27 01:00:00,26.9656733584483,26.87651138931248,0.08916196913581942
2020-05-27 02:00:00,26.42153656790996,25.8135462281757,0.6079903397342612
2020-05-27 03:00:00,22.081469415216247,22.224621904313967,-0.14315248909771938
2020-05-27 04:00:00,21.975771122473084,22.261295436934024,-0.2855243144609396
2020-05-27 05:00:00,20.2129322527559,19.964224646001245,0.2487076067546532
2020-05-27 06:00:00,12.197681816616187,12.534592886595249,-0.3369110699790614
2020-05-27 07:00:00,14.685498297257665,15.371740033203489,-0.6862417359458242
2020-05-27 08:00:00,12.53085645210228,12.648119618089236,-0.11726316598695696
2020-05-27 09:00:00,9.130648765212174,9.457325716364503,-0.3266769511523293
2020-05-27 10:00:00,9.99548863004642,10.215686623381181,-0.22019799333476087
2020-05-27 11:00:00,16.522954011520607,16.466172156668275,0.056781854852332
2020-05-27 12:00:00,9.730652749580894,9.050419007780228,0.6802337418006665
2020-05-27 13:00:00,13.10667418432483,13.130548110155694,-0.02387392583086445
2020-05-27 14:00:00,18.157011469091792,18.11578874770507,0.04122272138672045
2020-05-27 15:00:00,26.215394404371743,26.469287530336572,-0.2538931259648294
2020-05-27 16:00:00,28.7736280953261,28.618829785038063,0.1547983102880366
2020-05-27 17:00:00,22.72545526532065,22.590277035339586,0.1351782299810651
2020-05-27 18:00:00,11.49269159009492,11.430415010491753,0.06227657960316613
2020-05-27 19:00:00,16.105228844851414,16.11000901465475,-0.004780169803336065
2020-05-27 20:00:00,15.072368828927392,15.14046241094252,-0.06809358201512872
2020-05-27 21:00:00,11.363060387493611,10.947358880711862,0.41570150678174933
2020-05-27 22:00:00,10.306159035279547,10.675646049732004,-0.36948701445245646
2020-05-27 23:00:00,9.296340794831972,9.631012216988244,-0.33467142215627277
2020-05-28 00:00:00,9.351446715458335,9.458479677011153,-0.10703296155281805
2020-05-28 01:00:00,16.43359454626017,16.289630214884948,0.1439643313752228
2020-05-28 02:00:00,10.728922602011606,10.338643679512494,0.3902789224991121
2020-05-28 03:00:00,9.916242127817798,9.867088464293364,0.049153663524434066
2020-05-28 04:00:00,13.251210787012296,13.090901561903229,0.1603092251090672
2020-05-28 05:00:00,8.810705742481924,8.69156187722197,0.11914386525995369
2020-05-28 06:00:00,9.738786455223474,10.416783343525267,-0.6779968883017933
2020-05-28 07:00:00,9.61391316419642,9.317090040757428,0.2968231234389922
2020-05-28 08:00:00,10.078698666075734,10.04407247352137,0.03462619255436472
2020-05-28 09:00:00,9.826038802645488,9.553897525521027,0.27214127712446157
2020-05-28 10:00:00,10.561321455481009,10.716109148533322,-0.1547876930523131
2020-05-28 11:00:00,8.592309981300778,8.05517437804688,0.5371356032538976
2020-05-28 12:00:00,11.473144492919849,11.578226886050732,-0.10508239313088374
2020-05-28 13:00:00,9.712634161455162,9.729219487344407,-0.01658532588924544
2020-05-28 14:00:00,13.58854836572524,12.79530015240403,0.7932482133212098
2020-05-28 15:00:00,8.633180999370863,8.75754953971162,-0.1243685403407575
2020-05-28 16:00:00,14.380849916420834,14.578293213251825,-0.1974432968309916
2020-05-28 17:00:00,10.011998366867797,9.902054007999618,0.10994435886817833
2020-05-28 18:00:00,13.4913444180452,13.77375723103349,-0.2824128129882908
2020-05-28 19:00:00,12.12922170235709,12.618055454794238,-0.48883375243714866
2020-05-28 20:00:00,7.906539511083777,7.845755561388768,0.060783949695008666
2020-05-28 21:00:00,9.021262856991408,9.4010038010084,-0.37974094401699254
2020-05-28 22:00:00,13.796301036641951,13.787934419428224,0.008366617213727778
2020-05-28 23:00:00,36.641845845931286,36.92381485882999,-0.28196901289870624
2020-05-29 00:00:00,21.06280074034591,21.264837274076882,-0.20203653373097197
2020-05-29 01:00:00,12.320105047146956,12.329414808807533,-0.009309761660576399
2020-05-29 02:00:00,22.755470411395976,22.575847631970802,0.17962277942517346
2020-05-29 03:00:00,11.314288261134898,11.112746814984437,0.2015414461504612
2020-05-29 04:00:00,13.873165335813551,13.307638604536598,0.5655267312769539
2020-05-29 05:00:00,17.320245524676157,17.54593687124875,-0.22569134657259227
2020-05-29 06:00:00,12.866148015068712,12.24452215995734,0.6216258551113718
2020-05-29 07:00:00,10.950971851739132,10.902032869328398,0.0489389824107338
2020-05-29 08:00:00,15.908936866287272,16.41981403873395,-0.5108771724466781
2020-05-29 09:00:00,8.87118669282865,9.101716939569416,-0.2305302467407664
2020-05-29 10:00:00,10.823789386617774,10.770573418239104,0.05321596837866949
2020-05-29 11:00:00,15.038308086126492,14.964502794315395,0.0738052918110963
2020-05-29 12:00:00,14.23272804843203,14.476579996505516,-0.24385194807348576
2020-05-29 13:00:00,13.196887104947372,13.10412106096616,0.09276604398121258
2020-05-29 14:00:00,9.046045075751737,8.604419535820435,0.4416255399313016
2020-05-29 15:00:00,13.26675432279704,12.511915187507556,0.7548391352894832
2020-05-29 16:00:00,8.536505607848698,8.490228696514093,0.046276911334604875
2020-05-29 17:00:00,42.8519820164864,42.499978227955715,0.3520037885306877
2020-05-29 18:00:00,32.521945845245284,32.497003819198696,0.02494202604658824
2020-05-29 19:00:00,26.962915159241128,26.904310273131017,0.0586048861101105
2020-05-29 20:00:00,29.889852985996683,29.9713716143722,-0.08151862837551604
2020-05-29 21:00:00,23.497437125646904,22.831729604162785,0.6657075214841193
2020-05-29 22:00:00,20.088781717712976,20.110507547048954,-0.021725829335977664
2020-05-29 23:00:00,11.268618032653972,11.856806009894305,-0.5881879772403327
2020-05-30 00:00:00,10.306410989590251,10.705384671681669,-0.3989736820914178
2020-05-30 01:00:00,16.334766368522473,16.487900329785653,-0.15313396126317969
2020-05-30 02:00:00,10.09430493770064,10.017460240208115,0.07684469749252543
2020-05-30 03:00:00,13.829358737770102,14.42200408263341,-0.5926453448633087
2020-05-30 04:00:00,12.832056173875824,12.843885082276993,-0.011828908401168903
2020-05-30 05:00:00,11.10679746930306,11.443033865658144,-0.3362363963550834
2020-05-30 06:00:00,24.44002895000192,24.75221362762459,-0.3121846776226711
2020-05-30 07:00:00,10.908187614723218,11.160815908053133,-0.25262829332991465
2020-05-30 08:00:00,18.851783038377896,18.886957980658103,-0.03517494228020723
2020-05-30 09:00:00,11.219613456990055,11.413587006283564,-0.19397354929350819
2020-05-30 10:00:00,17.71981570241199,17.47444635843259,0.24536934397939802
2020-05-30 11:00:00,10.601895114705414,10.81848763460234,-0.21659251989692585
2020-05-30 12:00:00,16.326714608683123,16.552091569340476,-0.22537696065735346
2020-05-30 13:00:00,10.114612447460186,9.88934549268415,0.22526695477603553
2020-05-30 14:00:00,11.822466959043146,11.684535036906183,0.13793192213696237
2020-05-30 15:00:00,35.22857838721965,35.11664622692656,0.11193216029308672
2020-05-30 16:00:00,11.837071559932715,11.691784778520098,0.14528678141261686
2020-05-30 17:00:00,23.96049101386867,24.004962947720983,-0.044471933852314294
2020-05-30 18:00:00,11.121991049057945,11.186657264423639,-0.06466621536569406
2020-05-30 19:00:00,11.396067923342244,11.35140847523332,0.04465944810892353
2020-05-30 20:00:00,12.591373790699969,12.167847089340382,0.42352670135958626
2020-05-30 21:00:00,12.4852148432002,11.73692947989184,0.7482853633083604
2020-05-30 22:00:00,12.371360115626535,12.691184754210088,-0.3198246385835528
2020-05-30 23:00:00,8.834279188280197,8.884336095615959,-0.050056907335761736
2020-05-31 00:00:00,13.945252382698056,13.887011431120115,0.0582409515779414
2020-05-31 01:00:00,14.115110761437396,14.120225616999113,-0.005114855561716425
2020-05-31 02:00:00,11.116043143020644,10.7409567898831,0.3750863531375437
2020-05-31 03:00:00,8.986697018308922,9.486782460946143,-0.5000854426372214
2020-05-31 04:00:00,9.957990699827407,9.742655473170421,0.21533522665698612
2020-05-31 05:00:00,12.531290057791042,12.51636745044302,0.014922607348021089
2020-05-31 06:00:00,8.437999028044807,8.716975507196542,-0.2789764791517353
2020-05-31 07:00:00,9.276157617961962,9.174674283084721,0.1014833348772406
2020-05-31 08:00:00,7.798466662503421,7.897397792042049,-0.09893112953862726
2020-05-31 09:00:00,8.21674163054127,8.784944965001651,-0.5682033344603816
2020-05-31 10:00:00,10.500221441731986,10.315802054201214,0.18441938753077203
2020-05-31 11:00:00,7.552917447234662,7.283207831213355,0.2697096160213066
2020-05-31 12:00:00,11.917333069241518,11.747085340060838,0.1702477291806801
2020-05-31 13:00:00,9.05784546287591,8.797473000194683,0.26037246268122693
2020-05-31 14:00:00,10.405179463617957,10.550973071832605,-0.14579360821464782
2020-05-31 15:00:00,7.991560691267532,8.16328587190259,-0.17172518063505748
2020-05-31 16:00:00,11.342664685502797,11.677091742139865,-0.3344270566370682
2020-05-31 17:00:00,13.221037172047572,13.37080111725671,-0.14976394520913772
2020-05-31 18:00:00,26.694912072698116,26.988316601448886,-0.29340452875077006
2020-05-31 19:00:00,10.85788465866826,10.902162449393307,-0.04427779072504734
2020-05-31 20:00:00,19.59392072099781,19.358208728075077,0.23571199292273448
2020-05-31 21:00:00,16.616606172112306,16.345549896295836,0.27105627581646985
2020-05-31 22:00:00,11.820848229745533,11.936127544990871,-0.11527931524533841
2020-05-31 23:00:00,19.148005573091844,19.215847442900852,-0.06784186980900841
2020-06-01 00:00:00,9.427746876154004,9.426792979814838,0.0009538963391655386
2020-06-01 01:00:00,14.952542036804797,14.919668314166016,0.03287372263878119
2020-06-01 02:00:00,10.14854237659068,10.132434661803511,0.016107714787167993
2020-06-01 03:00:00,13.396072520168328,12.774532851681794,0.621539668486534
2020-06-01 04:00:00,30.872393184132903,31.043478540404507,-0.17108535627160393
2020-06-01 05:00:00,10.674015065093812,10.608363016756815,0.06565204833699667
2020-06-01 06:00:00,10.621547887787292,10.652401278496729,-0.030853390709436823
2020-06-01 07:00:00,11.349550124222423,11.073267820351303,0.2762823038711204
2020-06-01 08:00:00,12.825466153502472,12.37115421272282,0.4543119407796521
2020-06-01 09:00:00,9.899882346916304,9.97604698141811,-0.0761646345018061
2020-06-01 10:00:00,12.420826994825632,12.56336255204435,-0.1425355572187179
2020-06-01 11:00:00,9.45441847254946,9.938709514123994,-0.48429104157453473
2020-06-01 12:00:00,20.93226249744166,20.520813235362382,0.4114492620792767
2020-06-01 13:00:00,19.64853582158007,19.661912665485072,-0.01337684390500371
2020-06-01 14:00:00,15.4870780405698,15.265263446590238,0.2218145939795626
2020-06-01 15:00:00,10.696353947629598,11.132975800469616,-0.43662185284001787
2020-06-01 16:00:00,10.709691020269556,11.267371467942318,-0.5576804476727624
2020-06-01 17:00:00,11.79181341120366,11.39028571453493,0.40152769666873134
2020-06-01 18:00:00,13.203299703139743,13.27584857431074,-0.07254887117099607
2020-06-01 19:00:00,23.1548657079284,22.658984493429177,0.4958812144992244
2020-06-01 20:00:00,12.342846308606571,12.609078979159941,-0.26623267055336974
2020-06-01 21:00:00,10.608135983245608,10.518440155419734,0.08969582782587437
2020-06-01 22:00:00,13.061420729283093,13.13519715408691,-0.07377642480381752
2020-06-01 23:00:00,9.617953219441135,9.780629794911261,-0.16267657547012604
2020-06-02 00:00:00,12.257935672651538,12.039326718347633,0.21860895430390492
2020-06-02 01:00:00,16.734331659738928,16.433689326139383,0.3006423335995443
2020-06-02 02:00:00,9.886255314348308,9.63359847539325,0.2526568389550583
2020-06-02 03:00:00,8.83481264303969,9.378939882815393,-0.5441272397757029
2020-06-02 04:00:00,12.23708840297579,12.656572122441275,-0.4194837194654859
2020-06-02 05:00:00,12.484407234182004,12.4359155850226,0.04849164915940385
2020-06-02 06:00:00,10.473784165752411,10.284246971523999,0.18953719422841253
2020-06-02 07:00:00,12.223459214283622,12.421156259454074,-0.19769704517045206
2020-06-02 08:00:00,12.991680099273632,13.378167588788042,-0.38648748951441014
2020-06-02 09:00:00,8.608711608695552,8.727236655745422,-0.11852504704986977
2020-06-02 10:00:00,13.494814829872713,13.554651830757695,-0.05983700088498267
2020-06-02 11:00:00,8.085982083692048,8.318471626457162,-0.2324895427651139
2020-06-02 12:00:00,6.875047750902391,7.248055715111638,-0.373007964209247
2020-06-02 13:00:00,21.693920741488505,21.504456616514627,0.18946412497387755
2020-06-02 14:00:00,9.99802836577948,10.0991295859678,-0.1011012201883208
2020-06-02 15:00:00,6.67360498344103,6.747247798403545,-0.07364281496251479
2020-06-02 16:00:00,29.50160298412336,29.55196783366826,-0.05036484954490206
2020-06-02 17:00:00,21.53325853433153,21.245973866499476,0.2872846678320542
2020-06-02 18:00:00,8.05172669013426,8.484667479588445,-0.4329407894541859
2020-06-02 19:00:00,17.14067095988849,17.139278749537393,0.001392210351095713
2020-06-02 20:00:00,10.313647082693992,10.228309443063397,0.08533763963059471
2020-06-02 21:00:00,21.44098492578501,21.539679985229416,-0.09869505944440604
2020-06-02 22:00:00,13.739561317002876,13.91071099346476,-0.17114967646188362
2020-06-02 23:00:00,11.315150049855772,11.790338703137243,-0.47518865328147086
2020-06-03 00:00:00,9.681625625780155,10.058506874677752,-0.3768812488975968
2020-06-03 01:00:00,42.378992575263794,43.733793295201565,-1.3548007199377707
2020-06-03 02:00:00,10.050277166055078,10.520906641652555,-0.4706294755974767
2020-06-03 03:00:00,38.289689258326014,38.00261290544732,0.2870763528786924
2020-06-03 04:00:00,38.27637864791135,38.48013590191984,-0.20375725400848665
2020-06-03 05:00:00,12.741200786712728,12.620222270925371,0.12097851578735686
2020-06-03 06:00:00,12.841678653310588,12.470347915325846,0.37133073798474214
2020-06-03 07:00:00,12.430950910428011,12.480309064671069,-0.04935815424305723
2020-06-03 08:00:00,12.103691699781471,11.940737115019797,0.16295458476167468
2020-06-03 09:00:00,20.64874346008186,20.42498040182962,0.22376305825223852
2020-06-03 10:00:00,19.582775548095285,19.41149863477631,0.1712769133189731
2020-06-03 11:00:00,11.973713184550126,11.775825412973713,0.19788777157641313
2020-06-03 12:00:00,9.593634881274715,9.680834122942464,-0.08719924166774895
2020-06-03 13:00:00,21.81864284150282,22.056209958906486,-0.23756711740366399
2020-06-03 14:00:00,22.92304749521242,22.567075706632046,0.3559717885803728
2020-06-03 15:00:00,21.194595812069142,21.476037759176247,-0.2814419471071048
2020-06-03 16:00:00,38.74890024857192,38.913480523903665,-0.16458027533174402
2020-06-03 17:00:00,27.79805284712349,27.640376209639523,0.15767663748396643
2020-06-03 18:00:00,14.233114841699452,14.072640033446108,0.16047480825334404
2020-06-03 19:00:00,22.45468592522188,22.55882239347876,-0.10413646825687906
2020-06-03 20:00:00,12.328203345216224,12.057323597872706,0.2708797473435176
2020-06-03 21:00:00,24.090143171969228,22.2132960342555,1.8768471377137281
2020-06-03 22:00:00,22.99062555979498,23.05615272350622,-0.06552716371123779
2020-06-03 23:00:00,15.24618332905547,15.317631681728336,-0.07144835267286709
2020-06-04 00:00:00,11.637352127866096,11.529628611525657,0.10772351634043886
2020-06-04 01:00:00,16.846885271820643,16.775613082938317,0.07127218888232534
2020-06-04 02:00:00,13.8603883408972,13.699814695208042,0.16057364568915844
2020-06-04 03:00:00,11.772128909757605,11.807730793065351,-0.03560188330774672
2020-06-04 04:00:00,9.01070884841307,9.091616158460289,-0.08090731004721796
2020-06-04 05:00:00,11.754988266457511,11.56353957000397,0.19144869645354134
2020-06-04 06:00:00,11.388505090608302,12.40679783281982,-1.0182927422115178
2020-06-04 07:00:00,15.035394854682034,14.523123588195102,0.5122712664869322
2020-06-04 08:00:00,13.976809885022645,14.475688189844533,-0.4988783048218881
2020-06-04 09:00:00,9.054741946669637,9.19739963948566,-0.14265769281602303
2020-06-04 10:00:00,8.937386522152218,8.911052765646133,0.026333756506085493
2020-06-04 11:00:00,48.78765811203475,47.23310297187692,1.5545551401578308
2020-06-04 12:00:00,41.951042792490256,41.95309241884475,-0.0020496263544913518
2020-06-04 13:00:00,12.606246635426912,12.426814957203046,0.17943167822386563
2020-06-04 14:00:00,28.644926045377566,28.647179717589122,-0.0022536722115553687
2020-06-04 15:00:00,30.165370090969205,30.164912326646657,0.00045776432254740484
2020-06-04 16:00:00,27.060255896966336,26.95625601077378,0.10399988619255396
2020-06-04 17:00:00,26.71568110485513,26.466133432452327,0.24954767240280162
2020-06-04 18:00:00,22.565852102451803,22.621776419307402,-0.05592431685559873
2020-06-04 19:00:00,11.75482873108511,12.023131069438172,-0.2683023383530614
2020-06-04 20:00:00,25.70380156532749,25.408154863129194,0.2956467021982938
2020-06-04 21:00:00,11.138020068216642,11.126790822650436,0.011229245566205748
2020-06-04 22:00:00,10.078078913081882,10.103540100359425,-0.025461187277542763
2020-06-04 23:00:00,9.298166052455368,9.219926554768037,0.0782394976873313
2020-06-05 00:00:00,12.410367542410397,12.300207037136156,0.1101605052742407
2020-06-05 01:00:00,21.14542595109881,20.867120137978723,0.2783058131200882
2020-06-05 02:00:00,10.110731141084967,10.120364646008499,-0.009633504923531433
2020-06-05 03:00:00,9.938554378253912,9.819979718054377,0.11857466019953478
2020-06-05 04:00:00,11.523864874177283,11.517234008380234,0.006630865797049523
2020-06-05 05:00:00,9.716910986551564,9.050590075207902,0.6663209113436626
2020-06-05 06:00:00,7.87351233811336,7.817871649884954,0.05564068822840618
2020-06-05 07:00:00,8.33038018703929,9.596007206617525,-1.2656270195782344
2020-06-05 08:00:00,13.447399296945653,13.778305701165067,-0.3309064042194141
2020-06-05 09:00:00,12.381333241916126,12.442832319438388,-0.061499077522261913
2020-06-05 10:00:00,13.62822203417366,13.275760838459018,0.35246119571464263
2020-06-05 11:00:00,13.514047246227005,13.318326949138719,0.1957202970882861
2020-06-05 12:00:00,9.3833226868727,9.86216277277827,-0.4788400859055688
2020-06-05 13:00:00,9.356263049347426,9.272494007213343,0.0837690421340831
2020-06-05 14:00:00,9.558741330372056,9.36106304351217,0.19767828685988675
2020-06-05 15:00:00,10.478285073256709,10.65677887094237,-0.1784937976856611
2020-06-05 16:00:00,9.603666856408047,9.711880381852783,-0.10821352544473584
2020-06-05 17:00:00,8.827958315903897,8.787260381219433,0.0406979346844647
2020-06-05 18:00:00,9.6895674140014,9.91674792988578,-0.22718051588437937
2020-06-05 19:00:00,42.0350124671828,42.515973662518405,-0.48096119533560255
2020-06-05 20:00:00,12.177048387451968,11.932090718014184,0.24495766943778463
2020-06-05 21:00:00,34.05963616535618,34.101298040979174,-0.041661875622992284
2020-06-05 22:00:00,9.492226944277483,9.910653332123845,-0.41842638784636144
2020-06-05 23:00:00,11.51662360626977,11.568989109530827,-0.05236550326105771
2020-06-06 00:00:00,47.127193984114015,46.744682046278925,0.3825119378350905
2020-06-06 01:00:00,32.30429464021029,33.45483172232101,-1.1505370821107235
2020-06-06 02:00:00,32.893866638188065,33.35040803175856,-0.4565413935704967
2020-06-06 03:00:00,25.39930074067473,25.493870593879127,-0.0945698532043977
2020-06-06 04:00:00,30.61060224781918,30.55429351752706,0.05630873029211969
2020-06-06 05:00:00,19.68059879515878,20.082602601370464,-0.40200380621168463
2020-06-06 06:00:00,18.96105940063345,18.77086905770637,0.19019034292707815
2020-06-06 07:00:00,11.965952638498385,11.227618133628681,0.7383345048697034
2020-06-06 08:00:00,25.318416765747088,25.234757927754785,0.08365883799230289
2020-06-06 09:00:00,37.26052365813821,37.05679346835129,0.20373018978692414
2020-06-06 10:00:00,12.334479813086205,12.540755115221263,-0.20627530213505807
2020-06-06 11:00:00,26.81618339695175,26.87082899212261,-0.05464559517086087
2020-06-06 12:00:00,25.36004562697521,25.572558796802852,-0.21251316982764124
2020-06-06 13:00:00,22.55665830788705,22.174957395400373,0.3817009124866786
2020-06-06 14:00:00,12.765805002863791,12.284136013658236,0.4816689892055557
2020-06-06 15:00:00,12.552150954359774,12.256900350742443,0.29525060361733146
2020-06-06 16:00:00,12.717566187475631,12.581457111472425,0.13610907600320665
2020-06-06 17:00:00,18.05341742463068,17.85621619779997,0.1972012268307104
2020-06-06 18:00:00,11.744799636141869,12.108544352273448,-0.36374471613157944
2020-06-06 19:00:00,15.384426881670818,15.039530046578944,0.3448968350918733
2020-06-06 20:00:00,14.40423167964563,14.130592776165992,0.2736389034796378
2020-06-06 21:00:00,8.520147959386733,8.4183894786548,0.10175848073193272
2020-06-06 22:00:00,11.757561259097663,11.842682911621031,-0.08512165252336779
2020-06-06 23:00:00,17.12701558525961,17.286172378034845,-0.1591567927752351
2020-06-07 00:00:00,14.768183592452685,15.115288319222124,-0.34710472676943915
2020-06-07 01:00:00,13.95580927281812,13.161082040324368,0.7947272324937522
2020-06-07 02:00:00,12.795076427960288,13.303325363370194,-0.508248935409906
2020-06-07 03:00:00,12.030091455221674,11.980062607831853,0.05002884738982161
2020-06-07 04:00:00,12.797323637952063,12.762089566227155,0.03523407172490778
2020-06-07 05:00:00,10.07060241159045,9.852123702464173,0.21847870912627698
2020-06-07 06:00:00,9.485411955240489,9.47739465412747,0.008017301113017794
2020-06-07 07:00:00,14.178608441920792,14.231900781000832,-0.0532923390800395
2020-06-07 08:00:00,11.643950179826376,11.421735132871154,0.2222150469552222
2020-06-07 09:00:00,9.663789528340187,9.975588494428765,-0.3117989660885776
2020-06-07 10:00:00,9.510179819863149,9.968633292577962,-0.4584534727148135
2020-06-07 11:00:00,12.191123078607262,11.869689388303483,0.32143369030377933
2020-06-07 12:00:00,21.29424993873945,21.28241126966582,0.011838669073632957
2020-06-07 13:00:00,24.650986107633223,24.347252856635315,0.30373325099790804
2020-06-07 14:00:00,12.52458858482675,12.394332560867191,0.13025602395955893
2020-06-07 15:00:00,8.665672128459343,8.423050623017541,0.24262150544180194
2020-06-07 16:00:00,10.89492696098009,11.3337689542985,-0.4388419933184107
2020-06-07 17:00:00,13.90002293345914,13.806549471022677,0.09347346243646193
2020-06-07 18:00:00,25.769992237929067,25.54219578067224,0.22779645725682585
2020-06-07 19:00:00,12.722968238323448,12.539142831898323,0.18382540642512524
2020-06-07 20:00:00,21.81726532094816,21.760208423394566,0.057056897553593444
2020-06-07 21:00:00,12.068972367071082,11.736756366364483,0.3322160007065982
2020-06-07 22:00:00,24.022618702873068,23.539468802191653,0.48314990068141483
2020-06-07 23:00:00,18.077693226411316,17.60000281695706,0.477690409454258
2020-06-08 00:00:00,16.849647669219145,16.79800075101576,0.051646918203385184
2020-06-08 01:00:00,22.844193193949643,22.758740510247954,0.08545268370168912
2020-06-08 02:00:00,12.705136344326942,12.585908693139766,0.11922765118717571
2020-06-08 03:00:00,11.288200585806196,11.140545817793228,0.14765476801296806
2020-06-08 04:00:00,12.48440138142436,12.428191081686384,0.056210299737976754
2020-06-08 05:00:00,15.83269411350202,16.024238452860278,-0.19154433935825743
2020-06-08 06:00:00,12.00726669795595,12.350045066586475,-0.34277836863052435
2020-06-08 07:00:00,10.166453904517631,10.1107741942456,0.055679710272031
2020-06-08 08:00:00,12.230928352782623,12.29894440602158,-0.06801605323895643
2020-06-08 09:00:00,9.05795697549294,9.153279015325317,-0.09532203983237686
2020-06-08 10:00:00,9.69589916209616,9.534591355632712,0.1613078064634479
2020-06-08 11:00:00,10.693835612769757,11.046008592876472,-0.35217298010671527
2020-06-08 12:00:00,15.558624562377316,15.496353579095887,0.06227098328142944
2020-06-08 13:00:00,11.27447087668333,11.458525034599093,-0.18405415791576374
2020-06-08 14:00:00,8.327361506199528,8.44985393365778,-0.12249242745825129
2020-06-08 15:00:00,8.97022056928058,8.988102969190114,-0.017882399909534996
2020-06-08 16:00:00,12.927672644800024,13.035562039166951,-0.1078893943669268
2020-06-08 17:00:00,14.16387655374546,13.82174767768136,0.34212887606410014
2020-06-08 18:00:00,9.226204496964982,9.412293098407751,-0.18608860144276917
2020-06-08 19:00:00,13.617167705809312,13.646194327217525,-0.02902662140821377
2020-06-08 20:00:00,8.585692455633694,8.705104599697814,-0.11941214406411937
2020-06-08 21:00:00,11.269263248681163,11.413823166363718,-0.14455991768255494
2020-06-08 22:00:00,24.075153448943997,24.267735723802026,-0.19258227485802948
2020-06-08 23:00:00,9.033509184544256,8.758913118644294,0.27459606589996177
2020-06-09 00:00:00,10.04275404974976,9.924930207166513,0.11782384258324718
2020-06-09 01:00:00,10.62305801132372,10.331393369948193,0.29166464137552595
2020-06-09 02:00:00,9.369330035727623,8.984764264309174,0.3845657714184494
2020-06-09 03:00:00,14.288671734461216,13.755240676395028,0.5334310580661885
2020-06-09 04:00:00,14.43061161311233,14.391900037702284,0.038711575410045995
2020-06-09 05:00:00,19.43895237845786,19.255353247493275,0.18359913096458413
2020-06-09 06:00:00,10.635359722388037,10.70577313812398,-0.07041341573594373
2020-06-09 07:00:00,8.546680262817555,8.290286031342271,0.2563942314752836
2020-06-09 08:00:00,12.952780849353823,13.10575508383229,-0.15297423447846725
2020-06-09 09:00:00,10.719479689698666,11.031632735410069,-0.312153045711403
2020-06-09 10:00:00,11.759437885459135,11.404084565479732,0.3553533199794039
2020-06-09 11:00:00,13.218718683389152,12.966228275673963,0.2524904077151895
2020-06-09 12:00:00,9.399332531732732,9.090658144209948,0.30867438752278353
2020-06-09 13:00:00,8.748142298206057,8.157575007751504,0.5905672904545529
2020-06-09 14:00:00,10.818808148506388,10.93661362380723,-0.11780547530084107
2020-06-09 15:00:00,9.893156907583036,9.602319659932764,0.29083724765027164
2020-06-09 16:00:00,21.71401647985308,21.6646179233594,0.04939855649367786
2020-06-09 17:00:00,8.37476135140543,8.665374806381445,-0.29061345497601465
2020-06-09 18:00:00,10.267974400578275,10.135236888652635,0.1327375119256402
2020-06-09 19:00:00,11.018943496858684,10.815270830898914,0.20367266595977007
2020-06-09 20:00:00,12.043631724928868,12.625509830045827,-0.5818781051169584
2020-06-09 21:00:00,10.505220418489156,10.981372299165981,-0.47615188067682546
2020-06-09 22:00:00,11.911636895948869,11.849867403783549,0.06176949216532002
2020-06-09 23:00:00,10.803257446030026,10.55118305158986,0.2520743944401662
2020-06-10 00:00:00,13.295383941984133,14.167864627137002,-0.872480685152869
2020-06-10 01:00:00,8.052283532883196,8.274372619263787,-0.22208908638059022
2020-06-10 02:00:00,18.276687079242897,18.442118717425185,-0.16543163818228734
2020-06-10 03:00:00,11.664937508644329,11.603175128732598,0.06176237991173039
2020-06-10 04:00:00,15.098414667833184,14.626185985008648,0.4722286828245359
2020-06-10 05:00:00,9.951884680497916,9.792585400961283,0.1592992795366328
2020-06-10 06:00:00,10.615372245015132,10.90729593538364,-0.29192369036850785
2020-06-10 07:00:00,14.373022385943647,14.27364878297503,0.09937360296861719
2020-06-10 08:00:00,14.98511399892318,15.486006832333208,-0.5008928334100275
2020-06-10 09:00:00,9.57760980617309,9.750798361486723,-0.17318855531363297
2020-06-10 10:00:00,11.034145071793208,11.296857259691386,-0.2627121878981775
2020-06-10 11:00:00,9.311390093378774,9.465471391598992,-0.154081298220218
2020-06-10 12:00:00,10.40314732656837,10.600412824517852,-0.19726549794948234
2020-06-10 13:00:00,14.95035723646095,14.92449803134663,0.025859205114320716
2020-06-10 14:00:00,9.209696945231098,9.277163864850076,-0.06746691961897788
2020-06-10 15:00:00,9.8275200745664,9.666074055644515,0.16144601892188604
2020-06-10 16:00:00,9.580719141166576,9.682613137769485,-0.1018939966029091
2020-06-10 17:00:00,11.278730946602195,11.113635698367045,0.16509524823515065
2020-06-10 18:00:00,9.27561487483645,9.56203330698643,-0.286418432149981
2020-06-10 19:00:00,23.41049201889513,23.228491091437522,0.18200092745760799
2020-06-10 20:00:00,12.052211283732731,11.63966141132058,0.4125498724121517
2020-06-10 21:00:00,14.107124636687546,14.355506145195543,-0.24838150850799678
2020-06-10 22:00:00,9.267096752841546,9.099213895084002,0.16788285775754375
2020-06-10 23:00:00,8.47801432423359,8.470714192851098,0.007300131382491415
2020-06-11 00:00:00,11.352462849857536,11.53546203465886,-0.18299918480132327
2020-06-11 01:00:00,13.529425212229048,13.249506124996524,0.2799190872325248
2020-06-11 02:00:00,10.870880624197929,11.217356457410865,-0.34647583321293673
2020-06-11 03:00:00,11.41352729838323,11.868219178629879,-0.4546918802466493
2020-06-11 04:00:00,19.16302181883075,19.205434785153262,-0.04241296632251235
2020-06-11 05:00:00,11.63040366074149,11.579342126606653,0.051061534134836606
2020-06-11 06:00:00,11.843943913980016,11.576740146772805,0.26720376720721184
2020-06-11 07:00:00,11.54664861947902,11.37573307381195,0.17091554566706968
2020-06-11 08:00:00,17.625961168688118,17.613878023179723,0.012083145508395177
2020-06-11 09:00:00,17.233910338425815,17.682245207133594,-0.4483348687077786
2020-06-11 10:00:00,10.98236669827486,10.949136503185413,0.03323019508944647
2020-06-11 11:00:00,10.332552745084053,10.862831538134287,-0.5302787930502344
2020-06-11 12:00:00,12.053038113622463,12.008130702682404,0.04490741094005912
2020-06-11 13:00:00,10.961844596967008,10.771739873446007,0.19010472352100116
2020-06-11 14:00:00,41.06765876356832,41.500691850334434,-0.43303308676611607
2020-06-11 15:00:00,37.40701498584649,37.32371690409226,0.08329808175422926
2020-06-11 16:00:00,11.949588278940569,11.812160751012692,0.13742752792787627
2020-06-11 17:00:00,12.12822905919211,12.23735124249296,-0.10912218330084933
2020-06-11 18:00:00,11.072718738702472,11.375275609537393,-0.30255687083492155
2020-06-11 19:00:00,12.886279986601476,12.502854229097448,0.3834257575040283
2020-06-11 20:00:00,24.19990684152401,23.867378014499646,0.33252882702436537
2020-06-11 21:00:00,22.75619456046077,22.940880703959525,-0.18468614349875523
2020-06-11 22:00:00,18.458820455915934,18.516600007037002,-0.057779551121068806
2020-06-11 23:00:00,10.62149226853956,10.801266183799452,-0.17977391525989184
2020-06-12 00:00:00,11.240491844136924,11.273854244014588,-0.03336239987766376
2020-06-12 01:00:00,9.727803638034668,9.905395395191324,-0.1775917571566552
2020-06-12 02:00:00,14.442420382818453,14.422904722874659,0.019515659943794006
2020-06-12 03:00:00,14.039708210964188,14.263887044806223,-0.22417883384203563
2020-06-12 04:00:00,10.19530382946822,10.4049736547223,-0.20966982525408007
2020-06-12 05:00:00,16.518798772221523,15.725281083807067,0.7935176884144557
2020-06-12 06:00:00,8.965392099019427,8.939133419205723,0.026258679813704333
2020-06-12 07:00:00,10.235461277372746,10.075668924275384,0.1597923530973624
2020-06-12 08:00:00,9.75134124846796,10.028025006445358,-0.2766837579773984
2020-06-12 09:00:00,13.739454522416818,13.92985676140465,-0.19040223898783282
2020-06-12 10:00:00,12.534372061656557,12.843459204635247,-0.3090871429786901
2020-06-12 11:00:00,8.079988504441356,8.293103364519949,-0.21311486007859237
2020-06-12 12:00:00,17.39341526128999,16.863148664823505,0.5302665964664861
2020-06-12 13:00:00,8.286488444046842,8.411011259662418,-0.12452281561557577
2020-06-12 14:00:00,13.0457081862206,12.775098962959982,0.2706092232606174
2020-06-12 15:00:00,9.74198222931503,9.497441670762786,0.24454055855224333
2020-06-12 16:00:00,15.983160406754656,15.97001630696531,0.013144099789347052
2020-06-12 17:00:00,14.225078646086043,14.385147194375067,-0.16006854828902384
2020-06-12 18:00:00,16.197926476089027,16.096859987197668,0.10106648889135883
2020-06-12 19:00:00,6.89935922849155,7.342461040738025,-0.44310181224647494
2020-06-12 20:00:00,15.020817775823073,14.857214759505167,0.16360301631790541
2020-06-12 21:00:00,14.167289123199716,13.977806751605499,0.18948237159421666
2020-06-12 22:00:00,9.241112522223071,9.39940582842023,-0.15829330619715876
2020-06-12 23:00:00,10.430558880471605,10.14036813122692,0.2901907492446849
2020-06-13 00:00:00,12.773836153407924,12.86000885675159,-0.08617270334366545
2020-06-13 01:00:00,12.957675544857215,12.971020230480091,-0.01334468562287583
2020-06-13 02:00:00,8.608664877246955,9.270486239703256,-0.6618213624563012
2020-06-13 03:00:00,11.216681532549924,11.437079449312838,-0.22039791676291465
2020-06-13 04:00:00,9.046923724862069,8.850378977616833,0.19654474724523574
2020-06-13 05:00:00,11.633434098395515,11.918257052260838,-0.28482295386532286
2020-06-13 06:00:00,12.621797525537664,13.312285241206665,-0.6904877156690006
2020-06-13 07:00:00,10.2931890438723,10.443893286862474,-0.15070424299017482
2020-06-13 08:00:00,19.016665814779238,19.314899642722292,-0.2982338279430543
2020-06-13 09:00:00,11.7787807979839,11.808729766105921,-0.029948968122020858
2020-06-13 10:00:00,9.223636570208969,8.84494969397786,0.3786868762311091
2020-06-13 11:00:00,8.167053278830256,8.55495203279676,-0.3878987539665033
2020-06-13 12:00:00,12.204387706868877,12.058424447365397,0.1459632595034801
2020-06-13 13:00:00,11.801331001176186,12.08311560079239,-0.28178459961620383
2020-06-13 14:00:00,13.124349308118456,12.753514294492769,0.3708350136256868
2020-06-13 15:00:00,12.869271908801844,12.81437353484904,0.05489837395280439
2020-06-13 16:00:00,13.14947791792746,13.30392257521957,-0.15444465729211032
2020-06-13 17:00:00,13.249609040101284,13.960536823327558,-0.7109277832262748
2020-06-13 18:00:00,12.818247882276337,13.148253760272953,-0.33000587799661574
2020-06-13 19:00:00,24.35276516817789,24.472062415418613,-0.11929724724072344
2020-06-13 20:00:00,13.811079604136758,13.46914641466786,0.3419331894688984
2020-06-13 21:00:00,11.242897795795017,11.927986875419004,-0.685089079623987
2020-06-13 22:00:00,16.560120808113727,17.370284902218398,-0.810164094104671
2020-06-13 23:00:00,25.35921124179822,25.059241792164222,0.2999694496339984
2020-06-14 00:00:00,14.43315815079488,13.912762151181,0.5203959996138803
2020-06-14 01:00:00,21.350547027811857,21.244118908360853,0.10642811945100306
2020-06-14 02:00:00,17.844912416035417,17.943763670020044,-0.09885125398462691
2020-06-14 03:00:00,11.485366902344603,11.892786552023217,-0.407419649678614
2020-06-14 04:00:00,9.79625474265744,9.825510628061734,-0.029255885404293025
2020-06-14 05:00:00,9.096476686483216,9.287796590793656,-0.19131990431043988
2020-06-14 06:00:00,16.245746963313533,16.427985504784456,-0.1822385414709231
2020-06-14 07:00:00,11.306682183869444,10.762479100311348,0.5442030835580969
2020-06-14 08:00:00,9.330807672124708,9.564468631937945,-0.2336609598132373
2020-06-14 09:00:00,10.900095152864678,10.968027397232554,-0.06793224436787604
2020-06-14 10:00:00,9.195885151171836,9.52694223399534,-0.331057082823504
2020-06-14 11:00:00,12.161466087108655,12.870142474881318,-0.7086763877726625
2020-06-14 12:00:00,13.824040205554429,13.24052314725868,0.5835170582957492
2020-06-14 13:00:00,7.873327648406556,8.348672162551674,-0.47534451414511825
2020-06-14 14:00:00,11.44272024273201,11.887802187034184,-0.4450819443021743
2020-06-14 15:00:00,21.20874492017925,21.250160820606457,-0.04141590042720722
2020-06-14 16:00:00,11.440017927756262,11.333920742722873,0.10609718503338961
2020-06-14 17:00:00,14.720030437281398,14.372255340621924,0.3477750966594737
2020-06-14 18:00:00,11.737812580970482,11.576725127380078,0.16108745359040455
2020-06-14 19:00:00,11.469650442833398,11.55599227040967,-0.08634182757627151
2020-06-14 20:00:00,10.285560486576808,10.544452805369895,-0.2588923187930874
2020-06-14 21:00:00,9.494233939885492,9.572046568606023,-0.07781262872053141
2020-06-14 22:00:00,13.720776085580562,13.823704711938305,-0.10292862635774291
2020-06-14 23:00:00,11.782592265077923,11.623326141874964,0.15926612320295952
2020-06-15 00:00:00,10.249150636094893,9.999748398985936,0.24940223710895637
2020-06-15 01:00:00,12.702046029707317,12.758369442348963,-0.05632341264164609
2020-06-15 02:00:00,12.632717713880004,12.905107247195618,-0.27238953331561433
2020-06-15 03:00:00,9.994021326739375,9.915443505048271,0.07857782169110372
2020-06-15 04:00:00,12.909025832855033,12.892901472443633,0.016124360411399863
2020-06-15 05:00:00,13.229486700453354,13.69104183420527,-0.4615551337519168
2020-06-15 06:00:00,11.895879822563405,12.361159631379708,-0.4652798088163035
2020-06-15 07:00:00,9.726967857660965,9.795091933675772,-0.06812407601480786
2020-06-15 08:00:00,12.81625549249444,12.810058139677706,0.006197352816734281
2020-06-15 09:00:00,11.622241876220626,11.512354144769319,0.10988773145130715
2020-06-15 10:00:00,22.833923086381187,22.81596654436954,0.017956542011646093
2020-06-15 11:00:00,12.974077162415831,12.970555277513617,0.0035218849022147225
2020-06-15 12:00:00,9.27757639455653,9.278171955297273,-0.000595560740743295
2020-06-15 13:00:00,13.534524078945262,12.88921903899601,0.6453050399492515
2020-06-15 14:00:00,10.18400455306163,9.466776346404101,0.7172282066575288
2020-06-15 15:00:00,13.43838818974708,13.531812724398725,-0.09342453465164446
2020-06-15 16:00:00,7.945245314807348,8.023507062824397,-0.07826174801704866
2020-06-15 17:00:00,10.236734407791923,10.395145439369848,-0.15841103157792524
2020-06-15 18:00:00,13.37279426530973,13.624126932391034,-0.25133266708130364
2020-06-15 19:00:00,10.07346664489221,10.010722736498632,0.06274390839357835
2020-06-15 20:00:00,10.228122288914625,9.277952392568526,0.9501698963460985
2020-06-15 21:00:00,14.674204423915713,14.32222375347951,0.3519806704362036
2020-06-15 22:00:00,11.607479457325946,11.650331583653136,-0.042852126327190376
2020-06-15 23:00:00,14.399960505478218,14.357636743788648,0.04232376168956975
2020-06-16 00:00:00,8.659497714203242,8.910718856229924,-0.2512211420266812
2020-06-16 01:00:00,8.788942803439204,8.767491245057924,0.021451558381279767
2020-06-16 02:00:00,9.164944133523274,9.1777210183739,-0.012776884850625336
2020-06-16 03:00:00,12.31349175747558,12.26393374704773,0.04955801042784991
2020-06-16 04:00:00,7.98424564440925,7.927169118095443,0.05707652631380711
2020-06-16 05:00:00,8.372953261766373,8.751428829447017,-0.3784755676806437
2020-06-16 06:00:00,10.512017630149863,10.525618985509432,-0.013601355359568856
2020-06-16 07:00:00,10.627880073590058,10.221746632631245,0.4061334409588131
2020-06-16 08:00:00,7.277495134332671,8.178326159477187,-0.900831025144516
2020-06-16 09:00:00,11.936251256533154,11.70142600340384,0.2348252531293138
2020-06-16 10:00:00,15.716680375243762,15.724691487859582,-0.008011112615820437
2020-06-16 11:00:00,12.981486872540472,12.64371868087538,0.3377681916650914
2020-06-16 12:00:00,18.19922051320085,18.292230309463598,-0.09300979626274852
2020-06-16 13:00:00,8.753707460127256,8.627831626716409,0.12587583341084674
2020-06-16 14:00:00,13.534654799786807,13.405442106931215,0.12921269285559234
2020-06-16 15:00:00,20.5833386157488,20.83248947890597,-0.24915086315716906
2020-06-16 16:00:00,12.07533409956697,12.117294301411032,-0.041960201844062794
2020-06-16 17:00:00,13.635576058763352,14.043067842001763,-0.4074917832384113
2020-06-16 18:00:00,8.915073359730505,9.075275925914102,-0.16020256618359774
2020-06-16 19:00:00,9.837375102838784,10.012705058613047,-0.1753299557742629
2020-06-16 20:00:00,13.008819939778316,12.809171421563816,0.19964851821450047
2020-06-16 21:00:00,16.433343252399986,16.065856983152372,0.36748626924761396
2020-06-16 22:00:00,13.331187576348109,13.177809300582881,0.15337827576522756
2020-06-16 23:00:00,29.083583605303566,28.564335593331602,0.519248011971964
2020-06-17 00:00:00,12.664487406378145,12.547359403917332,0.11712800246081301
2020-06-17 01:00:00,10.401648495094596,10.67255168045956,-0.27090318536496305
2020-06-17 02:00:00,20.45696843532928,20.39237871227984,0.06458972304944055
2020-06-17 03:00:00,20.958131533083197,21.182298949832564,-0.22416741674936702
2020-06-17 04:00:00,16.86006402174025,16.760522393717483,0.09954162802276656
2020-06-17 05:00:00,12.800126863644593,12.848577428021624,-0.04845056437703121
2020-06-17 06:00:00,12.467613146012209,12.463544593461908,0.004068552550300808
2020-06-17 07:00:00,10.666524126330732,10.264260658628334,0.4022634677023973
2020-06-17 08:00:00,13.91100405247462,13.505070769385377,0.4059332830892437
2020-06-17 09:00:00,8.929145449119662,9.17142585966137,-0.24228041054170824
2020-06-17 10:00:00,16.42980972624937,16.331268354240216,0.09854137200915503
2020-06-17 11:00:00,9.25175726724489,8.954042956073316,0.29771431117157476
2020-06-17 12:00:00,11.272016941188465,11.47256333472989,-0.20054639354142445
2020-06-17 13:00:00,10.586185512480238,10.947155338490774,-0.3609698260105354
2020-06-17 14:00:00,9.039158648781232,9.113190203663917,-0.07403155488268531
2020-06-17 15:00:00,8.609652694420586,8.421305134596606,0.18834755982397944
2020-06-17 16:00:00,15.436565108676556,15.275189352127446,0.16137575654910918
2020-06-17 17:00:00,12.261687001311255,12.313299429287898,-0.051612427976643005
2020-06-17 18:00:00,10.635766931503516,10.250048827159453,0.38571810434406295
2020-06-17 19:00:00,11.910282037130916,11.694130462625775,0.21615157450514033
2020-06-17 20:00:00,8.751712504418776,8.663436899267984,0.08827560515079291
2020-06-17 21:00:00,15.854469292764684,15.844469459130874,0.00999983363380963
2020-06-17 22:00:00,11.173191831829664,11.100558072394707,0.07263375943495731
2020-06-17 23:00:00,14.461729657797555,14.229269311069514,0.2324603467280415
2020-06-18 00:00:00,12.317273435900551,12.397707325068149,-0.08043388916759753
2020-06-18 01:00:00,11.725918861750344,11.486772235341853,0.23914662640849116
2020-06-18 02:00:00,14.075939407318266,14.083566366302282,-0.007626958984015886
2020-06-18 03:00:00,12.866205750257093,12.869264372037138,-0.0030586217800454563
2020-06-18 04:00:00,10.121350457199998,9.83880831389289,0.2825421433071078
2020-06-18 05:00:00,11.91834373340338,11.826095996856887,0.09224773654649354
2020-06-18 06:00:00,7.418887492281064,7.907594350907103,-0.48870685862603924
2020-06-18 07:00:00,13.339395131483082,13.042444074997835,0.29695105648524667
2020-06-18 08:00:00,13.334041673321831,13.197451295003713,0.13659037831811816
2020-06-18 09:00:00,7.6234236057599025,7.584152749006013,0.039270856753889305
2020-06-18 10:00:00,10.327210312022856,10.625326969982154,-0.298116657959298
2020-06-18 11:00:00,10.73567409105122,10.819458463230996,-0.08378437217977641
2020-06-18 12:00:00,13.839980774704042,13.937801208965723,-0.0978204342616813
2020-06-18 13:00:00,21.89531392800724,22.18777775584163,-0.2924638278343892
2020-06-18 14:00:00,9.692611584955998,10.028919031079052,-0.33630744612305463
2020-06-18 15:00:00,18.323616790756983,18.513553766191954,-0.18993697543497134
2020-06-18 16:00:00,11.119421455223485,11.318727975991406,-0.1993065207679212
2020-06-18 17:00:00,12.306192117255826,12.536286350807496,-0.2300942335516698
2020-06-18 18:00:00,13.842102844603229,13.966081225209434,-0.12397838060620536
2020-06-18 19:00:00,9.358322983970655,9.614669209274055,-0.2563462253033997
2020-06-18 20:00:00,7.901353801190396,8.21461936469993,-0.3132655635095336
2020-06-18 21:00:00,20.693123285265216,20.939442569782152,-0.24631928451693597
2020-06-18 22:00:00,11.8694756307202,11.462182861765605,0.4072927689545942
2020-06-18 23:00:00,34.43540343673638,34.42820395980809,0.00719947692829237
2020-06-19 00:00:00,12.23474944135583,12.002794192761172,0.23195524859465877
2020-06-19 01:00:00,11.92712882559671,11.868858447907453,0.05827037768925791
2020-06-19 02:00:00,10.065624649218314,10.428560050183222,-0.36293540096490773
2020-06-19 03:00:00,19.593895875908583,19.96128083474451,-0.3673849588359275
2020-06-19 04:00:00,25.12642616013381,24.822965306685273,0.3034608534485379
2020-06-19 05:00:00,18.56661717677289,18.29943714383567,0.2671800329372189
2020-06-19 06:00:00,17.958991757496026,18.05402660017777,-0.09503484268174489
2020-06-19 07:00:00,18.09324755324453,18.304641398722147,-0.21139384547761608
2020-06-19 08:00:00,16.01270758800331,15.882250910624384,0.13045667737892508
2020-06-19 09:00:00,13.563211294309893,14.290723276453027,-0.7275119821431346
2020-06-19 10:00:00,14.252559745703037,13.695225596608385,0.5573341490946522
2020-06-19 11:00:00,11.576786915248404,10.70793115537272,0.8688557598756841
2020-06-19 12:00:00,13.787111111686906,13.909507762925504,-0.12239665123859744
2020-06-19 13:00:00,11.442146277884694,11.38527348315752,0.056872794727173215
2020-06-19 14:00:00,8.343747335722044,8.408687674771219,-0.06494033904917451
2020-06-19 15:00:00,14.377714562812864,14.260915203416246,0.11679935939661767
2020-06-19 16:00:00,10.06273629109806,9.949481974725842,0.11325431637221861
2020-06-19 17:00:00,7.586205688416755,7.611148730788038,-0.024943042371282864
2020-06-19 18:00:00,10.363734944007858,9.894993948252898,0.46874099575495976
2020-06-19 19:00:00,13.038303601348447,13.38979137778374,-0.3514877764352917
2020-06-19 20:00:00,14.73541122296086,14.767690491127022,-0.03227926816616211
2020-06-19 21:00:00,19.494929891457957,19.643522409156617,-0.14859251769865978
2020-06-19 22:00:00,7.713097058931755,7.731274213714894,-0.01817715478313886
2020-06-19 23:00:00,12.581717387789904,12.561414229108282,0.02030315868162269
2020-06-20 00:00:00,11.574216251212023,11.830948509846033,-0.2567322586340097
2020-06-20 01:00:00,11.08367526253517,10.884642774003881,0.19903248853128908
2020-06-20 02:00:00,8.401834620961111,8.380057712553397,0.0217769084077144
2020-06-20 03:00:00,11.416528366445563,11.608845518430622,-0.1923171519850584
2020-06-20 04:00:00,8.917293749269263,9.075639445772385,-0.15834569650312247
2020-06-20 05:00:00,9.446273008173812,9.387482060345876,0.05879094782793537
2020-06-20 06:00:00,11.00197631489472,11.26099145033328,-0.2590151354385615
2020-06-20 07:00:00,17.068035536642338,17.364469675035316,-0.2964341383929785
2020-06-20 08:00:00,24.02495175402415,23.921046539348367,0.10390521467578395
2020-06-20 09:00:00,14.18023101788447,12.882023736845008,1.2982072810394616
2020-06-20 10:00:00,9.581976524995524,9.352787872364537,0.2291886526309863
2020-06-20 11:00:00,12.13212615375443,11.681975327204203,0.4501508265502263
2020-06-20 12:00:00,8.997657152871637,9.087106915680073,-0.0894497628084352
2020-06-20 13:00:00,8.306170797214198,8.301669061161464,0.004501736052734628
2020-06-20 14:00:00,10.880494471281043,10.762262323008999,0.11823214827204431
2020-06-20 15:00:00,9.68217144554774,9.475876286094145,0.20629515945359422
2020-06-20 16:00:00,8.20747889130364,8.288460672666094,-0.08098178136245338
2020-06-20 17:00:00,13.000015912867768,12.552219852720807,0.4477960601469615
2020-06-20 18:00:00,11.13468324237088,10.203302364505882,0.9313808778649975
2020-06-20 19:00:00,8.380885607716117,8.590911923960874,-0.21002631624475754
2020-06-20 20:00:00,18.0930214145558,17.81676524159055,0.27625617296525107
2020-06-20 21:00:00,11.147538124771373,11.498392467852865,-0.3508543430814921
2020-06-20 22:00:00,15.219066219792603,14.846455116422248,0.37261110337035497
2020-06-20 23:00:00,13.228774419737189,12.716864090464622,0.5119103292725669
2020-06-21 00:00:00,14.705583898232094,15.360085695349778,-0.6545017971176836
2020-06-21 01:00:00,8.312574221831303,8.468160106569702,-0.1555858847383984
2020-06-21 02:00:00,12.456272270570675,12.444228614518787,0.012043656051888618
2020-06-21 03:00:00,20.632655268041265,20.756471612341155,-0.12381634429988964
2020-06-21 04:00:00,16.26432937527171,16.005541065439704,0.2587883098320063
2020-06-21 05:00:00,10.437012376880189,10.085453699907152,0.35155867697303655
2020-06-21 06:00:00,11.715810427533595,11.548032153021616,0.16777827451197957
2020-06-21 07:00:00,9.639245191089744,9.372619769454563,0.2666254216351813
2020-06-21 08:00:00,9.546857966841218,9.622488475152865,-0.0756305083116473
2020-06-21 09:00:00,7.553816002125813,7.715043348686726,-0.16122734656091353
2020-06-21 10:00:00,17.990767078367746,17.955753940242563,0.035013138125183474
2020-06-21 11:00:00,12.40079026632793,12.67973481445156,-0.278944548123631
2020-06-21 12:00:00,22.48109031269774,22.36664701729986,0.11444329539788001
2020-06-21 13:00:00,23.14630267267573,23.031978225666638,0.11432444700909272
2020-06-21 14:00:00,13.623357338417089,13.261207493874881,0.36214984454220733
2020-06-21 15:00:00,13.088178698090088,13.05511772533001,0.03306097276007769
2020-06-21 16:00:00,12.632879282186448,12.639905994462243,-0.0070267122757954326
2020-06-21 17:00:00,11.197344552880388,11.188856532732832,0.008488020147556341
2020-06-21 18:00:00,11.8130560234879,11.749262107170447,0.06379391631745257
2020-06-21 19:00:00,13.115095603726363,12.802115146624239,0.31298045710212463
2020-06-21 20:00:00,7.338874254509621,7.830276626454047,-0.49140237194442626
2020-06-21 21:00:00,17.533323493632384,17.85751888735455,-0.3241953937221673
2020-06-21 22:00:00,10.672769120672434,10.534869799568899,0.13789932110353575
2020-06-21 23:00:00,10.035569686571533,10.11868358227761,-0.0831138957060773
2020-06-22 00:00:00,11.225883226576622,11.312365249801804,-0.08648202322518195
2020-06-22 01:00:00,14.90352886610527,15.098852265363377,-0.19532339925810582
2020-06-22 02:00:00,9.411503753634912,8.987742526207038,0.4237612274278746
2020-06-22 03:00:00,20.73505081672817,20.768265464651797,-0.033214647923628604
2020-06-22 04:00:00,9.88022966057619,10.255378021124258,-0.375148360548069
2020-06-22 05:00:00,12.025840557811986,11.77842617233054,0.247414385481445
2020-06-22 06:00:00,13.778533072518275,13.709302696294063,0.06923037622421191
2020-06-22 07:00:00,11.10097246921268,10.712382303492124,0.38859016572055616
2020-06-22 08:00:00,8.538636043685118,8.320280163052919,0.21835588063219902
2020-06-22 09:00:00,9.480309073279887,8.952847320074945,0.5274617532049426
2020-06-22 10:00:00,11.071970425442055,11.12494351867426,-0.052973093232203894
2020-06-22 11:00:00,14.10612441776025,14.109609696967247,-0.0034852792069965943
2020-06-22 12:00:00,12.637413934524377,13.156916074210448,-0.5195021396860717
2020-06-22 13:00:00,9.7399589195452,9.599394827955292,0.14056409158990846
2020-06-22 14:00:00,7.294382590892418,7.604059189527332,-0.3096765986349137
2020-06-22 15:00:00,10.454676992764634,10.810783713711533,-0.3561067209468991
2020-06-22 16:00:00,13.062435441495373,12.719550637715733,0.3428848037796399
2020-06-22 17:00:00,13.07703053378469,12.963893360351557,0.11313717343313279
2020-06-22 18:00:00,7.41667165181191,7.776564195316277,-0.35989254350436717
2020-06-22 19:00:00,10.961374172083186,10.756751031589129,0.20462314049405705
2020-06-22 20:00:00,12.335452058644718,12.088754800555725,0.246697258088993
2020-06-22 21:00:00,22.614039677641,22.530371531020517,0.08366814662048228
2020-06-22 22:00:00,8.067983270650318,8.43770019903377,-0.36971692838345227
2020-06-22 23:00:00,8.276212372078602,8.385878898043924,-0.10966652596532178
2020-06-23 00:00:00,11.2724589534475,10.796392554177476,0.4760663992700245
2020-06-23 01:00:00,9.448164013715909,9.687643256651754,-0.239479242935845
2020-06-23 02:00:00,9.280963648401205,9.489049020681815,-0.20808537228061041
2020-06-23 03:00:00,12.776279242010814,12.764671717438315,0.011607524572498917
2020-06-23 04:00:00,20.11570923241866,19.83604593916862,0.2796632932500387
2020-06-23 05:00:00,15.042177681596868,15.214905993316766,-0.17272831171989722
2020-06-23 06:00:00,16.22645976704287,15.872398448075028,0.3540613189678403
2020-06-23 07:00:00,23.39721590583552,23.529726521839546,-0.13251061600402636
2020-06-23 08:00:00,8.06194660181628,8.017888593935115,0.044058007881163874
2020-06-23 09:00:00,9.0261696513918,9.71883902668837,-0.6926693752965694
2020-06-23 10:00:00,9.942145732501873,9.948017458593052,-0.005871726091179141
2020-06-23 11:00:00,13.134935246099124,13.130971302139786,0.003963943959337968
2020-06-23 12:00:00,10.105239340028024,10.26515115032691,-0.15991181029888502
2020-06-23 13:00:00,15.462918491541757,15.80702573559346,-0.34410724405170257
2020-06-23 14:00:00,9.339388072899911,9.161016407440114,0.17837166545979777
2020-06-23 15:00:00,18.76117426254938,18.698672866777535,0.062501395771843
2020-06-23 16:00:00,12.719845574779397,12.728886328101744,-0.009040753322347328
2020-06-23 17:00:00,12.822816696343844,12.703577593312112,0.1192391030317328
2020-06-23 18:00:00,9.5112569528945,9.372869314636013,0.13838763825848766
2020-06-23 19:00:00,14.745983308213257,14.560048261003361,0.1859350472098953
2020-06-23 20:00:00,12.656051804973556,12.151265114165104,0.5047866908084515
2020-06-23 21:00:00,12.207490659913711,12.39955706715837,-0.19206640724465807
2020-06-23 22:00:00,17.04989161540989,17.30692330919823,-0.25703169378833834
2020-06-23 23:00:00,12.884392530405162,12.666964997852102,0.21742753255306013
2020-06-24 00:00:00,11.808756247118437,12.175135003228164,-0.3663787561097269
2020-06-24 01:00:00,6.175765002125383,6.4066822457445465,-0.23091724361916377
2020-06-24 02:00:00,10.68970439611769,11.098422939399105,-0.4087185432814149
2020-06-24 03:00:00,8.266030632956383,8.316911135348436,-0.05088050239205266
2020-06-24 04:00:00,13.006670380795706,12.978456265070752,0.02821411572495336
2020-06-24 05:00:00,9.479042770335916,9.199147398240585,0.27989537209533033
2020-06-24 06:00:00,28.604516837859848,28.84057464958211,-0.2360578117222616
2020-06-24 07:00:00,24.323944828084823,24.074119532048464,0.2498252960363594
2020-06-24 08:00:00,17.904455122365636,17.764132271697235,0.1403228506684009
2020-06-24 09:00:00,11.270030790631862,11.517514740966591,-0.24748395033472903
2020-06-24 10:00:00,19.960551665126967,19.417075176839756,0.5434764882872116
2020-06-24 11:00:00,10.611028355758007,10.863064998986369,-0.2520366432283616
2020-06-24 12:00:00,11.127058332319864,10.698190997011373,0.42886733530849064
2020-06-24 13:00:00,9.659050499079363,9.542083245579825,0.11696725349953851
2020-06-24 14:00:00,9.819755409837851,10.380322948613912,-0.5605675387760609
2020-06-24 15:00:00,15.465107689363284,15.077705806173123,0.38740188319016156
2020-06-24 16:00:00,13.7054308426216,13.579887634495545,0.12554320812605546
2020-06-24 17:00:00,9.817660016199763,10.018046311441434,-0.20038629524167106
2020-06-24 18:00:00,13.279432657617388,13.09726663037775,0.1821660272396386
2020-06-24 19:00:00,51.29800445878908,46.444954735036006,4.853049723753074
2020-06-24 20:00:00,12.407147208213658,12.155388019973875,0.2517591882397827
2020-06-24 21:00:00,12.979144301272846,13.116770872603585,-0.1376265713307383
2020-06-24 22:00:00,35.409014692870294,34.75636471785078,0.6526499750195143
2020-06-24 23:00:00,29.67125931086898,30.10868294598549,-0.4374236351165095
2020-06-25 00:00:00,27.712967684855688,27.398514258398624,0.31445342645706376
2020-06-25 01:00:00,12.9785493685516,12.856530058784536,0.12201930976706343
2020-06-25 02:00:00,16.900912683785524,16.83954203691145,0.06137064687407445
2020-06-25 03:00:00,11.717337311020806,11.676581145998638,0.04075616502216839
2020-06-25 04:00:00,12.19797837846549,12.461030657992787,-0.2630522795272974
2020-06-25 05:00:00,10.745228042680804,10.772452164606678,-0.0272241219258742
2020-06-25 06:00:00,25.96851893735634,25.898031772753665,0.07048716460267457
2020-06-25 07:00:00,15.43721074712438,15.409285591384727,0.027925155739653817
2020-06-25 08:00:00,9.866424464192214,9.872871528297209,-0.0064470641049947375
2020-06-25 09:00:00,11.426956813026218,10.923571108240921,0.5033857047852965
2020-06-25 10:00:00,11.630276129679196,12.02868581005306,-0.3984096803738648
2020-06-25 11:00:00,10.643123990675798,10.440130203881225,0.2029937867945737
2020-06-25 12:00:00,11.610516777568405,11.132650137537924,0.47786664003048074
2020-06-25 13:00:00,10.38368011557507,10.506397422827044,-0.12271730725197472
2020-06-25 14:00:00,8.781793976369139,8.685573257441863,0.09622071892727568
2020-06-25 15:00:00,9.787302563957384,10.062770743856463,-0.2754681798990788
2020-06-25 16:00:00,11.65364348594443,11.513646690123617,0.1399967958208137
2020-06-25 17:00:00,12.495167508641408,12.65298932307294,-0.1578218144315322
2020-06-25 18:00:00,14.335568171196416,14.453803001391922,-0.11823483019550629
2020-06-25 19:00:00,8.67457916386167,8.920106845375797,-0.24552768151412607
2020-06-25 20:00:00,8.913132312542109,8.804778333224153,0.10835397931795576
2020-06-25 21:00:00,8.224540488095776,8.889132546815897,-0.6645920587201211
2020-06-25 22:00:00,16.157475472103144,16.57131569500548,-0.413840222902337
2020-06-25 23:00:00,9.850235618753496,9.83318235992361,0.017053258829886175
2020-06-26 00:00:00,13.399883324846456,13.607489700343617,-0.20760637549716066
2020-06-26 01:00:00,27.714650846415125,27.489765478290224,0.22488536812490167
2020-06-26 02:00:00,12.99739972545273,12.488653269652065,0.5087464558006651
2020-06-26 03:00:00,15.997055355805596,16.0891999835164,-0.09214462771080534
2020-06-26 04:00:00,12.284207223754356,12.399730868090574,-0.11552364433621776
2020-06-26 05:00:00,11.627869879979082,11.693084154230194,-0.0652142742511117
2020-06-26 06:00:00,12.738986999887452,12.974366078434603,-0.235379078547151
2020-06-26 07:00:00,15.743397646255792,15.901392309816574,-0.15799466356078185
2020-06-26 08:00:00,16.064604206250575,16.077356687224505,-0.012752480973929892
2020-06-26 09:00:00,11.53284046694683,11.082369098080688,0.4504713688661415
2020-06-26 10:00:00,9.526820634053928,9.586767366503258,-0.05994673244932969
2020-06-26 11:00:00,9.477197297501764,9.403615830764736,0.07358146673702848
2020-06-26 12:00:00,11.446654767436929,11.753742859367776,-0.3070880919308472
2020-06-26 13:00:00,8.623848611038422,8.664320022255229,-0.04047141121680653
2020-06-26 14:00:00,8.001521302893792,7.9884269488275645,0.01309435406622761
2020-06-26 15:00:00,25.659104186034806,25.73266144498942,-0.07355725895461518
2020-06-26 16:00:00,7.256943126182017,7.767520578684059,-0.5105774525020417
2020-06-26 17:00:00,9.912562439917702,9.788357460656268,0.12420497926143348
2020-06-26 18:00:00,13.599832549944944,13.678421030515336,-0.07858848057039225
2020-06-26 19:00:00,9.618423722635288,9.545959322432509,0.07246440020277944
2020-06-26 20:00:00,10.897154514364178,11.260101740494985,-0.36294722613080665
2020-06-26 21:00:00,5.654403113296688,6.1733406735318885,-0.5189375602352007
2020-06-26 22:00:00,9.0276729884516,9.042127792784855,-0.014454804333254856
2020-06-26 23:00:00,15.35309651435634,14.790978546981382,0.5621179673749577
2020-06-27 00:00:00,11.823897305227725,11.574217012631983,0.2496802925957411
2020-06-27 01:00:00,10.350522054364738,11.03915446382033,-0.6886324094555913
2020-06-27 02:00:00,13.205636879984793,13.105262454555499,0.10037442542929398
2020-06-27 03:00:00,11.628588638567596,11.283720462148352,0.3448681764192436
2020-06-27 04:00:00,12.887321233150583,12.680520331310351,0.20680090184023214
2020-06-27 05:00:00,10.788974935794968,11.007491014801637,-0.21851607900666892
2020-06-27 06:00:00,8.710791258642534,8.694723871782434,0.01606738686009912
2020-06-27 07:00:00,11.954288281739087,12.127030507513096,-0.17274222577400877
2020-06-27 08:00:00,8.4782743260746,8.259189746268977,0.21908457980562268
2020-06-27 09:00:00,11.836980584796637,12.061126424121715,-0.2241458393250788
2020-06-27 10:00:00,14.405352375849798,14.280123879830116,0.1252284960196821
2020-06-27 11:00:00,14.919846655564156,14.558621425734435,0.3612252298297207
2020-06-27 12:00:00,9.455064329962742,9.711136491292299,-0.25607216132955735
2020-06-27 13:00:00,34.185261607400705,34.055978759440784,0.12928284795992084
2020-06-27 14:00:00,13.540262297762425,13.45863135991041,0.08163093785201525
2020-06-27 15:00:00,12.83183755014156,12.982819322560402,-0.15098177241884336
2020-06-27 16:00:00,24.98639857627458,25.27282083719743,-0.2864222609228477
2020-06-27 17:00:00,20.415165334530364,20.61078236170792,-0.1956170271775548
2020-06-27 18:00:00,11.96882537342752,11.755741663623464,0.21308370980405655
2020-06-27 19:00:00,17.17930914736839,16.830813025064334,0.3484961223040557
2020-06-27 20:00:00,10.018067678111942,10.15018810397168,-0.13212042585973727
2020-06-27 21:00:00,9.62148555135597,9.68397451495712,-0.062488963601149194
2020-06-27 22:00:00,20.49135554541675,20.50435112126975,-0.012995575853000929
2020-06-27 23:00:00,12.088960772708084,12.31585794723295,-0.2268971745248649
2020-06-28 00:00:00,12.01570122280014,11.907969309562741,0.10773191323739795
2020-06-28 01:00:00,15.713362951621008,15.486811980033265,0.22655097158774318
2020-06-28 02:00:00,16.890279273610876,17.437858345208607,-0.5475790715977311
2020-06-28 03:00:00,12.080418174250813,11.966689191037965,0.11372898321284808
2020-06-28 04:00:00,13.383326971549335,13.295669687252413,0.0876572842969221
2020-06-28 05:00:00,12.2859802584004,12.446591580212084,-0.16061132181168425
2020-06-28 06:00:00,11.605813675653868,11.527476356019966,0.07833731963390278
2020-06-28 07:00:00,34.27079519053553,34.36265070876957,-0.09185551823404126
2020-06-28 08:00:00,40.26867532121745,40.391003414097696,-0.12232809288024526
2020-06-28 09:00:00,32.57091028575572,32.111186749113834,0.4597235366418886
2020-06-28 10:00:00,22.786242592579555,23.133149864686292,-0.346907272106737
2020-06-28 11:00:00,13.432079501746054,13.261083863086585,0.17099563865946976
2020-06-28 12:00:00,21.289320302577448,21.0006697571534,0.2886505454240478
2020-06-28 13:00:00,11.394034656258947,11.328958629114933,0.0650760271440145
2020-06-28 14:00:00,17.219557276173294,17.509178791633737,-0.2896215154604427
2020-06-28 15:00:00,14.162287827737671,14.101291169097047,0.06099665864062409
2020-06-28 16:00:00,7.813111058238176,8.154636400027316,-0.34152534178913996
2020-06-28 17:00:00,7.943886217770272,8.351726786255298,-0.40784056848502637
2020-06-28 18:00:00,10.181363495732274,10.212973586037185,-0.0316100903049108
2020-06-28 19:00:00,9.00854138933529,9.0199651648021,-0.011423775466809616
2020-06-28 20:00:00,12.069464893900951,11.915260405870477,0.1542044880304747
2020-06-28 21:00:00,12.569941860755408,12.364861375061277,0.20508048569413084
2020-06-28 22:00:00,16.70958296882517,16.609049185803794,0.10053378302137617
2020-06-28 23:00:00,10.653327778103469,11.037431344994275,-0.38410356689080594
2020-06-29 00:00:00,10.896298604262812,10.986325935519638,-0.0900273312568256
2020-06-29 01:00:00,8.631171966543546,9.24696917007695,-0.6157972035334041
2020-06-29 02:00:00,9.077084745310255,9.061241017515353,0.01584372779490195
2020-06-29 03:00:00,17.52951790282452,17.75674832888831,-0.22723042606379096
2020-06-29 04:00:00,9.817204528267986,10.21645499263794,-0.39925046436995437
2020-06-29 05:00:00,14.422398784937403,14.609075145258323,-0.18667636032092005
2020-06-29 06:00:00,9.54327520657118,9.679480184730568,-0.13620497815938926
2020-06-29 07:00:00,15.362798234619769,15.152578663636795,0.21021957098297328
2020-06-29 08:00:00,7.4822892340902065,7.621616993158673,-0.1393277590684665
2020-06-29 09:00:00,11.75424098102132,11.826727024243596,-0.07248604322227514
2020-06-29 10:00:00,12.251933968915717,12.495068433963372,-0.243134465047655
2020-06-29 11:00:00,8.758546547560192,8.79691714335933,-0.038370595799138485
2020-06-29 12:00:00,12.411574667013143,12.820798949862114,-0.40922428284897094
2020-06-29 13:00:00,12.173499395237682,12.286147378987188,-0.1126479837495058
2020-06-29 14:00:00,9.283875931576992,9.19169489911014,0.09218103246685239
2020-06-29 15:00:00,11.17501651684772,11.146401104509271,0.02861541233844811
2020-06-29 16:00:00,14.66234301887556,13.983252331963207,0.6790906869123532
2020-06-29 17:00:00,18.16246714188987,18.389314942258444,-0.22684780036857433
2020-06-29 18:00:00,10.295240131505082,10.026588604445227,0.2686515270598555
2020-06-29 19:00:00,9.187177678701016,9.217698639715197,-0.030520961014181225
2020-06-29 20:00:00,8.521851198588303,8.576001359164987,-0.054150160576684314
2020-06-29 21:00:00,7.15882190367044,7.194229351604077,-0.03540744793363704
2020-06-29 22:00:00,10.30396684557175,9.721560477617016,0.582406367954734
2020-06-29 23:00:00,10.114553309013,10.39944829671395,-0.2848949877009499
2020-06-30 00:00:00,8.405534264991376,8.530359339940324,-0.1248250749489479
2020-06-30 01:00:00,11.705754502199651,11.706364225926855,-0.0006097237272033595
2020-06-30 02:00:00,14.880805465765263,14.749329040157397,0.13147642560786643
2020-06-30 03:00:00,36.97935687557579,36.84731037813327,0.1320464974425164
2020-06-30 04:00:00,51.92428371215015,48.10258583626427,3.8216978758858815
2020-06-30 05:00:00,32.44389915554945,32.46004285498674,-0.01614369943728633
2020-06-30 06:00:00,12.66827886850433,12.549091438034184,0.1191874304701468
2020-06-30 07:00:00,13.872452483734566,13.721885829954443,0.1505666537801229
2020-06-30 08:00:00,10.001412564920376,10.764004709677765,-0.7625921447573898
2020-06-30 09:00:00,11.643646202078978,11.690978651813719,-0.04733244973474093
2020-06-30 10:00:00,12.752078353499629,12.678711893052546,0.07336646044708317
2020-06-30 11:00:00,24.756365187949264,24.749153108634967,0.00721207931429646
2020-06-30 12:00:00,14.337104011013018,13.847380449097148,0.48972356191586996
2020-06-30 13:00:00,11.47949677509187,11.418827940832806,0.06066883425906511
2020-06-30 14:00:00,10.658910577327656,11.011541251440326,-0.35263067411266924
2020-06-30 15:00:00,11.551724769393672,12.062665505992808,-0.5109407365991352
2020-06-30 16:00:00,14.814965627946528,14.768794363023215,0.046171264923312805
2020-06-30 17:00:00,10.32824301809058,10.022669607112057,0.3055734109785231
2020-06-30 18:00:00,11.436324233552632,11.61144234311879,-0.17511810956615825
2020-06-30 19:00:00,10.300349245163176,10.33121082952601,-0.030861584362833483
2020-06-30 20:00:00,9.429218135710244,9.548473944255951,-0.11925580854570761
2020-06-30 21:00:00,9.202108129834135,8.973177922101842,0.22893020773229367
2020-06-30 22:00:00,13.259048410961253,13.25063560018764,0.008412810773611668
2020-06-30 23:00:00,11.577567348818665,12.606528400213627,-1.0289610513949619
2020-07-01 00:00:00,10.092218345654954,10.209311660291448,-0.11709331463649342
2020-07-01 01:00:00,10.770943020237423,11.001993672699589,-0.23105065246216583
2020-07-01 02:00:00,10.553586157058191,10.410653304011781,0.14293285304641046
2020-07-01 03:00:00,13.11894853198883,13.194167715170057,-0.07521918318122722
2020-07-01 04:00:00,11.438267638700829,11.185221176393876,0.25304646230695305
2020-07-01 05:00:00,9.302200438299018,9.385616528572438,-0.08341609027342045
2020-07-01 06:00:00,18.862940495442498,18.932267788602704,-0.0693272931602067
2020-07-01 07:00:00,13.57649521560906,13.154783730131925,0.421711485477136
2020-07-01 08:00:00,14.534152221904286,14.493195753057844,0.04095646884644211
2020-07-01 09:00:00,30.615298540663503,30.4923292012944,0.12296933936910293
2020-07-01 10:00:00,13.157731586477624,13.036703270612415,0.12102831586520857
2020-07-01 11:00:00,11.76275651117064,11.852995958479747,-0.09023944730910749
2020-07-01 12:00:00,10.674989575206702,10.630472406684426,0.04451716852227605
2020-07-01 13:00:00,40.82560294033627,40.88823751382684,-0.06263457349056978
2020-07-01 14:00:00,11.80711321682186,12.068791561455388,-0.2616783446335287
2020-07-01 15:00:00,12.126272489746562,12.323291401079974,-0.1970189113334122
2020-07-01 16:00:00,23.33710659374696,23.74135371114901,-0.40424711740205055
2020-07-01 17:00:00,22.666300954100045,22.91940478161,-0.25310382750995686
2020-07-01 18:00:00,10.57291020594735,10.679915176357063,-0.10700497040971335
2020-07-01 19:00:00,12.30254558397734,12.606754913495584,-0.304209329518244
2020-07-01 20:00:00,22.311755208472345,22.06729787027088,0.24445733820146387
2020-07-01 21:00:00,39.58992265249493,40.04135457795994,-0.4514319254650161
2020-07-01 22:00:00,9.967832889213216,10.444083975681492,-0.47625108646827563
2020-07-01 23:00:00,33.38122654073619,33.512235505711544,-0.13100896497535075
2020-07-02 00:00:00,29.841244580096756,29.44990276796184,0.3913418121349146
2020-07-02 01:00:00,22.460186951849025,22.79812000901729,-0.3379330571682644
2020-07-02 02:00:00,13.21808860513936,13.239880898401434,-0.02179229326207377
2020-07-02 03:00:00,18.894835675216207,18.73444737746791,0.16038829774829821
2020-07-02 04:00:00,18.09490612197952,18.585799955965122,-0.49089383398560216
2020-07-02 05:00:00,16.2952519981503,15.998359085547595,0.29689291260270423
2020-07-02 06:00:00,13.896768599012658,14.18193065100727,-0.28516205199461275
2020-07-02 07:00:00,14.501876863914456,14.62204003079971,-0.12016316688525386
2020-07-02 08:00:00,10.229393433416408,9.436439037856514,0.7929543955598941
2020-07-02 09:00:00,12.471933591177248,12.591064973069713,-0.11913138189246553
2020-07-02 10:00:00,13.734735105861654,13.463671988765391,0.2710631170962632
2020-07-02 11:00:00,9.928134635756493,10.22348691839275,-0.2953522826362569
2020-07-02 12:00:00,14.782395178085723,14.459881360252725,0.3225138178329985
2020-07-02 13:00:00,13.015762207919789,12.565396359735171,0.45036584818461733
2020-07-02 14:00:00,11.51804360487588,11.622019994376414,-0.10397638950053434
2020-07-02 15:00:00,44.0947607610095,44.115337739984085,-0.02057697897458155
2020-07-02 16:00:00,13.301199764032894,13.452835445580973,-0.15163568154807905
2020-07-02 17:00:00,8.880331579122615,9.269716553962303,-0.3893849748396878
2020-07-02 18:00:00,11.338304801904044,11.490993896879493,-0.15268909497544847
2020-07-02 19:00:00,15.9429992741373,15.832975684218754,0.110023589918546
2020-07-02 20:00:00,10.617595675629165,10.405047049537142,0.21254862609202263
2020-07-02 21:00:00,29.127914142890504,29.060631206127457,0.06728293676304631
2020-07-02 22:00:00,9.292932310867169,8.891605398428055,0.40132691243911367
2020-07-02 23:00:00,13.70172072508196,14.119346549808682,-0.4176258247267217
2020-07-03 00:00:00,11.093815070310413,11.103704228331354,-0.00988915802094148
2020-07-03 01:00:00,19.32792688608384,19.276323997166358,0.05160288891748266
2020-07-03 02:00:00,12.677979109246175,12.57532063183856,0.10265847740761558
2020-07-03 03:00:00,10.311089048864387,10.72611353927178,-0.41502449040739364
2020-07-03 04:00:00,13.055758532129666,13.40159486624588,-0.34583633411621406
2020-07-03 05:00:00,9.72104948877919,9.907789615710742,-0.18674012693155184
2020-07-03 06:00:00,32.065553546267715,32.1497325655423,-0.08417901927458615
2020-07-03 07:00:00,13.838848990162887,13.778966380485825,0.059882609677062604
2020-07-03 08:00:00,25.66561204521741,25.59272432271579,0.07288772250162268
2020-07-03 09:00:00,11.73313896312322,11.552060379153716,0.18107858396950505
2020-07-03 10:00:00,30.88156538221526,30.772283461993045,0.10928192022221594
2020-07-03 11:00:00,13.25014357791032,13.529722487050009,-0.27957890913968875
2020-07-03 12:00:00,10.462349160241487,10.75857667723716,-0.29622751699567296
2020-07-03 13:00:00,9.973961181196284,10.066513721089429,-0.09255253989314483
2020-07-03 14:00:00,11.76461895176432,11.937810702898954,-0.1731917511346346
2020-07-03 15:00:00,18.54757011368622,18.045023572515763,0.5025465411704566
2020-07-03 16:00:00,13.591044948641452,13.544611845872122,0.04643310276932944
2020-07-03 17:00:00,14.591963970408049,14.003936925559625,0.5880270448484239
2020-07-03 18:00:00,16.812779666694897,16.218498658460955,0.594281008233942
2020-07-03 19:00:00,12.220324328342606,12.089302274015992,0.13102205432661407
2020-07-03 20:00:00,7.371403624268291,8.124181593796923,-0.7527779695286316
2020-07-03 21:00:00,10.659220938934403,10.438242260500571,0.22097867843383234
2020-07-03 22:00:00,19.514877183362355,19.48296596872206,0.03191121464029578
2020-07-03 23:00:00,8.777862653723036,9.196184312094802,-0.4183216583717666
2020-07-04 00:00:00,14.483464790499218,14.792360315964038,-0.3088955254648198
2020-07-04 01:00:00,21.19727719115676,21.077731835328276,0.11954535582848536
2020-07-04 02:00:00,24.02544699249829,23.94168240813668,0.08376458436161016
2020-07-04 03:00:00,21.547440792800284,21.655340315808992,-0.10789952300870809
2020-07-04 04:00:00,13.039279220472851,12.577017836005847,0.4622613844670038
2020-07-04 05:00:00,12.216531891904191,12.55088947277621,-0.3343575808720196
2020-07-04 06:00:00,11.499099186361034,11.483464086058957,0.015635100302077376
2020-07-04 07:00:00,16.442826946681002,16.417541847990893,0.025285098690108754
2020-07-04 08:00:00,9.78744998520588,9.764890966223533,0.022559018982347467
2020-07-04 09:00:00,8.812357704060227,8.547740020219617,0.26461768384061024
2020-07-04 10:00:00,12.949531210466976,12.986127978913842,-0.036596768446866434
2020-07-04 11:00:00,13.933939780705032,14.275779049960422,-0.34183926925538977
2020-07-04 12:00:00,17.218943700218233,17.14027089438504,0.07867280583319314
2020-07-04 13:00:00,23.8050251848221,22.991895927778256,0.813129257043844
2020-07-04 14:00:00,12.451769000976984,12.662263524987342,-0.2104945240103575
2020-07-04 15:00:00,9.053360155307772,8.589688546188901,0.4636716091188706
2020-07-04 16:00:00,12.552186502246837,12.63053840972653,-0.07835190747969278
2020-07-04 17:00:00,12.452768737444517,12.048320662478975,0.4044480749655417
2020-07-04 18:00:00,12.008610242937522,12.038269494239755,-0.029659251302232903
2020-07-04 19:00:00,10.51541962195898,10.304760379860868,0.21065924209811193
2020-07-04 20:00:00,8.629747954129378,8.703263011349568,-0.07351505722018992
2020-07-04 21:00:00,13.037626122781674,12.8854950397943,0.1521310829873741
2020-07-04 22:00:00,15.999569537423604,15.723097264718245,0.2764722727053588
2020-07-04 23:00:00,9.20587585761212,9.402294466497445,-0.19641860888532392
2020-07-05 00:00:00,13.865646306002342,13.424803459629555,0.4408428463727869
2020-07-05 01:00:00,25.454845863205367,25.47722534495227,-0.02237948174690274
2020-07-05 02:00:00,11.819762385639429,12.245535329892169,-0.42577294425274026
2020-07-05 03:00:00,21.829342838418057,21.79333507334905,0.03600776506900871
2020-07-05 04:00:00,10.196711355009745,9.954133372660461,0.24257798234928352
2020-07-05 05:00:00,10.327652572915744,10.436637605559172,-0.10898503264342807
2020-07-05 06:00:00,12.660058527131945,12.111487227675436,0.5485712994565084
2020-07-05 07:00:00,12.242476532036498,12.230331073528529,0.012145458507969664
2020-07-05 08:00:00,21.539228265143528,21.122138104749542,0.41709016039398605
2020-07-05 09:00:00,15.023955779390066,14.969036893676597,0.05491888571346948
2020-07-05 10:00:00,9.65207230050862,9.665100420294202,-0.013028119785582604
2020-07-05 11:00:00,10.208959935014828,10.553743365831739,-0.34478343081691065
2020-07-05 12:00:00,11.456225230836324,13.052204654467092,-1.5959794236307676
2020-07-05 13:00:00,12.693105376298844,12.193952407800786,0.49915296849805735
2020-07-05 14:00:00,13.4808461557601,13.331033310984626,0.1498128447754734
2020-07-05 15:00:00,14.093574190095929,13.62436982363585,0.4692043664600778
2020-07-05 16:00:00,10.742346070348276,11.265577935074253,-0.523231864725977
2020-07-05 17:00:00,7.866024443810748,7.903264079916217,-0.03723963610546921
2020-07-05 18:00:00,8.81482313418506,8.84910753942702,-0.034284405241960414
2020-07-05 19:00:00,13.835139638369622,12.699308513388097,1.1358311249815252
2020-07-05 20:00:00,9.921839791640943,10.158262250085956,-0.23642245844501275
2020-07-05 21:00:00,8.368588040907435,8.315684663116262,0.052903377791173156
2020-07-05 22:00:00,13.304711347730866,13.044535112633799,0.26017623509706667
2020-07-05 23:00:00,14.864938471295972,14.695117156006514,0.16982131528945743
2020-07-06 00:00:00,17.6767014654789,17.669972270447172,0.006729195031727642
2020-07-06 01:00:00,10.230161094270231,10.10814210283025,0.1220189914399814
2020-07-06 02:00:00,8.500059212340176,8.74565448248693,-0.24559527014675453
2020-07-06 03:00:00,12.342841276927665,12.263522341937541,0.07931893499012332
2020-07-06 04:00:00,14.59172633670602,14.439466917350257,0.15225941935576337
2020-07-06 05:00:00,7.702715962318083,7.714082710371214,-0.011366748053130316
2020-07-06 06:00:00,10.956401027102851,11.054423199721851,-0.09802217261900026
2020-07-06 07:00:00,9.865034395984113,10.01947372190896,-0.154439325924848
2020-07-06 08:00:00,26.82882536661021,26.944865786958403,-0.11604042034819173
2020-07-06 09:00:00,27.14980247342794,27.749055183032464,-0.5992527096045244
2020-07-06 10:00:00,12.228928443235732,12.14829278150537,0.08063566173036207
2020-07-06 11:00:00,13.427430234919726,13.086682521589617,0.3407477133301082
2020-07-06 12:00:00,24.81260107708814,23.765452953144123,1.047148123944016
2020-07-06 13:00:00,25.113600451188013,25.108242767056385,0.005357684131627849
2020-07-06 14:00:00,22.01473938858363,22.276865844221568,-0.2621264556379366
2020-07-06 15:00:00,10.427164577831483,10.425523712109365,0.001640865722118079
2020-07-06 16:00:00,13.926306379154331,14.04711013458299,-0.12080375542865873
2020-07-06 17:00:00,10.155936532695108,10.179025498597687,-0.023088965902578806
2020-07-06 18:00:00,12.77396848985976,12.857252182059545,-0.08328369219978526
2020-07-06 19:00:00,9.574013882567844,9.518831804398816,0.05518207816902709
2020-07-06 20:00:00,14.493088578384064,14.107102347491063,0.38598623089300155
2020-07-06 21:00:00,8.031207666884724,8.331286322216936,-0.30007865533221256
2020-07-06 22:00:00,10.440622905040264,10.50835786171109,-0.06773495667082585
2020-07-06 23:00:00,12.751534013717048,12.43984277995512,0.31169123376192864
2020-07-07 00:00:00,18.308547630303284,18.63690075376356,-0.3283531234602748
2020-07-07 01:00:00,11.512485523164248,11.521210709047546,-0.008725185883298181
2020-07-07 02:00:00,31.930096270652577,31.863568920817922,0.06652734983465436
2020-07-07 03:00:00,34.3324501633916,34.01003640401638,0.3224137593752161
2020-07-07 04:00:00,28.043823453554864,27.863145753418127,0.18067770013673723
2020-07-07 05:00:00,18.99494997806451,18.716710006009258,0.2782399720552533
2020-07-07 06:00:00,24.27546548572657,24.769774327436288,-0.49430884170971723
2020-07-07 07:00:00,21.775540943601523,21.113081422167262,0.6624595214342612
2020-07-07 08:00:00,27.375444482200685,27.65800944031336,-0.2825649581126761
2020-07-07 09:00:00,20.830991904459477,20.89107932181267,-0.06008741735319134
2020-07-07 10:00:00,21.987492987157232,21.760753604402126,0.22673938275510608
2020-07-07 11:00:00,10.722485406042232,10.75295682661247,-0.03047142057023855
2020-07-07 12:00:00,14.39149139764593,13.949825095746366,0.4416663018995646
2020-07-07 13:00:00,27.04063142586931,27.23371769841416,-0.1930862725448499
2020-07-07 14:00:00,10.967629033794497,10.955346934790253,0.012282099004243818
2020-07-07 15:00:00,19.505717723284494,19.58166692478684,-0.07594920150234685
2020-07-07 16:00:00,11.10429505678354,10.792877938043084,0.3114171187404562
2020-07-07 17:00:00,11.423236780087318,11.866709086940094,-0.44347230685277594
2020-07-07 18:00:00,9.355766949165483,9.449888968205816,-0.09412201904033246
2020-07-07 19:00:00,18.40436995110469,18.114769930160172,0.2896000209445191
2020-07-07 20:00:00,13.402735491715193,13.398101826359367,0.004633665355825656
2020-07-07 21:00:00,13.661224204638714,14.244557512063368,-0.5833333074246543
2020-07-07 22:00:00,23.069693124903768,23.06101579366942,0.008677331234348884
2020-07-07 23:00:00,8.83383439720543,8.606635577889477,0.22719881931595332
2020-07-08 00:00:00,8.41335618834455,8.304439776642413,0.10891641170213617
2020-07-08 01:00:00,8.866125313648599,9.005035241570923,-0.13890992792232382
2020-07-08 02:00:00,13.340200300114754,13.299780668489726,0.04041963162502782
2020-07-08 03:00:00,8.82426149956592,8.712234381993124,0.11202711757279538
2020-07-08 04:00:00,12.9862304581719,12.970646414470583,0.01558404370131683
2020-07-08 05:00:00,8.225325113423937,8.321801872014287,-0.09647675859035054
2020-07-08 06:00:00,7.966516707959235,8.071243464193707,-0.10472675623447181
2020-07-08 07:00:00,9.5074175649788,9.142878097267053,0.3645394677117473
2020-07-08 08:00:00,12.05189454800728,11.526577509824035,0.5253170381832444
2020-07-08 09:00:00,7.925039875558635,8.255387281155704,-0.33034740559706854
2020-07-08 10:00:00,10.76808373469169,10.963076924286806,-0.1949931895951167
2020-07-08 11:00:00,10.1471172738929,9.999244955263546,0.14787231862935357
2020-07-08 12:00:00,9.283595979323268,9.583222065221161,-0.2996260858978932
2020-07-08 13:00:00,13.44218607702432,13.340797673988117,0.10138840303620356
2020-07-08 14:00:00,11.903392741860737,11.18018154025254,0.723211201608196
2020-07-08 15:00:00,10.268439406205784,9.732068457638412,0.536370948567372
2020-07-08 16:00:00,21.05677959743678,21.07482711786481,-0.018047520428030595
2020-07-08 17:00:00,10.008918479382428,10.579311639239325,-0.5703931598568968
2020-07-08 18:00:00,12.033283180769722,11.793026118003386,0.24025706276633585
2020-07-08 19:00:00,9.423924305179945,9.293358485830625,0.13056581934931977
2020-07-08 20:00:00,20.178188081503983,20.325325973642148,-0.14713789213816497
2020-07-08 21:00:00,14.06212333267411,14.162254555447301,-0.1001312227731912
2020-07-08 22:00:00,12.488179484949198,12.691841232486567,-0.2036617475373692
2020-07-08 23:00:00,8.189285400698171,8.50603722535019,-0.3167518246520178
2020-07-09 00:00:00,9.044266226300527,8.596107754428104,0.4481584718724232
2020-07-09 01:00:00,7.505902602514596,7.858413330099552,-0.3525107275849555
2020-07-09 02:00:00,11.29750459521525,11.315026545323033,-0.017521950107783013
2020-07-09 03:00:00,13.958438878213784,14.170262299752359,-0.21182342153857547
2020-07-09 04:00:00,9.949861452619157,9.591389699112556,0.3584717535066009
2020-07-09 05:00:00,7.622966823485786,8.016595759193864,-0.3936289357080778
2020-07-09 06:00:00,8.642109519128013,8.851113426695742,-0.20900390756772858
2020-07-09 07:00:00,22.678162473261448,22.659970899919823,0.01819157334162469
2020-07-09 08:00:00,17.2816045686728,16.67254843608436,0.6090561325884423
2020-07-09 09:00:00,11.879709090797462,11.513650800458375,0.36605829033908677
2020-07-09 10:00:00,12.319453813073595,12.299982965491179,0.019470847582416795
2020-07-09 11:00:00,22.67121346172241,22.84002744584918,-0.1688139841267713
2020-07-09 12:00:00,23.11862553301404,23.214119501546765,-0.0954939685327254
2020-07-09 13:00:00,12.681908188548904,12.692508213953516,-0.010600025404611912
2020-07-09 14:00:00,13.183595295382784,13.280585247652787,-0.09698995227000395
2020-07-09 15:00:00,18.460734484652185,18.931961551220468,-0.4712270665682823
2020-07-09 16:00:00,12.45543931520951,12.341237442336013,0.11420187287349748
2020-07-09 17:00:00,10.816207527466416,10.860932957017107,-0.04472542955069159
2020-07-09 18:00:00,10.78072894922384,11.015041635147753,-0.2343126859239124
2020-07-09 19:00:00,13.55887128378374,13.87211504680992,-0.31324376302618084
2020-07-09 20:00:00,11.909632693388724,11.949821707078213,-0.04018901368948846
2020-07-09 21:00:00,12.839490533249773,12.283753241303431,0.5557372919463415
2020-07-09 22:00:00,7.811862306153901,8.025621613364127,-0.21375930721022574
2020-07-09 23:00:00,14.568931734026895,14.37254365888642,0.19638807514047585
2020-07-10 00:00:00,27.084873690933847,26.97721904993398,0.10765464099986843
2020-07-10 01:00:00,12.262764248553308,12.266565556280598,-0.0038013077272900375
2020-07-10 02:00:00,8.639606078403437,8.885495913368288,-0.24588983496485106
2020-07-10 03:00:00,9.505178896408042,9.262411753805042,0.24276714260300025
2020-07-10 04:00:00,10.59722708185222,10.849235703153996,-0.25200862130177626
2020-07-10 05:00:00,33.93213071106165,34.3155726788327,-0.38344196777104855
2020-07-10 06:00:00,13.537663355341028,13.137870212330679,0.3997931430103492
2020-07-10 07:00:00,10.43855057921623,10.469247558108938,-0.03069697889270806
2020-07-10 08:00:00,7.650734775801535,7.6959831311705456,-0.04524835536901062
2020-07-10 09:00:00,14.275380278229498,13.706109189383392,0.5692710888461061
2020-07-10 10:00:00,9.926742455796916,9.854848981831063,0.07189347396585255
2020-07-10 11:00:00,9.253657887387863,9.664738207882438,-0.411080320494575
2020-07-10 12:00:00,7.49399373161,7.601846426306734,-0.1078526946967342
2020-07-10 13:00:00,8.930001561613345,8.751206057497114,0.17879550411623057
2020-07-10 14:00:00,12.772352892070415,12.693589191603934,0.07876370046648162
2020-07-10 15:00:00,12.29702381292248,12.494320490412084,-0.19729667748960367
2020-07-10 16:00:00,39.79476038135009,39.64690111806238,0.1478592632877067
2020-07-10 17:00:00,36.498911368373136,36.56431006836597,-0.06539869999283354
2020-07-10 18:00:00,13.629049813937945,13.5875085964734,0.041541217464544644
2020-07-10 19:00:00,13.92678834503734,14.110815224941177,-0.18402687990383804
2020-07-10 20:00:00,32.545753431013665,32.443690895259714,0.10206253575395152
2020-07-10 21:00:00,31.442555148830422,31.41776201323314,0.02479313559728169
2020-07-10 22:00:00,20.89790629931344,20.89575709323558,0.0021492060778598443
2020-07-10 23:00:00,26.91999896994764,26.874723119950556,0.04527584999708267
2020-07-11 00:00:00,17.295671585092684,17.01015235252076,0.28551923257192513
2020-07-11 01:00:00,15.99833488608289,16.048384813339908,-0.0500499272570174
2020-07-11 02:00:00,16.303879503625843,16.576963432741778,-0.27308392911593415
2020-07-11 03:00:00,15.240872091118469,15.40943862221114,-0.1685665310926705
2020-07-11 04:00:00,16.15793495344454,15.956902244243688,0.2010327092008506
2020-07-11 05:00:00,11.530685187139015,11.55372007646211,-0.023034889323094276
2020-07-11 06:00:00,11.951833209223771,12.133083594209277,-0.18125038498550516
2020-07-11 07:00:00,10.914319718826206,11.0660204937987,-0.15170077497249324
2020-07-11 08:00:00,8.42523568820465,8.167315548094313,0.25792014011033615
2020-07-11 09:00:00,14.998523343698444,15.072515122405933,-0.07399177870748908
2020-07-11 10:00:00,8.63591464644321,8.60806076627273,0.027853880170479073
2020-07-11 11:00:00,12.383686515956676,12.617520494931139,-0.233833978974463
2020-07-11 12:00:00,9.40912016954326,9.350829399477993,0.05829077006526617
2020-07-11 13:00:00,11.777188612298518,12.25292799374468,-0.4757393814461608
2020-07-11 14:00:00,11.320302293896598,10.888418146740255,0.4318841471563424
2020-07-11 15:00:00,29.143278453067783,29.282272514465056,-0.13899406139727333
2020-07-11 16:00:00,14.191916779228007,14.117959617102477,0.07395716212553083
2020-07-11 17:00:00,10.986514887027331,11.275021192565589,-0.28850630553825773
2020-07-11 18:00:00,11.9357663123403,12.127628971794543,-0.19186265945424275
2020-07-11 19:00:00,11.231985536090887,12.355729468764123,-1.1237439326732357
2020-07-11 20:00:00,9.482222479267415,9.807513165160278,-0.32529068589286325
2020-07-11 21:00:00,13.603887467739105,13.392103312471864,0.2117841552672406
2020-07-11 22:00:00,9.636908441687574,9.274718374283712,0.36219006740386206
2020-07-11 23:00:00,19.4619267562826,19.799812984968472,-0.33788622868587126
2020-07-12 00:00:00,10.923768937082912,11.005601936602947,-0.08183299952003509
2020-07-12 01:00:00,15.01307495329728,14.931846934200596,0.08122801909668453
2020-07-12 02:00:00,8.928684675050157,9.189475531541856,-0.260790856491699
2020-07-12 03:00:00,12.502645267858387,12.504066584686758,-0.0014213168283703226
2020-07-12 04:00:00,20.42870906130272,20.005403911444606,0.42330514985811263
2020-07-12 05:00:00,8.435679074944124,8.646369178020826,-0.21069010307670233
2020-07-12 06:00:00,8.208617664557966,8.478919850770012,-0.2703021862120458
2020-07-12 07:00:00,10.256761932320186,9.979568208824551,0.2771937234956354
2020-07-12 08:00:00,8.65789526113959,8.56877819021464,0.08911707092494936
2020-07-12 09:00:00,12.15952022434764,12.247251794632955,-0.08773157028531564
2020-07-12 10:00:00,10.623306418997414,11.064180039653834,-0.44087362065642033
2020-07-12 11:00:00,14.516126230611192,13.903704025396454,0.6124222052147381
2020-07-12 12:00:00,15.9184672060099,15.62524281467207,0.29322439133783007
2020-07-12 13:00:00,6.909326635968758,6.90463221471928,0.0046944212494777204
2020-07-12 14:00:00,8.839519925441206,8.542159279538865,0.2973606459023408
2020-07-12 15:00:00,10.6915417263428,10.169222959782209,0.5223187665605913
2020-07-12 16:00:00,8.783729477871507,9.018569856366664,-0.23484037849515715
2020-07-12 17:00:00,9.129382744752462,9.190524216627994,-0.06114147187553165
2020-07-12 18:00:00,39.20116078079451,38.7239130132843,0.4772477675102067
2020-07-12 19:00:00,12.965489480189715,12.487273993985378,0.47821548620433774
2020-07-12 20:00:00,13.112079556941994,13.247418845175924,-0.13533928823392927
2020-07-12 21:00:00,11.5030706543874,11.791807875345574,-0.2887372209581738
2020-07-12 22:00:00,12.539081360913835,12.831960816574712,-0.29287945566087714
2020-07-12 23:00:00,15.513252367412043,15.851836158645643,-0.3385837912335994
2020-07-13 00:00:00,7.872596345433029,7.72246062653939,0.1501357188936394
2020-07-13 01:00:00,10.622620518982677,10.712152272844998,-0.08953175386232104
2020-07-13 02:00:00,10.684836617203665,10.198275620765754,0.48656099643791073
2020-07-13 03:00:00,11.042664434238468,11.120759676868156,-0.07809524262968814
2020-07-13 04:00:00,8.798891502463428,8.752109771799656,0.046781730663772336
2020-07-13 05:00:00,9.312540496283068,9.523375240619263,-0.21083474433619465
2020-07-13 06:00:00,11.904453086170925,11.390218071152594,0.5142350150183308
2020-07-13 07:00:00,9.98544375040886,9.965214818553653,0.020228931855207577
2020-07-13 08:00:00,14.03077786865889,14.100495055364869,-0.06971718670597937
2020-07-13 09:00:00,6.937260053874889,6.903582640392685,0.03367741348220399
2020-07-13 10:00:00,14.533809850647415,14.0102604593094,0.5235493913380154
2020-07-13 11:00:00,10.989573165470828,11.381109314823494,-0.3915361493526657
2020-07-13 12:00:00,8.86335477778432,8.480583074446695,0.38277170333762456
2020-07-13 13:00:00,13.025740564528334,12.8983115112161,0.12742905331223398
2020-07-13 14:00:00,10.986042382464705,10.848021546824562,0.1380208356401429
2020-07-13 15:00:00,8.649717032442487,8.849024702836811,-0.19930767039432418
2020-07-13 16:00:00,8.522289650343868,8.868382834486866,-0.3460931841429975
2020-07-13 17:00:00,10.954192508227491,10.816825242508683,0.13736726571880808
2020-07-13 18:00:00,13.490858141913485,13.969667470380598,-0.4788093284671131
2020-07-13 19:00:00,8.964447703470881,8.99797982527023,-0.0335321217993485
2020-07-13 20:00:00,12.40310096602333,12.042457196145914,0.36064376987741475
2020-07-13 21:00:00,9.333806429344447,9.578795357240518,-0.2449889278960704
2020-07-13 22:00:00,12.13138340448999,11.695632154166399,0.43575125032359097
2020-07-13 23:00:00,13.95835172744277,14.032504958389591,-0.07415323094682158
2020-07-14 00:00:00,7.656774065603871,7.861609634276506,-0.20483556867263442
2020-07-14 01:00:00,9.115699105651393,9.656202507982945,-0.5405034023315523
2020-07-14 02:00:00,12.02608509209982,11.759110241329395,0.26697485077042415
2020-07-14 03:00:00,11.243152791090251,11.794033915503748,-0.5508811244134968
2020-07-14 04:00:00,12.26480216806988,12.355766557385085,-0.09096438931520545
2020-07-14 05:00:00,12.046239645085205,11.306736907835006,0.7395027372501985
2020-07-14 06:00:00,12.067108242217174,12.309683398190861,-0.24257515597368773
2020-07-14 07:00:00,7.313489189717537,7.4553578984434274,-0.14186870872589008
2020-07-14 08:00:00,11.976786893624482,12.446740437299825,-0.46995354367534325
2020-07-14 09:00:00,8.48270982818998,8.921892914685401,-0.4391830864954205
2020-07-14 10:00:00,9.282863790342342,9.23432842516452,0.04853536517782153
2020-07-14 11:00:00,11.505599523566149,11.285873623652238,0.2197258999139109
2020-07-14 12:00:00,11.008694387179188,12.331605436106862,-1.3229110489276739
2020-07-14 13:00:00,34.46281423467046,34.285340120520345,0.17747411415011527
2020-07-14 14:00:00,14.474549532576804,13.85526740178749,0.6192821307893137
2020-07-14 15:00:00,13.946719775262476,13.793908267636814,0.1528115076256622
2020-07-14 16:00:00,11.64694170217605,11.809375012725306,-0.1624333105492557
2020-07-14 17:00:00,27.430478354776444,27.171631197647457,0.25884715712898654
2020-07-14 18:00:00,26.43540184309529,26.39085281119794,0.044549031897346936
2020-07-14 19:00:00,20.033663397169025,20.328628010828407,-0.2949646136593813
2020-07-14 20:00:00,11.90254881443914,11.848710703227903,0.053838111211236495
2020-07-14 21:00:00,13.077103962170856,13.601479529328762,-0.5243755671579056
2020-07-14 22:00:00,9.859077947878149,9.932564153087178,-0.07348620520902927
2020-07-14 23:00:00,12.92550882543838,12.773145789554158,0.15236303588422118
2020-07-15 00:00:00,15.29446626139374,15.77719409584349,-0.482727834449749
2020-07-15 01:00:00,13.72273758356084,13.502959532692357,0.21977805086848257
2020-07-15 02:00:00,8.721754228422563,8.697706731690356,0.024047496732206852
2020-07-15 03:00:00,12.580115634438746,12.442243957732444,0.13787167670630218
2020-07-15 04:00:00,9.466912178888792,9.87453388330655,-0.4076217044177568
2020-07-15 05:00:00,8.903924849789773,9.165231950909998,-0.2613071011202255
2020-07-15 06:00:00,13.750396524170911,13.795003504015199,-0.04460697984428741
2020-07-15 07:00:00,11.807370351241678,11.264996344732136,0.5423740065095419
2020-07-15 08:00:00,6.725308702555431,6.751188161372476,-0.025879458817045453
2020-07-15 09:00:00,11.051682938509837,11.366226295009652,-0.314543356499815
2020-07-15 10:00:00,7.977062049909885,8.303745754431963,-0.32668370452207807
2020-07-15 11:00:00,36.112290012796,35.855998270759386,0.2562917420366162
2020-07-15 12:00:00,30.25167160843053,30.71463714951449,-0.4629655410839604
2020-07-15 13:00:00,29.94082678810137,30.04586862666048,-0.10504183855911009
2020-07-15 14:00:00,20.95947926381109,20.44566618422859,0.5138130795825013
2020-07-15 15:00:00,13.06385192305442,12.652253920001842,0.4115980030525783
2020-07-15 16:00:00,17.66430543459731,17.30641091486105,0.3578945197362593
2020-07-15 17:00:00,26.61506937536313,26.605829213299067,0.00924016206406364
2020-07-15 18:00:00,10.902364222469078,10.918931396978254,-0.01656717450917533
2020-07-15 19:00:00,12.0787688081439,11.998403078875775,0.08036572926812546
2020-07-15 20:00:00,12.01439101244362,12.367146411126972,-0.35275539868335315
2020-07-15 21:00:00,40.57402149090047,40.68240638431172,-0.10838489341124813
2020-07-15 22:00:00,30.236429350564677,29.960990405894023,0.275438944670654
2020-07-15 23:00:00,25.88701197745173,26.120688647519806,-0.2336766700680748
2020-07-16 00:00:00,28.77125580203316,28.40453459080043,0.36672121123272916
2020-07-16 01:00:00,23.17984363455779,22.563655557118103,0.6161880774396877
2020-07-16 02:00:00,25.10639394705712,25.361324291188122,-0.2549303441310009
2020-07-16 03:00:00,11.110227293763812,11.110642152616004,-0.0004148588521921681
2020-07-16 04:00:00,23.546156430568576,23.659976179697566,-0.1138197491289894
2020-07-16 05:00:00,10.425415383059008,10.267532162287193,0.15788322077181505
2020-07-16 06:00:00,14.462821832851237,14.149349068836901,0.3134727640143353
2020-07-16 07:00:00,15.38578657955984,15.35763576123848,0.02815081832135924
2020-07-16 08:00:00,9.586952480843388,9.634601291036553,-0.04764881019316469
2020-07-16 09:00:00,16.128848982047245,16.43586406557977,-0.3070150835325265
2020-07-16 10:00:00,12.504970628811868,12.727027213986643,-0.22205658517477467
2020-07-16 11:00:00,14.71203623487152,14.235279267896464,0.47675696697505643
2020-07-16 12:00:00,9.7080708894731,9.628022179211042,0.08004871026205862
2020-07-16 13:00:00,12.371819938429356,12.277139488438849,0.0946804499905074
2020-07-16 14:00:00,8.816387533828703,8.881454768809574,-0.06506723498087119
2020-07-16 15:00:00,7.348780415305226,7.6742469259359325,-0.3254665106307062
2020-07-16 16:00:00,9.609216766020117,9.549804881149457,0.05941188487065929
2020-07-16 17:00:00,10.278157146856003,10.27154481370965,0.006612333146353677
2020-07-16 18:00:00,8.870101445025794,8.804175117260108,0.06592632776568585
2020-07-16 19:00:00,9.424856237151706,9.859643473907214,-0.4347872367555077
2020-07-16 20:00:00,8.911964867084501,8.295785776388799,0.6161790906957023
2020-07-16 21:00:00,9.10516342750023,9.494915610424457,-0.38975218292422653
2020-07-16 22:00:00,8.131718562643567,8.295796843508677,-0.16407828086511067
2020-07-16 23:00:00,10.116607625983182,9.989833058982956,0.1267745670002256
2020-07-17 00:00:00,11.602315099938284,11.405996810263504,0.19631828967477993
2020-07-17 01:00:00,7.275342273645742,7.62107767018856,-0.3457353965428185
2020-07-17 02:00:00,11.951431914160173,12.051586147084558,-0.10015423292438541
2020-07-17 03:00:00,11.43441117725029,11.513017999854192,-0.07860682260390206
2020-07-17 04:00:00,12.611147508263365,12.572375981466498,0.03877152679686624
2020-07-17 05:00:00,13.3137002057804,13.624041358459596,-0.3103411526791966
2020-07-17 06:00:00,24.780869291107464,24.757137255478725,0.023732035628739823
2020-07-17 07:00:00,11.71231291776701,11.535402465282608,0.1769104524844014
2020-07-17 08:00:00,17.73788390701879,17.60099775714706,0.13688614987173153
2020-07-17 09:00:00,10.640439911730224,10.869464133173224,-0.22902422144299983
2020-07-17 10:00:00,10.572438887582958,10.385821736063669,0.1866171515192896
2020-07-17 11:00:00,39.03101986032328,39.14213340351924,-0.11111354319595534
2020-07-17 12:00:00,11.063631244252916,11.054599734910372,0.009031509342543487
2020-07-17 13:00:00,12.100349404981444,12.169613027616787,-0.06926362263534358
2020-07-17 14:00:00,9.646127874926393,9.356497556735325,0.2896303181910671
2020-07-17 15:00:00,13.599103058534176,13.576855866989238,0.02224719154493826
2020-07-17 16:00:00,9.459577186508875,9.421763666167681,0.03781352034119401
2020-07-17 17:00:00,8.325922883787012,8.611966689283635,-0.28604380549662345
2020-07-17 18:00:00,11.903100419095145,11.613838469946455,0.2892619491486901
2020-07-17 19:00:00,7.976545474899662,8.031236381974852,-0.054690907075189976
2020-07-17 20:00:00,23.26125232808402,23.03134808348946,0.22990424459456094
2020-07-17 21:00:00,9.444563462312493,9.403152232337934,0.041411229974558594
2020-07-17 22:00:00,30.051244402160854,29.735156088030482,0.3160883141303721
2020-07-17 23:00:00,9.14716351215389,9.044167573353116,0.10299593880077396
2020-07-18 00:00:00,7.905991285542729,8.205174731712072,-0.29918344616934256
2020-07-18 01:00:00,11.931916978776629,11.556975167927064,0.374941810849565
2020-07-18 02:00:00,10.270387085580758,10.47769901936506,-0.20731193378430213
2020-07-18 03:00:00,36.11212420331309,36.038850843222846,0.07327336009024066
2020-07-18 04:00:00,6.897058204246208,7.473205546550307,-0.5761473423040995
2020-07-18 05:00:00,13.637234216616738,13.653642516138754,-0.01640829952201628
2020-07-18 06:00:00,13.40760763407348,13.917583056298477,-0.509975422224997
2020-07-18 07:00:00,14.92638005437986,15.191236000554003,-0.26485594617414243
2020-07-18 08:00:00,8.191669500596438,7.738714589677176,0.4529549109192619
2020-07-18 09:00:00,20.519216130704933,20.565982189337372,-0.04676605863243921
2020-07-18 10:00:00,8.695220662241097,8.388255588331445,0.30696507390965166
2020-07-18 11:00:00,6.184581176442424,6.274195017616642,-0.08961384117421822
2020-07-18 12:00:00,12.352095887154624,12.567603566529382,-0.2155076793747579
2020-07-18 13:00:00,11.095648496335311,11.263730130815963,-0.16808163448065194
2020-07-18 14:00:00,11.078372972928474,11.04622114836295,0.03215182456552412
2020-07-18 15:00:00,7.104572028662492,7.496488347214636,-0.3919163185521439
2020-07-18 16:00:00,9.802967783366972,9.545606098965598,0.2573616844013742
2020-07-18 17:00:00,12.891514419804077,12.869518139662679,0.02199628014139776
2020-07-18 18:00:00,10.410034702853784,10.030572606294298,0.37946209655948593
2020-07-18 19:00:00,13.607548383576216,13.593009501975471,0.014538881600744347
2020-07-18 20:00:00,10.097149286489072,10.201761661623664,-0.10461237513459132
2020-07-18 21:00:00,13.506706915600564,13.074416601422692,0.43229031417787134
2020-07-18 22:00:00,10.052716153546378,9.860502206524888,0.19221394702148942
2020-07-18 23:00:00,18.231792384995885,19.81472663130919,-1.5829342463133038
2020-07-19 00:00:00,8.176725430227687,8.307177859348512,-0.13045242912082422
2020-07-19 01:00:00,13.296266117106256,13.238447878296894,0.057818238809362654
2020-07-19 02:00:00,9.191701538116106,8.723318189507886,0.46838334860822073
2020-07-19 03:00:00,8.420215682298677,7.543382478507396,0.8768332037912812
2020-07-19 04:00:00,11.476402252855175,11.673835127547404,-0.19743287469222892
2020-07-19 05:00:00,11.856602809998703,11.88078808736355,-0.02418527736484677
2020-07-19 06:00:00,11.57483637989486,11.278957051753247,0.2958793281416128
2020-07-19 07:00:00,10.316793880671469,10.18457287111244,0.1322210095590286
2020-07-19 08:00:00,7.602527724485885,7.70940340979906,-0.1068756853131747
2020-07-19 09:00:00,14.696590180388885,14.969938284048093,-0.2733481036592078
2020-07-19 10:00:00,11.085356297330266,10.78875282697073,0.2966034703595355
2020-07-19 11:00:00,22.37946352074027,21.931648220334694,0.44781530040557627
2020-07-19 12:00:00,9.763350404242663,9.801409046114143,-0.03805864187147989
2020-07-19 13:00:00,10.43942338248664,10.506983363788933,-0.06755998130229379
2020-07-19 14:00:00,9.53685865745032,10.010722867910593,-0.47386421046027216
2020-07-19 15:00:00,10.945105942057134,11.035607400976074,-0.0905014589189399
2020-07-19 16:00:00,10.12787067476538,10.52450013151151,-0.3966294567461315
2020-07-19 17:00:00,8.294284107597546,8.29965171574691,-0.005367608149363434
2020-07-19 18:00:00,11.116220049803704,11.151332130701674,-0.03511208089796902
2020-07-19 19:00:00,11.986037035274368,11.862482526158686,0.12355450911568155
2020-07-19 20:00:00,12.67174284257999,12.284719254903692,0.38702358767629796
2020-07-19 21:00:00,15.697393596405112,15.621296416359906,0.07609718004520616
2020-07-19 22:00:00,11.234179997052896,11.747869886722906,-0.51368988967001
2020-07-19 23:00:00,18.95477436466863,19.04174772152272,-0.08697335685409158
2020-07-20 00:00:00,13.383278607232072,13.040251097347994,0.3430275098840774
2020-07-20 01:00:00,15.06509725955166,14.980923043707907,0.08417421584375262
2020-07-20 02:00:00,18.06968589282614,17.891280147797854,0.17840574502828588
2020-07-20 03:00:00,12.097516305412531,12.009524609737989,0.08799169567454257
2020-07-20 04:00:00,7.121326792937723,6.90275717885603,0.2185696140816935
2020-07-20 05:00:00,8.142731426145831,8.553839916340793,-0.41110849019496243
2020-07-20 06:00:00,10.67742751848507,10.817841543810474,-0.1404140253254038
2020-07-20 07:00:00,18.315461179927357,18.261897324044075,0.05356385588328294
2020-07-20 08:00:00,16.772722761611828,16.81493616794072,-0.04221340632889081
2020-07-20 09:00:00,8.68767141098943,8.44231146097283,0.24535995001660105
2020-07-20 10:00:00,13.57171543150909,13.431714162342166,0.140001269166925
2020-07-20 11:00:00,9.044176165655776,8.789210942441073,0.25496522321470216
2020-07-20 12:00:00,10.181593427731272,9.567414430953363,0.614178996777909
2020-07-20 13:00:00,7.543195045850739,7.410854646497342,0.1323403993533967
2020-07-20 14:00:00,11.405552804500935,11.031175258088542,0.3743775464123935
2020-07-20 15:00:00,5.121709210572204,5.709280865512768,-0.5875716549405636
2020-07-20 16:00:00,10.984800795643348,11.092244467309115,-0.10744367166576652
2020-07-20 17:00:00,12.259527152778636,12.483414964787817,-0.22388781200918118
2020-07-20 18:00:00,8.995527229795055,8.969574194271248,0.025953035523807344
2020-07-20 19:00:00,10.175882734484698,10.70473391697381,-0.5288511824891113
2020-07-20 20:00:00,9.862048596092803,9.637589586525708,0.22445900956709508
2020-07-20 21:00:00,9.17635473708584,9.274087617830068,-0.09773288074422837
2020-07-20 22:00:00,13.177643735616597,12.607889977852391,0.5697537577642056
2020-07-20 23:00:00,10.190256181851066,9.860863799033595,0.3293923828174705
2020-07-21 00:00:00,9.559724598376391,9.731146572383574,-0.17142197400718295
2020-07-21 01:00:00,12.06421837450258,12.284054949066764,-0.2198365745641837
2020-07-21 02:00:00,15.53674573765322,15.210868631380883,0.3258771062723369
2020-07-21 03:00:00,22.72392925290893,23.016087224795196,-0.29215797188626524
2020-07-21 04:00:00,8.208608085348564,8.424500800038707,-0.2158927146901437
2020-07-21 05:00:00,17.962930914809284,17.767553535942678,0.19537737886660622
2020-07-21 06:00:00,12.635674382888494,12.151850455810466,0.4838239270780278
2020-07-21 07:00:00,26.026467953313983,25.87688075321771,0.14958720009627413
2020-07-21 08:00:00,36.46213443707984,36.21911378901349,0.2430206480663486
2020-07-21 09:00:00,11.808803912781787,11.902146042433449,-0.09334212965166166
2020-07-21 10:00:00,12.246438643705904,12.440631383886764,-0.19419274018085986
2020-07-21 11:00:00,13.562754005068845,13.516834702070259,0.04591930299858582
2020-07-21 12:00:00,11.340399062322932,11.305214351355852,0.03518471096707998
2020-07-21 13:00:00,9.624119125347429,9.813342811753873,-0.1892236864064447
2020-07-21 14:00:00,13.609721767933294,13.801145752620004,-0.1914239846867094
2020-07-21 15:00:00,10.525526213731888,10.1149849456352,0.4105412680966882
2020-07-21 16:00:00,10.889546186933272,11.391823712215276,-0.502277525282004
2020-07-21 17:00:00,9.591761121450316,9.467672513850935,0.124088607599381
2020-07-21 18:00:00,20.6428013225124,21.157439442817505,-0.5146381203051043
2020-07-21 19:00:00,10.77153997249952,10.802353206614596,-0.03081323411507597
2020-07-21 20:00:00,14.872686137971124,14.925611438922978,-0.05292530095185377
2020-07-21 21:00:00,12.291014612783982,12.048946779872487,0.24206783291149492
2020-07-21 22:00:00,10.668220661243986,10.045250266567813,0.6229703946761731
2020-07-21 23:00:00,8.670466984705334,8.709387858614242,-0.03892087390890886
2020-07-22 00:00:00,10.727591616660842,10.892007701715476,-0.16441608505463456
2020-07-22 01:00:00,16.974719926116478,17.07804499351909,-0.10332506740261138
2020-07-22 02:00:00,12.770098638861748,11.882076594848055,0.8880220440136934
2020-07-22 03:00:00,10.158781536269393,10.362556885500492,-0.2037753492310994
2020-07-22 04:00:00,12.72928839229102,12.470473390222052,0.25881500206896746
2020-07-22 05:00:00,11.350236513746264,11.40476811533438,-0.05453160158811521
2020-07-22 06:00:00,8.45977010104429,8.396914843439493,0.06285525760479693
2020-07-22 07:00:00,8.230746661247359,8.377724554191957,-0.14697789294459795
2020-07-22 08:00:00,10.689640434384383,10.80552225437935,-0.11588181999496605
2020-07-22 09:00:00,11.0143771330889,11.014559125864762,-0.00018199277586283813
2020-07-22 10:00:00,11.693188333467749,11.414310969809257,0.27887736365849136
2020-07-22 11:00:00,7.625491835280758,7.9380869322878,-0.31259509700704236
2020-07-22 12:00:00,7.984150630105379,7.709652730591911,0.27449789951346837
2020-07-22 13:00:00,10.37230058610936,10.660668668236365,-0.2883680821270058
2020-07-22 14:00:00,19.05531365851057,19.066719819663895,-0.01140616115332449
2020-07-22 15:00:00,12.877939483389152,12.790317075792519,0.08762240759663342
2020-07-22 16:00:00,7.940711369150928,7.692007004728986,0.24870436442194155
2020-07-22 17:00:00,7.953351061317987,7.859202066415582,0.09414899490240458
2020-07-22 18:00:00,11.696018429726532,11.707758853500588,-0.011740423774055486
2020-07-22 19:00:00,8.881376418162723,9.031601801754691,-0.1502253835919678
2020-07-22 20:00:00,7.871552791117391,7.637109590066247,0.23444320105114347
2020-07-22 21:00:00,10.813996162099754,10.173946736417195,0.6400494256825588
2020-07-22 22:00:00,7.727087768133336,7.703533368337526,0.023554399795809644
2020-07-22 23:00:00,7.275823813201543,7.581079240108309,-0.30525542690676577
2020-07-23 00:00:00,8.878391789296337,8.832979667888072,0.04541212140826545
2020-07-23 01:00:00,12.35392940192867,12.114011914091495,0.23991748783717526
2020-07-23 02:00:00,6.827201178544366,7.465980945441398,-0.6387797668970325
2020-07-23 03:00:00,12.832483676903214,12.76940659211734,0.06307708478587415
2020-07-23 04:00:00,8.817519716659147,8.36621925936664,0.4513004572925077
2020-07-23 05:00:00,11.448709517584394,11.543568059024937,-0.09485854144054251
2020-07-23 06:00:00,12.2107622145824,12.359550528405203,-0.1487883138228021
2020-07-23 07:00:00,13.036530512599391,12.921849934411517,0.11468057818787436
2020-07-23 08:00:00,13.653223491069074,13.652711830029986,0.0005116610390878407
2020-07-23 09:00:00,6.900462079438743,6.965773125373584,-0.06531104593484116
2020-07-23 10:00:00,9.962514704147496,10.015847697722304,-0.053332993574807475
2020-07-23 11:00:00,10.032941503401174,10.592837042211153,-0.5598955388099789
2020-07-23 12:00:00,8.368819580492083,8.661885830791283,-0.29306625029919964
2020-07-23 13:00:00,7.089016408619332,7.263982182301139,-0.17496577368180688
2020-07-23 14:00:00,9.022597127127533,8.799254598751942,0.223342528375591
2020-07-23 15:00:00,8.604411709263994,8.40390826149585,0.20050344776814377
2020-07-23 16:00:00,9.997236738555316,9.8962308512145,0.10100588734081484
2020-07-23 17:00:00,9.2302480081877,9.212048389996745,0.01819961819095539
2020-07-23 18:00:00,10.91539560823992,10.727237571434832,0.18815803680508836
2020-07-23 19:00:00,10.33750300560352,10.081125204962232,0.2563778006412871
2020-07-23 20:00:00,12.88698002843504,12.761104518685945,0.12587550974909512
2020-07-23 21:00:00,6.465373148932977,7.294368743070232,-0.8289955941372558
2020-07-23 22:00:00,16.9861857913783,17.190861852988032,-0.20467606160973162
2020-07-23 23:00:00,12.91791283282199,12.83795829854935,0.0799545342726411
2020-07-24 00:00:00,11.348603684684472,11.31733532469198,0.03126835999249167
2020-07-24 01:00:00,8.456644728458468,8.403977179276358,0.05266754918210914
2020-07-24 02:00:00,8.73885972572358,8.884871742869569,-0.14601201714598844
2020-07-24 03:00:00,7.80911841753712,6.923125228718646,0.8859931888184738
2020-07-24 04:00:00,17.38590846538083,17.531054705404188,-0.14514624002335808
2020-07-24 05:00:00,9.213266350876328,9.816739094820164,-0.6034727439438363
2020-07-24 06:00:00,8.121975687239408,8.54934192900596,-0.4273662417665527
2020-07-24 07:00:00,11.693885301762805,11.73291042576611,-0.03902512400330593
2020-07-24 08:00:00,7.397479491463536,7.656972341684477,-0.2594928502209406
2020-07-24 09:00:00,12.480242019244832,12.2827173065371,0.19752471270773242
2020-07-24 10:00:00,7.336342757495324,7.158927884175123,0.17741487332020167
2020-07-24 11:00:00,7.958381741385314,7.541197803281737,0.41718393810357757
2020-07-24 12:00:00,12.049598720684257,11.805728850461925,0.24386987022233164
2020-07-24 13:00:00,8.199484099215036,8.330567306060905,-0.13108320684586872
2020-07-24 14:00:00,21.00661326711123,20.48338725094614,0.5232260161650899
2020-07-24 15:00:00,8.456164161731246,8.376660708509487,0.07950345322175956
2020-07-24 16:00:00,9.49521738431196,9.853703772213395,-0.3584863879014346
2020-07-24 17:00:00,6.722924412391268,7.20095714211651,-0.4780327297252427
2020-07-24 18:00:00,10.81834947360587,10.996406658338781,-0.17805718473291066
2020-07-24 19:00:00,10.089096609380466,10.29854296061343,-0.2094463512329643
2020-07-24 20:00:00,12.159123007426317,11.878531685027871,0.2805913223984451
2020-07-24 21:00:00,7.222156658117078,7.37573625898164,-0.15357960086456224
2020-07-24 22:00:00,11.894017560207596,11.510413674390158,0.383603885817438
2020-07-24 23:00:00,9.79635644160692,9.352375130344342,0.44398131126257745
2020-07-25 00:00:00,6.4100004161925295,6.564718477264083,-0.15471806107155395
2020-07-25 01:00:00,8.456969108306414,7.200125486098779,1.2568436222076347
2020-07-25 02:00:00,14.03592885642813,14.134873015557437,-0.09894415912930654
2020-07-25 03:00:00,8.076359922279316,8.36542094183113,-0.2890610195518146
2020-07-25 04:00:00,15.592877099460129,15.375596765128382,0.21728033433174687
2020-07-25 05:00:00,35.90210496317699,35.701941494097255,0.20016346907973315
2020-07-25 06:00:00,13.08931074794177,12.757983827080071,0.3313269208616987
2020-07-25 07:00:00,22.243296662387863,22.49082702104258,-0.24753035865471773
2020-07-25 08:00:00,10.732030195131047,10.764380681492533,-0.03235048636148541
2020-07-25 09:00:00,20.5649657624718,20.884901473588087,-0.3199357111162868
2020-07-25 10:00:00,11.409287698242537,11.691619317754622,-0.2823316195120853
2020-07-25 11:00:00,10.560427234023066,10.778031362336204,-0.21760412831313758
2020-07-25 12:00:00,10.793270690403697,10.502150266818955,0.29112042358474177
2020-07-25 13:00:00,17.666413000369168,16.860270589292952,0.8061424110762161
2020-07-25 14:00:00,11.984725057680969,12.54354753004285,-0.5588224723618822
2020-07-25 15:00:00,9.221944713987238,9.07990435121148,0.1420403627757576
2020-07-25 16:00:00,11.355462621766918,11.044346509961098,0.3111161118058199
2020-07-25 17:00:00,11.623601885329508,11.091752840585077,0.5318490447444315
2020-07-25 18:00:00,12.16678101447626,12.11460376749238,0.05217724698388082
2020-07-25 19:00:00,11.18167076161167,11.402822462238094,-0.22115170062642342
2020-07-25 20:00:00,20.47110034276092,20.61227622707334,-0.14117588431242112
2020-07-25 21:00:00,12.569339177353957,12.309711462730567,0.25962771462338985
2020-07-25 22:00:00,7.584634985347599,7.730463488335831,-0.14582850298823136
2020-07-25 23:00:00,10.652253892868488,9.443908323104232,1.2083455697642567
2020-07-26 00:00:00,16.990333663029624,17.448476014258866,-0.45814235122924174
2020-07-26 01:00:00,11.642424489146483,12.059729637604049,-0.41730514845756517
2020-07-26 02:00:00,10.56418478712613,10.680908241735498,-0.1167234546093674
2020-07-26 03:00:00,16.967105584456725,17.433262038189756,-0.4661564537330314
2020-07-26 04:00:00,9.007932389366587,8.75162801574381,0.25630437362277725
2020-07-26 05:00:00,12.159420556115991,10.930807392307713,1.2286131638082782
2020-07-26 06:00:00,7.372511706363153,7.42847352531692,-0.05596181895376695
2020-07-26 07:00:00,6.889794466557749,7.3497865655241705,-0.45999209896642146
2020-07-26 08:00:00,13.147779581803777,12.42123660127572,0.7265429805280572
2020-07-26 09:00:00,7.622095543542207,7.392082935246199,0.23001260829600767
2020-07-26 10:00:00,8.929292311101255,8.71061491880251,0.21867739229874594
2020-07-26 11:00:00,17.442135348463648,17.396676864534246,0.04545848392940144
2020-07-26 12:00:00,13.880044441700267,13.400411752210253,0.47963268949001403
2020-07-26 13:00:00,9.786486597103336,9.723330112208398,0.06315648489493775
2020-07-26 14:00:00,11.318828925431587,11.273808925767073,0.04501999966451464
2020-07-26 15:00:00,9.8557177999584,9.798348547100352,0.057369252858048725
2020-07-26 16:00:00,20.88803802060984,20.686040374521745,0.20199764608809545
2020-07-26 17:00:00,11.448522120942188,11.446295520587368,0.0022266003548203628
2020-07-26 18:00:00,12.30833331587562,12.416258386609837,-0.10792507073421653
2020-07-26 19:00:00,37.24606240902146,37.1635423476603,0.08252006136116563
2020-07-26 20:00:00,31.05982121499217,30.98928632432332,0.07053489066884921
2020-07-26 21:00:00,11.994537115200645,12.249207876557255,-0.2546707613566106
2020-07-26 22:00:00,25.701932670640485,25.127175811636967,0.5747568590035179
2020-07-26 23:00:00,11.413359841331022,11.6023884615133,-0.1890286201822775
2020-07-27 00:00:00,15.308244549797571,15.47982696716069,-0.17158241736311908
2020-07-27 01:00:00,16.920164527699654,16.741830399950164,0.17833412774949053
2020-07-27 02:00:00,21.95885975281401,22.36278664197558,-0.4039268891615677
2020-07-27 03:00:00,11.226701335780504,11.60244791054289,-0.3757465747623865
2020-07-27 04:00:00,10.205719329728318,10.357261091203137,-0.15154176147481913
2020-07-27 05:00:00,11.59171626934254,11.759489234889534,-0.1677729655469946
2020-07-27 06:00:00,31.524765234139497,31.146371139030386,0.3783940951091118
2020-07-27 07:00:00,10.742041401757708,10.763991913333754,-0.021950511576045884
2020-07-27 08:00:00,9.386816488692638,9.491963103264057,-0.10514661457141905
2020-07-27 09:00:00,10.33452783545406,10.143367504586996,0.19116033086706352
2020-07-27 10:00:00,8.539395601122877,8.73789540068371,-0.19849979956083352
2020-07-27 11:00:00,8.163770603484776,8.501057493400744,-0.33728688991596734
2020-07-27 12:00:00,11.750746312245852,11.693142514125574,0.057603798120277716
2020-07-27 13:00:00,11.393236746577598,11.362465200257516,0.030771546320082166
2020-07-27 14:00:00,14.728769922613102,14.714834847172167,0.013935075440935307
2020-07-27 15:00:00,10.097865853906915,10.198066506137172,-0.10020065223025654
2020-07-27 16:00:00,13.892979692683609,13.652851834334164,0.24012785834944417
2020-07-27 17:00:00,7.369909613171412,7.526044405805476,-0.15613479263406393
2020-07-27 18:00:00,11.395429243885884,11.525245420604033,-0.12981617671814938
2020-07-27 19:00:00,9.060866733883785,9.085336213003027,-0.02446947911924191
2020-07-27 20:00:00,10.398664452111834,10.258324666351191,0.1403397857606432
2020-07-27 21:00:00,10.324512012276791,10.50137148329763,-0.17685947102083865
2020-07-27 22:00:00,15.218332184544098,14.793190523182515,0.4251416613615824
2020-07-27 23:00:00,7.275777222359147,7.48714954293835,-0.21137232057920308
2020-07-28 00:00:00,11.702252887917972,12.187128886494401,-0.48487599857642927
2020-07-28 01:00:00,12.598493168923854,11.727515734707616,0.870977434216238
2020-07-28 02:00:00,8.538276889919489,8.22263843152578,0.31563845839370863
2020-07-28 03:00:00,7.360856319389978,7.176746024362924,0.1841102950270539
2020-07-28 04:00:00,7.60901235153819,7.544042588400189,0.06496976313800129
2020-07-28 05:00:00,10.18838766186831,9.664906415192455,0.5234812466758552
2020-07-28 06:00:00,35.326054639590794,35.29115744984682,0.03489718974397249
2020-07-28 07:00:00,10.916655667423797,10.984623676868386,-0.06796800944458958
2020-07-28 08:00:00,26.637029074187485,26.809039516781525,-0.17201044259403986
2020-07-28 09:00:00,9.37395372422752,8.881131099512809,0.4928226247147123
2020-07-28 10:00:00,8.937916243356554,8.587412942505566,0.35050330085098835
2020-07-28 11:00:00,9.78262354716289,9.432951335958847,0.3496722112040427
2020-07-28 12:00:00,7.669000520580258,7.676962290018238,-0.00796176943798077
2020-07-28 13:00:00,8.606141250804766,8.93164553044157,-0.32550427963680306
2020-07-28 14:00:00,10.785037383577988,10.697203488034713,0.08783389554327492
2020-07-28 15:00:00,6.150998656387813,6.4155604415272345,-0.2645617851394215
2020-07-28 16:00:00,9.265000779194338,8.490511335692576,0.7744894435017624
2020-07-28 17:00:00,8.593796268604349,8.250121543920311,0.34367472468403726
2020-07-28 18:00:00,7.181865705869312,7.6513260579993165,-0.4694603521300049
2020-07-28 19:00:00,12.358761157030637,12.599264306603118,-0.24050314957248098
2020-07-28 20:00:00,7.638337883168856,8.318206140138416,-0.6798682569695602
2020-07-28 21:00:00,7.734562894675522,7.968494425923293,-0.23393153124777122
2020-07-28 22:00:00,11.347189504436017,11.517744095233256,-0.17055459079723967
2020-07-28 23:00:00,7.074312184748592,6.970415074738181,0.10389711001041135
2020-07-29 00:00:00,11.192073830729914,11.108214028179818,0.08385980255009606
2020-07-29 01:00:00,11.157129375818272,11.276375756143906,-0.1192463803256345
2020-07-29 02:00:00,20.141605676221413,20.226688037053627,-0.08508236083221377
2020-07-29 03:00:00,12.695923087583989,12.880943515386088,-0.18502042780209926
2020-07-29 04:00:00,7.002720415448446,6.938081158867011,0.06463925658143577
2020-07-29 05:00:00,8.01534504214442,8.589314015976928,-0.5739689738325087
2020-07-29 06:00:00,6.644083118390107,6.917232553330652,-0.273149434940545
2020-07-29 07:00:00,9.033132474851966,8.942171337496495,0.09096113735547107
2020-07-29 08:00:00,35.91638035480764,35.99368830417609,-0.07730794936844632
2020-07-29 09:00:00,10.676074406839705,11.001987869020883,-0.32591346218117856
2020-07-29 10:00:00,10.799389857135631,10.856758813570597,-0.05736895643496531
2020-07-29 11:00:00,13.299571047724974,12.064398632459922,1.235172415265053
2020-07-29 12:00:00,22.20335035038314,22.320932371150146,-0.11758202076700641
2020-07-29 13:00:00,19.190341620583272,19.336542643129143,-0.14620102254587053
2020-07-29 14:00:00,29.2341898706788,29.23523395692106,-0.001044086242259823
2020-07-29 15:00:00,17.079577126592078,16.826772163149702,0.2528049634423759
2020-07-29 16:00:00,10.94129385575204,11.101758932539706,-0.1604650767876663
2020-07-29 17:00:00,11.57747110137718,11.422407769508824,0.1550633318683552
2020-07-29 18:00:00,9.558194968094233,9.610094643725766,-0.051899675631533526
2020-07-29 19:00:00,6.08011084391484,6.53908750454926,-0.4589766606344199
2020-07-29 20:00:00,13.048837357402782,12.913776721036678,0.135060636366104
2020-07-29 21:00:00,16.026661793542846,16.072270582854628,-0.045608789311781806
2020-07-29 22:00:00,8.845561756927141,8.488607843446879,0.35695391348026284
2020-07-29 23:00:00,25.413794285504107,24.859657065855835,0.5541372196482719
2020-07-30 00:00:00,10.614613954998948,10.540287792590625,0.07432616240832246
2020-07-30 01:00:00,13.423112715451168,12.67262156054081,0.7504911549103586
2020-07-30 02:00:00,6.623151343065861,6.6167555711909785,0.006395771874882605
2020-07-30 03:00:00,9.300641331292418,9.32336305536724,-0.02272172407482209
2020-07-30 04:00:00,11.825735777146187,11.878123101177641,-0.05238732403145363
2020-07-30 05:00:00,7.976988877395439,7.9603168015255905,0.016672075869848868
2020-07-30 06:00:00,16.64193179330678,16.470332499380355,0.1715992939264268
2020-07-30 07:00:00,6.636739968273626,6.947379221991541,-0.31063925371791523
2020-07-30 08:00:00,21.770027968736123,21.27640174580229,0.49362622293383396
2020-07-30 09:00:00,6.705388494422475,7.156328312120396,-0.4509398176979218
2020-07-30 10:00:00,7.548795875801682,7.407145658368293,0.1416502174333889
2020-07-30 11:00:00,7.343080982518925,7.1470688055352305,0.19601217698369489
2020-07-30 12:00:00,9.083742850457227,9.154050688145201,-0.07030783768797377
2020-07-30 13:00:00,13.096181802804692,13.037527561577619,0.058654241227072745
2020-07-30 14:00:00,14.512514699522288,14.45468921782196,0.05782548170032875
2020-07-30 15:00:00,9.029445862996646,8.974671024034091,0.05477483896255464
2020-07-30 16:00:00,8.31992082311974,7.731000292820304,0.5889205302994354
2020-07-30 17:00:00,12.949382444369208,12.767491250537484,0.18189119383172425
2020-07-30 18:00:00,13.054002672068725,13.017882004238846,0.03612066782987888
2020-07-30 19:00:00,15.833713936437386,15.717790225232337,0.11592371120504907
2020-07-30 20:00:00,11.933832424124851,12.122342910294806,-0.18851048616995492
2020-07-30 21:00:00,11.453495600883114,11.6266102331796,-0.17311463229648538
2020-07-30 22:00:00,12.515088282414196,11.531721330140794,0.9833669522734017
2020-07-30 23:00:00,10.755748041115366,10.910898603083911,-0.15515056196854538
2020-07-31 00:00:00,10.171733475163505,10.330010677505754,-0.15827720234224962
2020-07-31 01:00:00,15.472681201082173,15.253375235454115,0.21930596562805782
2020-07-31 02:00:00,12.22640902157332,12.560233708473154,-0.3338246868998347
2020-07-31 03:00:00,9.312804554939229,9.323314776535844,-0.010510221596614855
2020-07-31 04:00:00,7.731235233705566,7.919867759534769,-0.18863252582920342
2020-07-31 05:00:00,29.45328901438078,29.839907309268128,-0.38661829488734867
2020-07-31 06:00:00,38.22934557627607,38.557353283152025,-0.32800770687595815
2020-07-31 07:00:00,8.701188961599465,8.396104908736243,0.30508405286322215
2020-07-31 08:00:00,8.361097470979665,8.333925292286427,0.02717217869323818
2020-07-31 09:00:00,11.391191030967136,10.974119140625328,0.41707189034180736
2020-07-31 10:00:00,8.731026848365453,8.401787214957064,0.32923963340838824
2020-07-31 11:00:00,11.414588499400136,11.014717456517369,0.39987104288276676
2020-07-31 12:00:00,10.763684741158157,11.277343135649105,-0.5136583944909479
2020-07-31 13:00:00,8.442242038887136,8.295761965939352,0.1464800729477833
2020-07-31 14:00:00,8.972584958083,8.78817061767796,0.18441434040504134
2020-07-31 15:00:00,13.75340454132238,13.222284857413579,0.5311196839088019
2020-07-31 16:00:00,9.390418465897262,9.110385296765271,0.2800331691319915
2020-07-31 17:00:00,8.728261126869292,8.676687974536724,0.05157315233256732
2020-07-31 18:00:00,10.517628214056614,10.517552305423447,7.590863316764285e-05
2020-07-31 19:00:00,10.88869426834775,10.813040859459068,0.075653408888682
2020-07-31 20:00:00,6.765617712880172,6.938102547104998,-0.17248483422482597
2020-07-31 21:00:00,9.580134449784708,9.581371684215807,-0.0012372344310982442
2020-07-31 22:00:00,10.801552752248195,10.79679581229528,0.004756939952915928
2020-07-31 23:00:00,8.233448641945229,7.802652211398428,0.43079643054680083
2020-08-01 00:00:00,7.391895257170389,7.807267986223489,-0.4153727290531002
2020-08-01 01:00:00,6.884358773679293,6.765269471829326,0.11908930184996702
2020-08-01 02:00:00,7.47362903962512,7.632913517283639,-0.15928447765851939
2020-08-01 03:00:00,10.673122467010124,10.66178278228924,0.01133968472088398
2020-08-01 04:00:00,7.427676725499976,7.737924320689895,-0.31024759518991907
2020-08-01 05:00:00,6.357237810532158,6.343200793989358,0.014037016542800096
2020-08-01 06:00:00,6.8020753033420736,7.071960026674156,-0.26988472333208247
2020-08-01 07:00:00,7.730401510222807,7.8161071809345515,-0.08570567071174473
2020-08-01 08:00:00,6.303431011211922,6.3184306022493635,-0.01499959103744164
2020-08-01 09:00:00,17.75018791189843,17.822265979525792,-0.07207806762736269
2020-08-01 10:00:00,6.149222040095105,6.4417722360610865,-0.29255019596598153
2020-08-01 11:00:00,9.001051932409732,9.048150991895483,-0.04709905948575077
2020-08-01 12:00:00,10.927721415602576,11.277361202397602,-0.3496397867950254
2020-08-01 13:00:00,8.143625139290624,7.624682628712638,0.5189425105779852
2020-08-01 14:00:00,9.047948273620984,8.91049073739542,0.137457536225563
2020-08-01 15:00:00,7.013233557029971,7.0215018965663925,-0.008268339536421365
2020-08-01 16:00:00,7.125841265940226,7.503153915088337,-0.37731264914811113
2020-08-01 17:00:00,9.419762746634516,8.638287393847392,0.7814753527871243
2020-08-01 18:00:00,7.925531802269763,7.935725020719273,-0.010193218449510155
2020-08-01 19:00:00,6.907240304616236,7.393993541982059,-0.4867532373658232
2020-08-01 20:00:00,10.420620973680116,10.897433772350917,-0.4768127986708013
2020-08-01 21:00:00,11.07117386608957,10.823886307416684,0.24728755867288577
2020-08-01 22:00:00,7.13656242888477,6.801939165039219,0.3346232638455513
2020-08-01 23:00:00,9.25736561919426,9.22251945454504,0.03484616464922041
2020-08-02 00:00:00,6.316068533390657,6.53957522966689,-0.22350669627623265
2020-08-02 01:00:00,11.572464229602147,10.716823518199273,0.8556407114028737
2020-08-02 02:00:00,11.335271136516148,10.413327092557118,0.9219440439590301
2020-08-02 03:00:00,20.07415851746897,19.88820017319404,0.18595834427492974
2020-08-02 04:00:00,7.001506239499532,7.330494901706123,-0.32898866220659073
2020-08-02 05:00:00,17.394389569292677,16.896437400320032,0.4979521689726454
2020-08-02 06:00:00,15.074007459325532,14.865861391882145,0.20814606744338704
2020-08-02 07:00:00,7.859756037334363,8.329393241727496,-0.46963720439313317
2020-08-02 08:00:00,42.49466557769082,42.45388716567081,0.040778412020010535
2020-08-02 09:00:00,30.10931450278558,30.46050406229485,-0.3511895595092689
2020-08-02 10:00:00,26.320701692551246,26.41586106073961,-0.09515936818836224
2020-08-02 11:00:00,11.301472934464677,12.113578667434787,-0.8121057329701102
2020-08-02 12:00:00,17.143114891207144,16.965941073670876,0.17717381753626782
2020-08-02 13:00:00,9.709300151934883,9.94721355279648,-0.23791340086159707
2020-08-02 14:00:00,19.78004873367913,19.771090566125295,0.008958167553835494
2020-08-02 15:00:00,17.60507713781196,17.56301143377934,0.04206570403261978
2020-08-02 16:00:00,14.221524252996774,14.084720608333551,0.1368036446632228
2020-08-02 17:00:00,12.985224176618791,13.260337364219202,-0.2751131876004109
2020-08-02 18:00:00,8.885066574964881,8.796993008622303,0.08807356634257779
2020-08-02 19:00:00,12.270924993985131,12.208917809382871,0.06200718460226007
2020-08-02 20:00:00,9.853216884853191,10.34945121235947,-0.49623432750627927
2020-08-02 21:00:00,16.832942828389324,16.681516054918262,0.15142677347106215
2020-08-02 22:00:00,10.70814614217766,10.245871463288704,0.4622746788889547
2020-08-02 23:00:00,13.45635151923154,13.839993783163402,-0.38364226393186307
2020-08-03 00:00:00,8.913780935387813,9.175504187842675,-0.2617232524548623
2020-08-03 01:00:00,7.394148937111375,7.779369867919509,-0.385220930808134
2020-08-03 02:00:00,7.5802976876035695,7.5310384960498356,0.04925919155373393
2020-08-03 03:00:00,6.995314630336499,7.401236869987555,-0.4059222396510558
2020-08-03 04:00:00,16.648445380950523,16.7498193916771,-0.10137401072657681
2020-08-03 05:00:00,6.924890077412931,7.225645401192564,-0.300755323779633
2020-08-03 06:00:00,11.593961234983086,11.251237531493086,0.3427237034899999
2020-08-03 07:00:00,9.582133565368498,9.389723442263533,0.19241012310496508
2020-08-03 08:00:00,8.671709009496231,8.513587542537069,0.1581214669591624
2020-08-03 09:00:00,13.615263781026728,13.69770291850185,-0.08243913747512188
2020-08-03 10:00:00,8.719622686982259,8.48512642995987,0.2344962570223892
2020-08-03 11:00:00,10.143580512040636,10.59267982608459,-0.44909931404395387
2020-08-03 12:00:00,7.455022778456313,7.492607914794904,-0.03758513633859106
2020-08-03 13:00:00,8.719747521254266,8.390840103548271,0.3289074177059952
2020-08-03 14:00:00,7.530882423129533,7.269149452990359,0.2617329701391746
2020-08-03 15:00:00,12.816502870869934,12.60845565650674,0.2080472143631944
2020-08-03 16:00:00,12.472865759043428,12.523906713657682,-0.05104095461425473
2020-08-03 17:00:00,22.44189606316494,22.252793924928625,0.18910213823631494
2020-08-03 18:00:00,21.7432982048037,21.57846429085066,0.16483391395303926
2020-08-03 19:00:00,21.251668746646025,21.02772286834767,0.22394587829835544
2020-08-03 20:00:00,10.632699699681574,10.893990258380727,-0.2612905586991534
2020-08-03 21:00:00,11.011997700135188,11.169643823994566,-0.1576461238593776
2020-08-03 22:00:00,9.378785839793997,9.248815287626842,0.1299705521671548
2020-08-03 23:00:00,13.226992104267907,13.195705629815771,0.03128647445213595
2020-08-04 00:00:00,17.235191608918473,16.929590431695516,0.30560117722295743
2020-08-04 01:00:00,8.728649230625015,9.165380942340903,-0.436731711715888
2020-08-04 02:00:00,6.998881574437387,7.065694251698631,-0.06681267726124407
2020-08-04 03:00:00,10.602000909864447,10.767518132829244,-0.16551722296479632
2020-08-04 04:00:00,9.118300449533166,8.857950476899832,0.2603499726333336
2020-08-04 05:00:00,7.452908228285616,7.413438999564888,0.03946922872072811
2020-08-04 06:00:00,8.734740530249072,8.05494094657085,0.6797995836782214
2020-08-04 07:00:00,7.827987916936507,7.291492080432246,0.5364958365042618
2020-08-04 08:00:00,10.287273809155042,10.050132329457997,0.2371414796970459
2020-08-04 09:00:00,6.637316788072519,6.972248689603839,-0.3349319015313208
2020-08-04 10:00:00,8.008743835902715,8.23654757207024,-0.22780373616752492
2020-08-04 11:00:00,9.461708777658318,8.886263527007802,0.5754452506505157
2020-08-04 12:00:00,11.808861747737843,12.443377968036867,-0.6345162202990231
2020-08-04 13:00:00,7.043572576422528,7.225322881504133,-0.1817503050816054
2020-08-04 14:00:00,7.314271464491918,7.489761380815715,-0.17548991632379707
2020-08-04 15:00:00,8.244196249013855,8.724888260962299,-0.48069201194844347
2020-08-04 16:00:00,7.116114938703374,6.974231176208547,0.14188376249482726
2020-08-04 17:00:00,11.340615315806076,11.047513684773632,0.29310163103244413
2020-08-04 18:00:00,14.10532001039193,13.83774561652264,0.2675743938692907
2020-08-04 19:00:00,12.293087511302662,12.004057895226545,0.28902961607611743
2020-08-04 20:00:00,8.613617786607929,8.419573032647724,0.19404475396020437
2020-08-04 21:00:00,12.46289556620902,11.929635699606962,0.5332598666020587
2020-08-04 22:00:00,8.494824820064148,8.32111740438459,0.17370741567955683
2020-08-04 23:00:00,7.9398668635134335,8.309322365083469,-0.3694555015700356
2020-08-05 00:00:00,7.260304667797127,6.587788371295003,0.6725162965021232
2020-08-05 01:00:00,7.4890080087869855,8.202381028145783,-0.7133730193587979
2020-08-05 02:00:00,7.143208658429869,7.43019874090691,-0.2869900824770406
2020-08-05 03:00:00,7.187618528957186,7.512556584063517,-0.32493805510633056
2020-08-05 04:00:00,7.391250955586141,7.470154869618524,-0.07890391403238262
2020-08-05 05:00:00,9.922176488757332,10.019374997632868,-0.09719850887553605
2020-08-05 06:00:00,12.03156190375956,11.749086857084695,0.28247504667486467
2020-08-05 07:00:00,13.797019554665628,13.812397456137475,-0.015377901471847366
2020-08-05 08:00:00,13.682258115526814,13.471467570324444,0.21079054520236973
2020-08-05 09:00:00,10.823781579977686,10.988857742005209,-0.16507616202752295
2020-08-05 10:00:00,23.973096713215533,23.99771090582296,-0.024614192607426588
2020-08-05 11:00:00,17.166343214561866,17.233131929604465,-0.06678871504259831
2020-08-05 12:00:00,12.710578575128356,12.516609675577742,0.19396889955061347
2020-08-05 13:00:00,12.86287716302298,12.76577410721615,0.09710305580682999
2020-08-05 14:00:00,10.424686228731382,10.843164902401378,-0.4184786736699966
2020-08-05 15:00:00,8.8324258600057,8.699608928447272,0.1328169315584269
2020-08-05 16:00:00,11.34864701530801,11.394339278150474,-0.045692262842463194
2020-08-05 17:00:00,39.07800371991789,39.12585989469666,-0.04785617477877224
2020-08-05 18:00:00,7.178875919820787,7.228050057878411,-0.04917413805762383
2020-08-05 19:00:00,18.369897565712307,18.41818796881489,-0.04829040310258392
2020-08-05 20:00:00,8.874856781720709,8.756487128632427,0.11836965308828162
2020-08-05 21:00:00,7.124225436006459,7.389119134355466,-0.2648936983490069
2020-08-05 22:00:00,7.224845273467122,7.244137570787124,-0.019292297320001595
2020-08-05 23:00:00,32.296376445065064,32.97266484904107,-0.6762884039760024
2020-08-06 00:00:00,8.221757725591043,7.700035548878249,0.5217221767127942
2020-08-06 01:00:00,5.886707286839116,6.3360554202892185,-0.44934813345010216
2020-08-06 02:00:00,8.25059916570277,7.908675121726786,0.3419240439759843
2020-08-06 03:00:00,7.8687703904266115,7.701753955174098,0.16701643525251342
2020-08-06 04:00:00,9.960203402054082,9.818267451874153,0.14193595017992955
2020-08-06 05:00:00,7.871359403448678,7.64161273417182,0.22974666927685838
2020-08-06 06:00:00,7.715353155324045,8.046749581487061,-0.3313964261630167
2020-08-06 07:00:00,8.896501746906416,9.576911761001638,-0.6804100140952212
2020-08-06 08:00:00,10.035250255025437,9.969236082552325,0.06601417247311225
2020-08-06 09:00:00,8.158528988433858,7.048756427305681,1.1097725611281772
2020-08-06 10:00:00,8.690671688369989,8.820982742577362,-0.13031105420737354
2020-08-06 11:00:00,8.886772736079452,8.405584403342745,0.481188332736707
2020-08-06 12:00:00,7.790221947539936,7.9922391651183995,-0.20201721757846336
2020-08-06 13:00:00,7.286794793792474,7.417432707947408,-0.1306379141549341
2020-08-06 14:00:00,8.085232496576886,8.163324032872099,-0.07809153629521326
2020-08-06 15:00:00,7.48144818307532,7.79036369276656,-0.30891550969124015
2020-08-06 16:00:00,5.994212733668351,6.308453730243734,-0.31424099657538296
2020-08-06 17:00:00,7.166948091610871,7.668015891113424,-0.501067799502553
2020-08-06 18:00:00,8.333291748298084,8.114020945846697,0.21927080245138697
2020-08-06 19:00:00,6.582921696611047,6.613245622307083,-0.03032392569603637
2020-08-06 20:00:00,10.050157882490383,9.552360918321384,0.4977969641689999
2020-08-06 21:00:00,8.354204056316599,8.620786579598791,-0.26658252328219234
2020-08-06 22:00:00,33.16784810667948,33.146470197358404,0.02137790932107464
2020-08-06 23:00:00,10.700559446479527,11.231134244857083,-0.5305747983775557
2020-08-07 00:00:00,12.06865795742037,12.241770354176703,-0.1731123967563324
2020-08-07 01:00:00,26.4677767818924,26.574989408595748,-0.10721262670334752
2020-08-07 02:00:00,21.181924498600967,21.397188202223628,-0.21526370362266078
2020-08-07 03:00:00,19.40960562869017,19.29750313393956,0.11210249475060863
2020-08-07 04:00:00,20.374510553034472,19.51391211738151,0.8605984356529639
2020-08-07 05:00:00,11.806530856428685,11.416610031682268,0.389920824746417
2020-08-07 06:00:00,13.782445309428764,13.509188802977064,0.2732565064517001
2020-08-07 07:00:00,14.455127177011692,14.5923729904918,-0.13724581348010823
2020-08-07 08:00:00,10.641296176491066,11.05845014579656,-0.41715396930549353
2020-08-07 09:00:00,12.282085561271126,11.472558515284257,0.8095270459868686
2020-08-07 10:00:00,7.433009238142793,7.632387660149614,-0.19937842200682088
2020-08-07 11:00:00,19.6658924267915,19.52100737591103,0.14488505088047177
2020-08-07 12:00:00,14.60114198835391,14.44923432804635,0.1519076603075611
2020-08-07 13:00:00,10.378910676364528,10.696647268458703,-0.3177365920941746
2020-08-07 14:00:00,9.888044559680692,9.437450909776171,0.4505936499045209
2020-08-07 15:00:00,19.80575651625916,19.545528652161916,0.2602278640972422
2020-08-07 16:00:00,7.151288463203697,6.9902841572092616,0.16100430599443527
2020-08-07 17:00:00,7.382588410433739,7.652063426447955,-0.26947501601421653
2020-08-07 18:00:00,11.04418393513321,11.136603429874325,-0.09241949474111522
2020-08-07 19:00:00,19.65356909021911,19.524285854467454,0.12928323575165734
2020-08-07 20:00:00,14.070581445729191,14.519038721987032,-0.44845727625784093
2020-08-07 21:00:00,12.543375318545069,12.054945546929464,0.4884297716156052
2020-08-07 22:00:00,11.100664314523383,11.255315747147032,-0.15465143262364833
2020-08-07 23:00:00,7.802878756308706,7.198561016902313,0.604317739406393
2020-08-08 00:00:00,8.768767406311195,8.540940384066031,0.2278270222451635
2020-08-08 01:00:00,7.052039513815453,6.432359278923656,0.6196802348917974
2020-08-08 02:00:00,14.991975331321273,15.633251046866736,-0.6412757155454631
2020-08-08 03:00:00,8.115878600435336,7.653613404216163,0.46226519621917284
2020-08-08 04:00:00,7.265329380982302,7.1223931614030995,0.14293621957920255
2020-08-08 05:00:00,7.994782776083387,8.113955877261787,-0.11917310117840074
2020-08-08 06:00:00,6.9229136386683,7.034709564480057,-0.1117959258117569
2020-08-08 07:00:00,9.909690957414115,9.904273461569503,0.0054174958446129295
2020-08-08 08:00:00,11.553705616976533,11.692172722614597,-0.13846710563806397
2020-08-08 09:00:00,12.94529035105199,12.766445274363543,0.17884507668844662
2020-08-08 10:00:00,7.06596975829777,6.986110756265776,0.07985900203199403
2020-08-08 11:00:00,7.662879294896497,7.18508827098702,0.4777910239094769
2020-08-08 12:00:00,6.584080342534412,6.968741694698845,-0.3846613521644331
2020-08-08 13:00:00,14.690314176572556,14.388933751351692,0.3013804252208647
2020-08-08 14:00:00,7.184754782113492,6.900299250555558,0.284455531557934
2020-08-08 15:00:00,7.520023424107014,7.272010595169193,0.24801282893782073
2020-08-08 16:00:00,7.518502934541547,7.454500510183762,0.0640024243577848
2020-08-08 17:00:00,8.172715004423647,8.036231520723591,0.13648348370005614
2020-08-08 18:00:00,8.470058376117697,7.779382469224573,0.6906759068931239
2020-08-08 19:00:00,6.510445044797767,6.9282871238820665,-0.4178420790842994
2020-08-08 20:00:00,12.815315535474593,12.633080031353959,0.1822355041206336
2020-08-08 21:00:00,5.7922065441867225,6.650955788939054,-0.8587492447523317
2020-08-08 22:00:00,12.599754739440598,13.060368086206706,-0.46061334676610777
2020-08-08 23:00:00,12.00830324638632,11.499134627409692,0.5091686189766289
2020-08-09 00:00:00,13.914264515050172,14.210481795067759,-0.2962172800175864
2020-08-09 01:00:00,11.441792036201518,11.38249308821513,0.05929894798638813
2020-08-09 02:00:00,9.423360595778044,9.311492369289104,0.11186822648894079
2020-08-09 03:00:00,9.021841225883866,8.963122655752466,0.05871857013140058
2020-08-09 04:00:00,7.394870538336836,7.6500943543127855,-0.2552238159759499
2020-08-09 05:00:00,11.26527222758424,10.630146078753798,0.6351261488304427
2020-08-09 06:00:00,9.312157243290406,9.119723477101326,0.1924337661890796
2020-08-09 07:00:00,7.912356891823591,7.593459612721076,0.3188972791025151
2020-08-09 08:00:00,7.290157119088612,7.351600331599041,-0.06144321251042939
2020-08-09 09:00:00,34.797613148156124,34.76566786293195,0.03194528522417528
2020-08-09 10:00:00,11.603054536667663,11.808113566316157,-0.20505902964849376
2020-08-09 11:00:00,14.67001490611013,14.54993408729316,0.12008081881696953
2020-08-09 12:00:00,13.558847114497636,13.165289997708605,0.39355711678903127
2020-08-09 13:00:00,13.942034959306923,13.376657495661746,0.5653774636451772
2020-08-09 14:00:00,13.547438489422676,13.507312578073087,0.040125911349589316
2020-08-09 15:00:00,35.80848364883374,35.636057075806875,0.17242657302686837
2020-08-09 16:00:00,10.626528082715163,10.896617811173305,-0.2700897284581423
2020-08-09 17:00:00,18.545823621920277,18.593634134900157,-0.04781051297987915
2020-08-09 18:00:00,9.221953891212973,9.369364742333913,-0.14741085112093977
2020-08-09 19:00:00,16.345843671681745,16.365172783605775,-0.019329111924029974
2020-08-09 20:00:00,12.593639462786577,12.533163075164206,0.060476387622371064
2020-08-09 21:00:00,38.48694160827649,37.001777574736515,1.4851640335399736
2020-08-09 22:00:00,30.021532505130565,29.8459945219225,0.17553798320806635
2020-08-09 23:00:00,37.01790508283312,37.17327704201313,-0.155371959180016
2020-08-10 00:00:00,12.43481045909028,12.66093875217612,-0.22612829308584104
2020-08-10 01:00:00,19.4450227244353,19.65229627242894,-0.2072735479936405
2020-08-10 02:00:00,17.47087200019637,17.80971925231414,-0.33884725211776967
2020-08-10 03:00:00,19.79230941170814,19.841506103529266,-0.04919669182112685
2020-08-10 04:00:00,9.92306079578372,10.067253809607582,-0.14419301382386251
2020-08-10 05:00:00,10.194009824528113,10.220074659064965,-0.026064834536851933
2020-08-10 06:00:00,8.80907258490072,9.200022118878445,-0.39094953397772514
2020-08-10 07:00:00,11.520393775047555,12.073849107389323,-0.5534553323417679
2020-08-10 08:00:00,10.557638398199844,10.543803571880565,0.013834826319278903
2020-08-10 09:00:00,22.77065711618063,22.875243781099442,-0.10458666491881274
2020-08-10 10:00:00,6.90850285139493,7.2760963595492365,-0.36759350815430647
2020-08-10 11:00:00,21.54638057012729,20.349418492111656,1.196962078015634
2020-08-10 12:00:00,25.578213667696367,25.84705769977539,-0.2688440320790235
2020-08-10 13:00:00,11.222981273778894,11.074918617721648,0.14806265605724533
2020-08-10 14:00:00,8.477363489683094,7.825309415433474,0.6520540742496204
2020-08-10 15:00:00,8.337019883655302,7.787832479349144,0.5491874043061573
2020-08-10 16:00:00,8.329731012268999,8.407294689391485,-0.07756367712248569
2020-08-10 17:00:00,7.216459466605489,7.329556718075081,-0.11309725146959249
2020-08-10 18:00:00,8.618420149924429,8.471489793208898,0.14693035671553112
2020-08-10 19:00:00,8.404640863250572,7.851535500558066,0.5531053626925058
2020-08-10 20:00:00,10.393158692850506,10.94114434802715,-0.5479856551766442
2020-08-10 21:00:00,10.363653008974785,10.479059115187427,-0.11540610621264236
2020-08-10 22:00:00,11.531840236113515,11.633763440671995,-0.1019232045584797
2020-08-10 23:00:00,6.504503752143355,6.639145181236388,-0.13464142909303245
2020-08-11 00:00:00,13.88571982693096,14.123476137980305,-0.23775631104934547
2020-08-11 01:00:00,9.082633035906689,8.821333742940407,0.2612992929662816
2020-08-11 02:00:00,7.730394665682803,7.95527885789403,-0.22488419221122768
2020-08-11 03:00:00,7.675094747432767,7.334653462447872,0.34044128498489457
2020-08-11 04:00:00,6.306462072008229,6.625255552133509,-0.3187934801252794
2020-08-11 05:00:00,7.023794759927559,6.859786576059764,0.1640081838677947
2020-08-11 06:00:00,10.2286612558511,10.048353170811012,0.1803080850400871
2020-08-11 07:00:00,8.370992654497934,8.42096169488252,-0.049969040384585384
2020-08-11 08:00:00,4.992745896625572,5.031566483854598,-0.038820587229025705
2020-08-11 09:00:00,8.112631194297945,8.204850592948508,-0.09221939865056328
2020-08-11 10:00:00,7.116856669242389,7.000138014554201,0.11671865468818776
2020-08-11 11:00:00,8.526678265062676,7.922015976727891,0.6046622883347856
2020-08-11 12:00:00,11.825897726354883,11.55025091539084,0.27564681096404264
2020-08-11 13:00:00,10.44702299728544,10.201794988020163,0.24522800926527744
2020-08-11 14:00:00,9.61423089603168,9.037764660593265,0.5764662354384154
2020-08-11 15:00:00,7.593503514220156,7.48802591881336,0.10547759540679635
2020-08-11 16:00:00,8.893908862825699,8.501742824356091,0.3921660384696075
2020-08-11 17:00:00,6.625022877915424,6.7165576806586325,-0.09153480274320813
2020-08-11 18:00:00,11.419891533793226,11.356252974326596,0.06363855946663044
2020-08-11 19:00:00,6.096746425341724,6.010807047139604,0.08593937820212005
2020-08-11 20:00:00,7.356011413211708,7.470301318492001,-0.11428990528029281
2020-08-11 21:00:00,12.295164519821832,11.526487419103649,0.7686771007181825
2020-08-11 22:00:00,9.636592403271296,9.813626989818415,-0.17703458654711923
2020-08-11 23:00:00,6.922124228733042,6.975002740932125,-0.052878512199083794
2020-08-12 00:00:00,7.206146466764882,7.220391304876143,-0.014244838111260982
2020-08-12 01:00:00,9.32029187140776,8.890829822047793,0.4294620493599659
2020-08-12 02:00:00,7.072201655891078,7.12508010126052,-0.05287844536944153
2020-08-12 03:00:00,7.582567082007023,7.757890409544042,-0.1753233275370194
2020-08-12 04:00:00,14.351023613550309,14.192108410019152,0.15891520353115673
2020-08-12 05:00:00,18.4332633994756,18.828892433584027,-0.39562903410842765
2020-08-12 06:00:00,13.699257862240309,13.58046908400226,0.11878877823804856
2020-08-12 07:00:00,20.448893992281707,20.194494125877533,0.25439986640417445
2020-08-12 08:00:00,16.18318936767237,16.204097950958484,-0.02090858328611489
2020-08-12 09:00:00,11.695313133769764,11.64214912415342,0.05316400961634393
2020-08-12 10:00:00,6.469219239778238,6.487772876691647,-0.018553636913408944
2020-08-12 11:00:00,6.679875362771584,7.278084749090905,-0.5982093863193203
2020-08-12 12:00:00,6.789109074658789,6.6179306587050855,0.17117841595370376
2020-08-12 13:00:00,14.671228100266962,15.145264912695446,-0.4740368124284835
2020-08-12 14:00:00,7.452950614707174,7.736399988826125,-0.283449374118951
2020-08-12 15:00:00,7.027263873767216,7.502791608852266,-0.4755277350850493
2020-08-12 16:00:00,7.980310524818326,8.37917180233469,-0.3988612775163647
2020-08-12 17:00:00,7.459226436685793,7.491381347465579,-0.03215491077978516
2020-08-12 18:00:00,11.695620635665314,11.681816421757791,0.013804213907523177
2020-08-12 19:00:00,8.837707964353156,9.220963546885105,-0.3832555825319499
2020-08-12 20:00:00,6.54890851096157,6.717105924317433,-0.16819741335586347
2020-08-12 21:00:00,5.8113671490363,6.218499514002722,-0.40713236496642136
2020-08-12 22:00:00,13.347571124355106,12.962683063956705,0.38488806039840107
2020-08-12 23:00:00,7.004376460900645,7.1153895633024575,-0.11101310240181217
2020-08-13 00:00:00,11.595951395592492,11.524408316040827,0.07154307955166495
2020-08-13 01:00:00,17.12798529373043,17.17245540660178,-0.04447011287135183
2020-08-13 02:00:00,6.755644246608759,7.354163779393038,-0.5985195327842785
2020-08-13 03:00:00,11.35582575740572,11.345848959265997,0.009976798139723186
2020-08-13 04:00:00,7.019802151353863,6.790014969673683,0.2297871816801802
2020-08-13 05:00:00,5.841453179405046,6.573158135451808,-0.7317049560467623
2020-08-13 06:00:00,6.920869705660109,6.993229094689047,-0.07235938902893846
2020-08-13 07:00:00,8.154764998970402,8.260799752440652,-0.10603475347025082
2020-08-13 08:00:00,6.557910129671152,6.362162352678805,0.1957477769923468
2020-08-13 09:00:00,13.194570298654684,13.113030858404914,0.08153944024977022
2020-08-13 10:00:00,13.753801852213758,13.964405711959648,-0.21060385974588947
2020-08-13 11:00:00,11.78792356078408,12.016694924863804,-0.22877136407972465
2020-08-13 12:00:00,26.07011912009972,25.89310276594054,0.1770163541591785
2020-08-13 13:00:00,35.12090829344624,34.74295663230235,0.37795166114388934
2020-08-13 14:00:00,19.15649231552944,19.554294236692638,-0.3978019211631967
2020-08-13 15:00:00,16.35153675261125,16.550035238662343,-0.19849848605109344
2020-08-13 16:00:00,16.323548525349263,16.1806365589187,0.1429119664305638
2020-08-13 17:00:00,11.120498593913206,10.988231572694737,0.13226702121846934
2020-08-13 18:00:00,12.761951885003135,12.908809780976204,-0.14685789597306886
2020-08-13 19:00:00,13.024467765414604,13.06390043074594,-0.03943266533133638
2020-08-13 20:00:00,12.868086527295782,12.718555561973343,0.14953096532243926
2020-08-13 21:00:00,9.302601425462734,8.57423508050747,0.7283663449552638
2020-08-13 22:00:00,9.174742205351938,9.015784182262824,0.15895802308911477
2020-08-13 23:00:00,8.085423496704784,7.934802990228942,0.15062050647584257
2020-08-14 00:00:00,12.066307822345548,11.83689699941164,0.22941082293390735
2020-08-14 01:00:00,6.566883676776566,6.516627593840535,0.050256082936031454
2020-08-14 02:00:00,7.536610798488949,7.84832910867765,-0.31171831018870044
2020-08-14 03:00:00,7.745514871551433,7.888758929527871,-0.14324405797643802
2020-08-14 04:00:00,7.390615492630307,7.033742265755597,0.35687322687470946
2020-08-14 05:00:00,11.301571187810769,10.747940180504925,0.5536310073058441
2020-08-14 06:00:00,8.56414622526835,8.45323766625677,0.11090855901158037
2020-08-14 07:00:00,5.932039319885428,6.126823427880437,-0.19478410799500878
2020-08-14 08:00:00,7.767202960906816,7.802609088676482,-0.03540612776966601
2020-08-14 09:00:00,8.623469903024734,8.360659467519772,0.26281043550496186
2020-08-14 10:00:00,17.09589461234189,16.931444011785793,0.16445060055609773
2020-08-14 11:00:00,7.40566428443978,7.0975713947243735,0.3080928897154065
2020-08-14 12:00:00,7.7180160392242625,7.786802415306779,-0.06878637608251648
2020-08-14 13:00:00,7.363355298707695,7.578056176231698,-0.21470087752400246
2020-08-14 14:00:00,7.794052082904238,7.758443022848441,0.03560906005579678
2020-08-14 15:00:00,8.584536225024697,8.804338795388137,-0.21980257036343964
2020-08-14 16:00:00,6.796843193354148,6.809017335976144,-0.012174142621995898
2020-08-14 17:00:00,6.722599227102184,6.497439666934315,0.2251595601678691
2020-08-14 18:00:00,19.263396460695304,18.71691476989811,0.5464816907971937
2020-08-14 19:00:00,8.869691334955494,8.07393860563535,0.7957527293201441
2020-08-14 20:00:00,9.577485501827272,9.287623863938274,0.28986163788899866
2020-08-14 21:00:00,7.437190573824248,7.524150078377932,-0.0869595045536844
2020-08-14 22:00:00,6.304842915082924,6.199003038466988,0.10583987661593586
2020-08-14 23:00:00,6.300886453813271,6.804788748349044,-0.5039022945357736
2020-08-15 00:00:00,16.162944790331714,15.825384095333503,0.33756069499821173
2020-08-15 01:00:00,10.133072336540977,9.966332508637596,0.16673982790338115
2020-08-15 02:00:00,7.970199627357709,7.690854684679057,0.2793449426786516
2020-08-15 03:00:00,6.606992514535477,6.689672929486592,-0.08268041495111511
2020-08-15 04:00:00,11.500539026959004,11.289016405735019,0.21152262122398469
2020-08-15 05:00:00,5.584062142822731,5.72149094939954,-0.13742880657680878
2020-08-15 06:00:00,8.76412816360842,8.722237131353724,0.04189103225469637
2020-08-15 07:00:00,5.011487321296487,5.560228770816367,-0.5487414495198797
2020-08-15 08:00:00,11.473480221349476,11.265039913761429,0.208440307588047
2020-08-15 09:00:00,6.375143736720519,6.706415583641917,-0.331271846921398
2020-08-15 10:00:00,7.223895621260948,7.324459823391083,-0.10056420213013517
2020-08-15 11:00:00,7.579115161404386,7.372844570929938,0.20627059047444796
2020-08-15 12:00:00,7.64773887787404,7.502320727645248,0.14541815022879145
2020-08-15 13:00:00,7.416450951800758,7.239822282220227,0.17662866958053147
2020-08-15 14:00:00,17.721161083644073,17.52386810006328,0.1972929835807946
2020-08-15 15:00:00,7.109441325825266,7.096201900939116,0.01323942488614982
2020-08-15 16:00:00,7.017798014554006,6.851944656853204,0.16585335770080167
2020-08-15 17:00:00,13.641087445345306,13.8646093398051,-0.2235218944597932
2020-08-15 18:00:00,4.8795838945289365,5.191128854116891,-0.3115449595879545
2020-08-15 19:00:00,6.526122448087353,7.2658956413943505,-0.7397731933069975
2020-08-15 20:00:00,6.833965821597946,6.5074118771450165,0.32655394445292973
2020-08-15 21:00:00,5.832864122240658,5.831126445000038,0.00173767724062035
2020-08-15 22:00:00,8.613107115998659,8.069792163399685,0.5433149525989744
2020-08-15 23:00:00,18.247435984695542,18.316392844898516,-0.06895686020297376
2020-08-16 00:00:00,10.457753452402777,10.92448287747256,-0.4667294250697829
2020-08-16 01:00:00,9.278054453388805,9.166432919431715,0.11162153395708962
2020-08-16 02:00:00,8.091775337383138,8.244960492863814,-0.15318515548067602
2020-08-16 03:00:00,6.572114388639839,6.474270585174982,0.09784380346485744
2020-08-16 04:00:00,7.743679233755914,7.644677755880373,0.09900147787554126
2020-08-16 05:00:00,7.776734213859672,7.237464007412591,0.5392702064470809
2020-08-16 06:00:00,12.682034637682008,12.757211353456134,-0.07517671577412521
2020-08-16 07:00:00,8.804185049588208,8.796272903293609,0.007912146294598799
2020-08-16 08:00:00,5.349478231248488,5.375740317138105,-0.026262085889616316
2020-08-16 09:00:00,6.914604768936608,6.830686047139333,0.083918721797275
2020-08-16 10:00:00,5.359953179862647,5.780083783954832,-0.4201306040921846
2020-08-16 11:00:00,6.115770489428027,6.197354490570363,-0.08158400114233544
2020-08-16 12:00:00,13.199553034115594,13.161386263520281,0.03816677059531237
2020-08-16 13:00:00,8.09070161802277,7.918730143453974,0.1719714745687959
2020-08-16 14:00:00,7.500170760286529,7.76346346766264,-0.2632927073761113
2020-08-16 15:00:00,34.60926353635574,34.38285895157314,0.22640458478259973
2020-08-16 16:00:00,32.038433357672034,31.960724480335685,0.07770887733634879
2020-08-16 17:00:00,13.121951333045953,13.406886652458928,-0.2849353194129751
2020-08-16 18:00:00,12.035582552447606,12.467024204492251,-0.43144165204464535
2020-08-16 19:00:00,10.63536508841384,11.236491330317278,-0.6011262419034384
2020-08-16 20:00:00,13.716360262185974,13.300968745349012,0.4153915168369622
2020-08-16 21:00:00,9.556154468308552,9.404382628991854,0.15177183931669802
2020-08-16 22:00:00,8.383890478202757,8.776026461056912,-0.3921359828541551
2020-08-16 23:00:00,25.798259220494657,25.90717291456817,-0.10891369407351448
2020-08-17 00:00:00,12.089482960211685,12.311525076323434,-0.22204211611174962
2020-08-17 01:00:00,26.007440327674217,25.970948579261307,0.03649174841291014
2020-08-17 02:00:00,23.899901438402704,23.818481343024338,0.08142009537836614
2020-08-17 03:00:00,15.688917546353826,15.499174489007954,0.18974305734587205
2020-08-17 04:00:00,9.19706228645792,9.298878876964944,-0.10181659050702407
2020-08-17 05:00:00,8.318603856979214,8.467681534461743,-0.14907767748252887
2020-08-17 06:00:00,44.67249652647695,44.884433176279906,-0.2119366498029578
2020-08-17 07:00:00,10.903936917510622,11.004917981318645,-0.10098106380802285
2020-08-17 08:00:00,7.218995480497218,7.701305097150356,-0.4823096166531382
2020-08-17 09:00:00,7.998673102730598,8.073387851821007,-0.07471474909040854
2020-08-17 10:00:00,7.711940810513929,7.525092118475474,0.18684869203845533
2020-08-17 11:00:00,7.636491398916031,7.821740054508377,-0.18524865559234538
2020-08-17 12:00:00,11.578311842164318,11.601180124782402,-0.02286828261808438
2020-08-17 13:00:00,11.017550760624012,11.006632430889994,0.010918329734018073
2020-08-17 14:00:00,6.161723720220847,6.389667655768191,-0.22794393554734427
2020-08-17 15:00:00,10.353466842969263,10.018541854765807,0.33492498820345595
2020-08-17 16:00:00,7.62245538265786,7.729838136904059,-0.10738275424619914
2020-08-17 17:00:00,15.18846356808544,15.195774786586947,-0.007311218501506289
2020-08-17 18:00:00,7.914326475837769,8.361310166220107,-0.4469836903823383
2020-08-17 19:00:00,12.140405934181942,12.605710810201698,-0.465304876019756
2020-08-17 20:00:00,10.028302721318669,9.75170416436153,0.2765985569571381
2020-08-17 21:00:00,8.388381574914677,8.173995559737012,0.21438601517766465
2020-08-17 22:00:00,8.821247500623562,8.37082488972782,0.45042261089574254
2020-08-17 23:00:00,8.33141641159079,8.477934576206533,-0.14651816461574185
2020-08-18 00:00:00,13.468747893777111,13.26682763760617,0.20192025617094167
2020-08-18 01:00:00,9.90316429057733,10.288361748868653,-0.3851974582913229
2020-08-18 02:00:00,11.465727579553386,11.245088635380025,0.22063894417336094
2020-08-18 03:00:00,8.279167082082415,8.236636956199842,0.04253012588257299
2020-08-18 04:00:00,44.882719111925205,45.46410974699314,-0.5813906350679332
2020-08-18 05:00:00,7.315064767368888,7.047137720666372,0.2679270467025159
2020-08-18 06:00:00,11.293915322871182,11.347862743691364,-0.053947420820181335
2020-08-18 07:00:00,14.176999812745452,13.3178682332759,0.8591315794695511
2020-08-18 08:00:00,5.995939769324711,6.607993220219094,-0.6120534508943827
2020-08-18 09:00:00,10.747293553710051,10.537077682139882,0.21021587157016874
2020-08-18 10:00:00,15.230363924659937,15.138697696452207,0.09166622820773007
2020-08-18 11:00:00,11.910851726412488,11.380376329700823,0.5304753967116653
2020-08-18 12:00:00,6.840058712699923,6.849038482291972,-0.008979769592048825
2020-08-18 13:00:00,6.506043466301424,6.479773178873226,0.026270287428197925
2020-08-18 14:00:00,7.246574500917895,7.3470035087387355,-0.10042900782084097
2020-08-18 15:00:00,18.11726872138914,17.787069588146558,0.33019913324258354
2020-08-18 16:00:00,7.752431844027516,7.59766400691082,0.15476783711669562
2020-08-18 17:00:00,6.101663992843537,5.938161882178336,0.1635021106652017
2020-08-18 18:00:00,6.449969295686894,6.938965078651711,-0.4889957829648175
2020-08-18 19:00:00,7.025342750468073,6.9279907785267705,0.0973519719413023
2020-08-18 20:00:00,6.435488183903668,6.619522023920794,-0.18403384001712642
2020-08-18 21:00:00,10.084834105096462,9.950183877888847,0.1346502272076151
2020-08-18 22:00:00,7.994062040409058,8.053113018846219,-0.05905097843716067
2020-08-18 23:00:00,17.05554122791673,17.17718659815481,-0.12164537023808109
2020-08-19 00:00:00,13.367020658411882,13.300607075304914,0.06641358310696788
2020-08-19 01:00:00,10.367515778129892,10.98430850742029,-0.6167927292903972
2020-08-19 02:00:00,7.680187800778838,7.107684946615379,0.5725028541634591
2020-08-19 03:00:00,7.493294834491022,7.238839212432857,0.2544556220581651
2020-08-19 04:00:00,6.404261666347,6.512368513064055,-0.10810684671705495
2020-08-19 05:00:00,5.593115235723721,5.998580706859503,-0.40546547113578235
2020-08-19 06:00:00,11.060857150241617,10.955746123530584,0.10511102671103245
2020-08-19 07:00:00,4.307619075978569,4.434326170237236,-0.12670709425866722
2020-08-19 08:00:00,7.908421327151021,7.79527397145822,0.11314735569280021
2020-08-19 09:00:00,31.491915054615145,31.738345560312755,-0.24643050569761016
2020-08-19 10:00:00,30.76929119079475,30.70621088798496,0.06308030280979082
2020-08-19 11:00:00,12.464322320020791,12.371174387485757,0.09314793253503417
2020-08-19 12:00:00,12.295620965301064,11.790088556648822,0.5055324086522415
2020-08-19 13:00:00,19.163762633548185,18.933495011079387,0.23026762246879784
2020-08-19 14:00:00,18.31046725188309,18.655885155636035,-0.3454179037529457
2020-08-19 15:00:00,10.42739664292434,10.40938921185724,0.018007431067099233
2020-08-19 16:00:00,9.69919196414286,9.184806202734977,0.5143857614078833
2020-08-19 17:00:00,12.78115554591638,12.688689253999605,0.09246629191677513
2020-08-19 18:00:00,14.8510646915786,14.64664640470092,0.20441828687767938
2020-08-19 19:00:00,11.896330827174532,11.577324043505628,0.3190067836689039
2020-08-19 20:00:00,26.31327730168384,26.330228478548044,-0.016951176864203887
2020-08-19 21:00:00,7.596661240583014,7.836832852200684,-0.24017161161766953
2020-08-19 22:00:00,16.007646249979004,16.243701612459574,-0.23605536248057035
2020-08-19 23:00:00,30.84458104218501,31.249593885660264,-0.4050128434752551
2020-08-20 00:00:00,12.12042794760784,11.926074191611004,0.19435375599683624
2020-08-20 01:00:00,11.586737139960023,11.99151617541897,-0.40477903545894733
2020-08-20 02:00:00,11.915969550253754,11.833478179373914,0.08249137087983982
2020-08-20 03:00:00,10.570634236117405,11.125446450350976,-0.5548122142335714
2020-08-20 04:00:00,32.729956628101235,32.84945372338075,-0.11949709527951313
2020-08-20 05:00:00,8.598609459942947,8.87947760342878,-0.2808681434858329
2020-08-20 06:00:00,9.76529441033127,9.606305537335682,0.15898887299558773
2020-08-20 07:00:00,13.230137845053845,13.704428866453133,-0.4742910213992886
2020-08-20 08:00:00,7.886632442144995,8.427356268098752,-0.5407238259537568
2020-08-20 09:00:00,8.565794304166019,8.638737776041033,-0.07294347187501415
2020-08-20 10:00:00,21.650839848780755,21.73299531744202,-0.08215546866126289
2020-08-20 11:00:00,8.084342991907146,7.987240198892824,0.09710279301432223
2020-08-20 12:00:00,5.564063214668059,5.437704739048555,0.12635847561950442
2020-08-20 13:00:00,8.476659652900759,8.403906880236926,0.07275277266383284
2020-08-20 14:00:00,7.301735346315742,6.739516874665054,0.562218471650688
2020-08-20 15:00:00,10.400389839343523,10.393727266434004,0.0066625729095193265
2020-08-20 16:00:00,7.0825704427783975,6.87609424350912,0.20647619926927785
2020-08-20 17:00:00,6.469000911377576,6.714747359941918,-0.2457464485643417
2020-08-20 18:00:00,11.43581119965884,11.32484102687764,0.11097017278119914
2020-08-20 19:00:00,11.55480486401847,11.506829900125185,0.04797496389328515
2020-08-20 20:00:00,11.6144947689958,11.544794765183727,0.06970000381207164
2020-08-20 21:00:00,11.712604193041562,10.566183366962713,1.1464208260788489
2020-08-20 22:00:00,6.476986755000736,6.657626547989949,-0.18063979298921318
2020-08-20 23:00:00,11.177483370651046,11.343614430727865,-0.16613106007681822
2020-08-21 00:00:00,6.780341368309816,6.815159137012918,-0.03481776870310149
2020-08-21 01:00:00,6.847113631557171,7.058656921775445,-0.21154329021827412
2020-08-21 02:00:00,6.098674209923835,6.392620572497136,-0.2939463625733012
2020-08-21 03:00:00,6.680660538815037,6.9187190771653375,-0.23805853835030089
2020-08-21 04:00:00,27.12636249924524,26.90214870251305,0.22421379673219022
2020-08-21 05:00:00,7.869789288367064,7.807464377874403,0.06232491049266109
2020-08-21 06:00:00,7.876375622338201,7.501031386531583,0.3753442358066179
2020-08-21 07:00:00,11.362897358436312,12.404057591578356,-1.041160233142044
2020-08-21 08:00:00,11.341141847896116,11.540989279312713,-0.19984743141659678
2020-08-21 09:00:00,19.32486886728271,19.935782050518235,-0.6109131832355246
2020-08-21 10:00:00,13.144933095801644,12.86931702021529,0.27561607558635437
2020-08-21 11:00:00,9.90812258007722,10.044259043941375,-0.13613646386415468
2020-08-21 12:00:00,14.940935774785496,14.602521329287471,0.33841444549802446
2020-08-21 13:00:00,6.8801620742576,7.527508383260732,-0.6473463090031313
2020-08-21 14:00:00,9.408275465392911,9.187311585933863,0.22096387945904894
2020-08-21 15:00:00,10.339127479836575,10.606945355458064,-0.26781787562148907
2020-08-21 16:00:00,8.44139535582182,8.31717569107152,0.12421966475029933
2020-08-21 17:00:00,5.793846423185529,6.018192966565738,-0.22434654338020898
2020-08-21 18:00:00,7.315223124458283,7.5573579134408675,-0.24213478898258423
2020-08-21 19:00:00,11.372765736694754,11.084120688358164,0.28864504833659055
2020-08-21 20:00:00,8.089383664666395,8.505909781978287,-0.4165261173118928
2020-08-21 21:00:00,8.993133411865667,8.864416056801367,0.1287173550642997
2020-08-21 22:00:00,7.640863113960107,7.8732156512912495,-0.2323525373311428
2020-08-21 23:00:00,5.156729392692173,5.347368413940591,-0.19063902124841725
2020-08-22 00:00:00,12.187214926367352,12.09501884850278,0.09219607786457118
2020-08-22 01:00:00,6.49168048556208,6.3067056125912835,0.1849748729707965
2020-08-22 02:00:00,26.2601776404316,26.162187589655023,0.09799005077657696
2020-08-22 03:00:00,27.39981634839124,27.521292804990736,-0.12147645659949546
2020-08-22 04:00:00,18.87490583893145,19.064405978102805,-0.18950013917135422
2020-08-22 05:00:00,13.503291450278612,12.76186764941686,0.7414238008617513
2020-08-22 06:00:00,9.371378925936115,9.70739940504756,-0.33602047911144517
2020-08-22 07:00:00,9.808811797136112,10.101984328220682,-0.2931725310845703
2020-08-22 08:00:00,12.339260432840842,12.07246829049385,0.26679214234699167
2020-08-22 09:00:00,11.391607365178368,11.52359501231119,-0.13198764713282252
2020-08-22 10:00:00,32.70803617615482,32.76942334779937,-0.06138717164454732
2020-08-22 11:00:00,30.690651014845795,30.59911421023384,0.09153680461195535
2020-08-22 12:00:00,26.531127992546857,26.266906459227812,0.26422153331904497
2020-08-22 13:00:00,20.616863661150408,20.457633307619716,0.15923035353069181
2020-08-22 14:00:00,15.967919580551674,15.973480406949854,-0.0055608263981792305
2020-08-22 15:00:00,11.069443707862757,10.613044875695268,0.4563988321674888
2020-08-22 16:00:00,10.18231360660972,10.295030663350081,-0.1127170567403617
2020-08-22 17:00:00,10.988947905530312,11.051325166676639,-0.062377261146327356
2020-08-22 18:00:00,11.998795714008208,11.907040758636859,0.09175495537134992
2020-08-22 19:00:00,8.191219640290011,7.649456489443779,0.5417631508462328
2020-08-22 20:00:00,10.783740937388831,10.78399516152456,-0.0002542241357286201
2020-08-22 21:00:00,7.688663053582919,8.168076832851328,-0.4794137792684099
2020-08-22 22:00:00,12.344204344029489,12.678814858308524,-0.334610514279035
2020-08-22 23:00:00,16.502598237456557,16.7015220937857,-0.1989238563291451
2020-08-23 00:00:00,6.683363369455744,6.682792184541407,0.0005711849143370529
2020-08-23 01:00:00,8.362556332463075,8.125697762497673,0.23685856996540267
2020-08-23 02:00:00,6.285047294295874,6.21917756114476,0.06586973315111422
2020-08-23 03:00:00,7.483670163487742,7.268345564170588,0.21532459931715398
2020-08-23 04:00:00,10.800265974403958,10.713685282195692,0.08658069220826548
2020-08-23 05:00:00,6.130157397776468,6.107177887598581,0.022979510177886908
2020-08-23 06:00:00,14.440042966229962,14.267859887434637,0.17218307879532446
2020-08-23 07:00:00,10.696717240373747,10.7781837002983,-0.08146645992455248
2020-08-23 08:00:00,6.302025992713425,6.314672290475385,-0.012646297761960135
2020-08-23 09:00:00,14.614083643261884,14.788753790509531,-0.17467014724764773
2020-08-23 10:00:00,6.791013292954582,6.818652600399039,-0.027639307444457195
2020-08-23 11:00:00,8.257672660778587,8.288227346077235,-0.030554685298648465
2020-08-23 12:00:00,8.211924930335972,7.743052959472615,0.46887197086335686
2020-08-23 13:00:00,8.229562048032234,8.108215192967702,0.12134685506453202
2020-08-23 14:00:00,5.120660238922927,5.2214631954680115,-0.10080295654508475
2020-08-23 15:00:00,8.495695501073588,8.626012548089246,-0.13031704701565872
2020-08-23 16:00:00,7.088585360962803,7.043920537274984,0.04466482368781932
2020-08-23 17:00:00,5.953536617203465,5.915257819207191,0.03827879799627354
2020-08-23 18:00:00,12.786090596432937,12.77022541688687,0.0158651795460667
2020-08-23 19:00:00,5.835668760266367,5.612845554341695,0.22282320592467197
2020-08-23 20:00:00,8.06551900782874,7.677664302889824,0.38785470493891605
2020-08-23 21:00:00,7.210529836428872,7.41557742720489,-0.20504759077601786
2020-08-23 22:00:00,4.600568280370092,5.211573046021573,-0.6110047656514812
2020-08-23 23:00:00,17.188027750240796,17.025491464024256,0.1625362862165396
2020-08-24 00:00:00,6.34229261717672,6.127102362572353,0.2151902546043667
2020-08-24 01:00:00,7.415549333217584,6.835862483273896,0.5796868499436876
2020-08-24 02:00:00,6.072183222379524,6.177351145511685,-0.10516792313216161
2020-08-24 03:00:00,8.051659373609894,8.250653675543385,-0.19899430193349055
2020-08-24 04:00:00,8.044170366050828,7.981169803058808,0.06300056299201984
2020-08-24 05:00:00,7.148139371988578,6.753727196612562,0.3944121753760159
2020-08-24 06:00:00,12.658724075392213,12.713212785009446,-0.05448870961723351
2020-08-24 07:00:00,5.899979647800764,5.796326597071983,0.10365305072878161
2020-08-24 08:00:00,8.211474485819606,8.486134269741806,-0.2746597839221998
2020-08-24 09:00:00,5.362935317533839,5.897648835728397,-0.5347135181945584
2020-08-24 10:00:00,7.012358946287858,7.299197595533501,-0.2868386492456434
2020-08-24 11:00:00,6.860336798129644,7.0960361767547395,-0.23569937862509516
2020-08-24 12:00:00,22.063431456217845,21.99298062676143,0.07045082945641568
2020-08-24 13:00:00,13.511323871720116,13.42865800879359,0.08266586292652534
2020-08-24 14:00:00,6.384660101107534,6.050853388567807,0.3338067125397268
2020-08-24 15:00:00,5.744551864139585,5.92516192936458,-0.1806100652249949
2020-08-24 16:00:00,10.247408015959108,10.496900393898533,-0.24949237793942558
2020-08-24 17:00:00,12.465865057623985,12.555685618229019,-0.08982056060503396
2020-08-24 18:00:00,6.105509560290008,6.12105723152301,-0.01554767123300227
2020-08-24 19:00:00,5.1727812033185,5.3807267021784275,-0.2079454988599272
2020-08-24 20:00:00,6.403544354760485,6.369827531829929,0.03371682293055578
2020-08-24 21:00:00,6.7882025160227055,6.556855876152519,0.23134663987018644
2020-08-24 22:00:00,5.279970507162212,5.193179584324612,0.0867909228376007
2020-08-24 23:00:00,8.787152445615183,8.640590224156695,0.1465622214584883
2020-08-25 00:00:00,14.09500466229854,13.86621712356376,0.22878753873477997
2020-08-25 01:00:00,10.58098950801868,10.30687281543899,0.27411669257969073
2020-08-25 02:00:00,14.949246138132027,14.618746732945363,0.3304994051866643
2020-08-25 03:00:00,6.703561679858979,6.3155679757503895,0.3879937041085899
2020-08-25 04:00:00,11.984407831292426,11.95103975753376,0.03336807375866613
2020-08-25 05:00:00,7.377356741567508,7.689228321844775,-0.31187158027726714
2020-08-25 06:00:00,6.578770782577979,6.740828221005345,-0.1620574384273663
2020-08-25 07:00:00,6.973664079181184,6.715935498766573,0.2577285804146108
2020-08-25 08:00:00,18.351989477936304,18.355407756187418,-0.003418278251114515
2020-08-25 09:00:00,7.279619515732587,7.235216406801636,0.04440310893095045
2020-08-25 10:00:00,11.81637859385306,11.961745261798976,-0.14536666794591646
2020-08-25 11:00:00,7.927467219475739,7.876231890793053,0.051235328682685655
2020-08-25 12:00:00,19.14755255357117,18.958820805681416,0.18873174788975433
2020-08-25 13:00:00,6.382233071688188,6.288097194979908,0.09413587670827983
2020-08-25 14:00:00,12.975209253075215,12.85655699982075,0.11865225325446538
2020-08-25 15:00:00,8.242312525392254,7.707419925077095,0.5348926003151595
2020-08-25 16:00:00,11.682413957587295,11.877759288624292,-0.19534533103699658
2020-08-25 17:00:00,6.41775811654562,6.7312722315900535,-0.31351411504443316
2020-08-25 18:00:00,8.646448376166163,8.367633495946265,0.27881488021989753
2020-08-25 19:00:00,6.013131835024244,6.367423590933927,-0.3542917559096832
2020-08-25 20:00:00,7.706995546997663,7.576794556483484,0.13020099051417944
2020-08-25 21:00:00,5.454198961111086,6.271221385000298,-0.8170224238892123
2020-08-25 22:00:00,11.5210447310911,11.251578605828863,0.26946612526223745
2020-08-25 23:00:00,7.549211644212177,7.24587939176394,0.3033322524482367
2020-08-26 00:00:00,7.164680052407901,7.691858386038601,-0.5271783336307001
2020-08-26 01:00:00,6.2345075569354345,6.034264463410638,0.2002430935247963
2020-08-26 02:00:00,6.503562965763623,6.8453469320203055,-0.34178396625668217
2020-08-26 03:00:00,8.743622376333986,8.633388517354009,0.11023385897997784
2020-08-26 04:00:00,7.636986005018639,7.753496616110462,-0.11651061109182326
2020-08-26 05:00:00,6.681699928886587,7.422510887632489,-0.740810958745902
2020-08-26 06:00:00,8.737480453211324,8.940608292923129,-0.20312783971180437
2020-08-26 07:00:00,8.198929994768262,8.116101374193303,0.08282862057495954
2020-08-26 08:00:00,7.55591717667324,7.587727982128136,-0.03181080545489667
2020-08-26 09:00:00,5.47038803849188,6.303126190071895,-0.8327381515800152
2020-08-26 10:00:00,7.646301756649186,7.590300257408949,0.056001499240236896
2020-08-26 11:00:00,5.490782407266641,6.156037607427512,-0.6652552001608711
2020-08-26 12:00:00,15.00497800029204,15.16915581388492,-0.16417781359288064
2020-08-26 13:00:00,3.4969833906184173,4.128202221898529,-0.6312188312801115
2020-08-26 14:00:00,5.698523500929109,5.758983813881515,-0.06046031295240617
2020-08-26 15:00:00,10.81799757286078,11.079419652994883,-0.2614220801341034
2020-08-26 16:00:00,7.1169036996411,6.920960086020625,0.19594361362047508
2020-08-26 17:00:00,12.54266416045598,12.53610465664244,0.006559503813539536
2020-08-26 18:00:00,7.846494024167071,8.180387910157094,-0.33389388599002334
2020-08-26 19:00:00,13.167448959189644,13.367140684635716,-0.1996917254460726
2020-08-26 20:00:00,5.384369891603086,5.579168491632485,-0.19479860002939908
2020-08-26 21:00:00,8.001729501392315,7.733808406163262,0.2679210952290534
2020-08-26 22:00:00,7.37936971692365,7.340701384976933,0.038668331946716705
2020-08-26 23:00:00,6.080976886253178,6.503930337602457,-0.42295345134927853
2020-08-27 00:00:00,8.417044589690196,8.318613831796252,0.09843075789394362
2020-08-27 01:00:00,6.554928436691445,6.84927500796355,-0.2943465712721052
2020-08-27 02:00:00,10.698764609296871,10.31941028138289,0.3793543279139815
2020-08-27 03:00:00,10.426322849997655,10.564122033930325,-0.13779918393266932
2020-08-27 04:00:00,7.985902167349224,7.92579868239914,0.06010348495008344
2020-08-27 05:00:00,14.346148880062511,14.262871187639078,0.08327769242343308
2020-08-27 06:00:00,22.037397728613143,22.1485989974669,-0.11120126885375825
2020-08-27 07:00:00,13.012717888986144,12.8725955613554,0.14012232763074373
2020-08-27 08:00:00,15.181895710547415,14.876291737696011,0.3056039728514044
2020-08-27 09:00:00,6.212464924142048,6.399124482924722,-0.18665955878267404
2020-08-27 10:00:00,6.721433215282174,6.983656854831885,-0.2622236395497115
2020-08-27 11:00:00,6.4311185123451855,6.620009984322616,-0.1888914719774304
2020-08-27 12:00:00,17.0124592756052,17.1798434791621,-0.16738420355689954
2020-08-27 13:00:00,10.993823033686615,11.273312156623787,-0.27948912293717143
2020-08-27 14:00:00,7.604899295947805,7.945179378098832,-0.34028008215102723
2020-08-27 15:00:00,8.724929603508997,8.712283230968229,0.01264637254076817
2020-08-27 16:00:00,13.901311837945162,13.86310225916994,0.038209578775221686
2020-08-27 17:00:00,9.51003746440789,9.12193821894091,0.3880992454669805
2020-08-27 18:00:00,7.054719788334904,7.157110584627266,-0.10239079629236159
2020-08-27 19:00:00,4.103514551819044,5.066872230908249,-0.9633576790892047
2020-08-27 20:00:00,5.982556918410604,6.163459429587663,-0.18090251117705858
2020-08-27 21:00:00,5.1761223633789095,5.535954369024486,-0.3598320056455764
2020-08-27 22:00:00,7.955537167862013,7.85533182925192,0.10020533861009273
2020-08-27 23:00:00,5.51632593246066,5.651899866299967,-0.13557393383930716
2020-08-28 00:00:00,6.761112998777317,6.8697153092313314,-0.1086023104540148
2020-08-28 01:00:00,7.376655508929756,7.5355959029213375,-0.15894039399158189
2020-08-28 02:00:00,6.890937844958555,6.842563465540248,0.04837437941830647
2020-08-28 03:00:00,6.485220162590222,6.907095583401698,-0.42187542081147544
2020-08-28 04:00:00,7.457163566270888,7.391163080703551,0.06600048556733729
2020-08-28 05:00:00,6.857127847079876,6.8602106937523875,-0.0030828466725116854
2020-08-28 06:00:00,7.608603556779575,6.839812171927329,0.7687913848522463
2020-08-28 07:00:00,7.894110091539234,7.272079420705812,0.6220306708334222
2020-08-28 08:00:00,6.90411755776955,7.127407437464231,-0.22328987969468095
2020-08-28 09:00:00,14.168611309081538,14.66227927849205,-0.49366796941051305
2020-08-28 10:00:00,12.274959815621136,12.448829546306678,-0.17386973068554212
2020-08-28 11:00:00,7.977521377479851,7.8089042454381055,0.16861713204174578
2020-08-28 12:00:00,7.068798422787159,7.173975972999036,-0.10517755021187725
2020-08-28 13:00:00,8.428564948854872,7.928172648332821,0.5003923005220505
2020-08-28 14:00:00,7.990512944969243,8.121770359880196,-0.13125741491095333
2020-08-28 15:00:00,4.93171223252084,4.653889895278816,0.2778223372420241
2020-08-28 16:00:00,14.81750570429018,14.60519190696524,0.21231379732494027
2020-08-28 17:00:00,37.58393114328098,37.93004474204566,-0.3461135987646813
2020-08-28 18:00:00,10.739136818301224,11.048665222894728,-0.30952840459350384
2020-08-28 19:00:00,5.417606280469356,5.57127518439443,-0.15366890392507404
2020-08-28 20:00:00,4.801435449893372,5.294814232063024,-0.4933787821696516
2020-08-28 21:00:00,5.219047635484975,5.179639560864781,0.03940807462019347
2020-08-28 22:00:00,7.270574237214125,7.735137616474294,-0.4645633792601691
2020-08-28 23:00:00,5.433755395812491,5.913815110362301,-0.4800597145498102
2020-08-29 00:00:00,18.56351764739106,18.240038807849444,0.3234788395416146
2020-08-29 01:00:00,6.974159444104267,6.901657768071146,0.07250167603312097
2020-08-29 02:00:00,10.61219683686483,10.210919942483411,0.4012768943814198
2020-08-29 03:00:00,10.140083836442845,9.811445255193194,0.32863858124965084
2020-08-29 04:00:00,6.333392164064479,5.92749471479825,0.40589744926622906
2020-08-29 05:00:00,11.333760334050844,11.470304621388218,-0.13654428733737412
2020-08-29 06:00:00,11.76365144600521,11.545200154777499,0.21845129122771212
2020-08-29 07:00:00,6.127274796013554,5.971322751699707,0.1559520443138469
2020-08-29 08:00:00,6.432214631640109,6.079648538585871,0.35256609305423847
2020-08-29 09:00:00,6.941439782082421,7.431723218368921,-0.49028343628650006
2020-08-29 10:00:00,8.404937033744359,7.931558919420268,0.47337811432409094
2020-08-29 11:00:00,6.242219535328106,6.132487814850621,0.1097317204774848
2020-08-29 12:00:00,6.301163690809651,6.604229213396618,-0.30306552258696673
2020-08-29 13:00:00,7.877301080025506,7.353957750483055,0.5233433295424517
2020-08-29 14:00:00,7.4277201764066545,7.294448181958665,0.13327199444798943
2020-08-29 15:00:00,9.810889000224345,9.549712851309868,0.26117614891447616
2020-08-29 16:00:00,6.438176786355882,6.491141283144238,-0.052964496788355575
2020-08-29 17:00:00,12.382690620233776,12.508496903317335,-0.12580628308355912
2020-08-29 18:00:00,5.519463412720893,5.446325102152687,0.07313831056820597
2020-08-29 19:00:00,7.421674884322948,7.6347206416635975,-0.2130457573406499
2020-08-29 20:00:00,7.306410749593978,6.8132802935008865,0.49313045609309114
2020-08-29 21:00:00,5.911204781614692,5.9480150234997105,-0.03681024188501869
2020-08-29 22:00:00,5.009380131280075,5.181452503670226,-0.17207237239015072
2020-08-29 23:00:00,7.343304596871804,7.2736705808603785,0.06963401601142571
2020-08-30 00:00:00,5.756969220122378,5.592187693327386,0.16478152679499214
2020-08-30 01:00:00,6.102946573701983,6.113663529285148,-0.010716955583164989
2020-08-30 02:00:00,10.46131160898266,10.68931299702232,-0.22800138803965986
2020-08-30 03:00:00,4.570065693044249,5.007155282879235,-0.4370895898349856
2020-08-30 04:00:00,6.902181163633225,7.281687189198452,-0.3795060255652274
2020-08-30 05:00:00,7.608863193873692,6.140266998791126,1.468596195082566
2020-08-30 06:00:00,8.406001585818315,7.84623669678462,0.5597648890336941
2020-08-30 07:00:00,13.9995418554293,13.679835869923222,0.31970598550607754
2020-08-30 08:00:00,5.724738648369771,5.951515529203207,-0.2267768808334365
2020-08-30 09:00:00,34.33928364546379,34.024652401670885,0.31463124379290264
2020-08-30 10:00:00,13.60315010324154,13.508456285236731,0.09469381800480825
2020-08-30 11:00:00,21.047855705055664,21.051895321431285,-0.0040396163756213355
2020-08-30 12:00:00,18.723272465294457,18.39409093136698,0.3291815339274784
2020-08-30 13:00:00,14.872650077002668,15.24277809488168,-0.37012801787901317
2020-08-30 14:00:00,11.21834767366462,11.14305678141742,0.07529089224720131
2020-08-30 15:00:00,16.346975793464146,16.09041816457716,0.25655762888698774
2020-08-30 16:00:00,8.114513203954402,7.8292345785170925,0.28527862543730986
2020-08-30 17:00:00,7.773785280813747,7.951198115074847,-0.17741283426110055
2020-08-30 18:00:00,8.330416493356768,8.106122536454821,0.2242939569019473
2020-08-30 19:00:00,7.641613025807868,7.7264898580769605,-0.08487683226909226
2020-08-30 20:00:00,7.891107013246859,7.97176081737769,-0.08065380413083112
2020-08-30 21:00:00,11.490595177833994,11.906832072661713,-0.4162368948277191
2020-08-30 22:00:00,5.373950681800603,5.195111645424067,0.17883903637653642
2020-08-30 23:00:00,6.0639990452058985,6.234825693298668,-0.1708266480927696
2020-08-31 00:00:00,7.55823432888725,7.95283044976428,-0.3945961208770292
2020-08-31 01:00:00,6.445286178423175,6.387124068325905,0.058162110097270237
2020-08-31 02:00:00,6.381824676119494,6.255931227634885,0.12589344848460904
2020-08-31 03:00:00,7.512215750804396,7.168660084423407,0.3435556663809889
2020-08-31 04:00:00,8.001731277120005,7.774329553527625,0.2274017235923793
2020-08-31 05:00:00,6.780832765754374,6.6687280718078314,0.11210469394654243
2020-08-31 06:00:00,8.01003532227518,8.163062085231651,-0.15302676295647188
2020-08-31 07:00:00,13.373135785890694,13.381918032960437,-0.00878224706974251
2020-08-31 08:00:00,6.482150367520712,6.023793310873772,0.4583570566469408
2020-08-31 09:00:00,9.779639263354138,9.308493058819804,0.47114620453433353
2020-08-31 10:00:00,7.237400150386109,7.1442896155106,0.09311053487550858
2020-08-31 11:00:00,8.161456680993302,8.214428251866101,-0.052971570872799134
2020-08-31 12:00:00,7.092205150053093,7.359681930486853,-0.26747678043375966
2020-08-31 13:00:00,9.405479315972986,9.44296637170967,-0.03748705573668332
2020-08-31 14:00:00,6.885873020971554,7.016384298012947,-0.13051127704139276
2020-08-31 15:00:00,6.485101060585278,6.570796023695383,-0.08569496311010472
2020-08-31 16:00:00,7.502319277010592,7.257835545368928,0.24448373164166437
2020-08-31 17:00:00,6.451351499826559,6.230838911183408,0.2205125886431505
2020-08-31 18:00:00,6.961151857496396,6.635183159011099,0.32596869848529675
2020-08-31 19:00:00,8.341760757857864,8.20223043623967,0.139530321618194
2020-08-31 20:00:00,7.98867646920993,7.441442375422552,0.5472340937873783
2020-08-31 21:00:00,5.98339486569485,6.588196365472514,-0.6048014997776647
2020-08-31 22:00:00,11.9128762720592,11.87397639861918,0.03889987344002144
2020-08-31 23:00:00,13.62507184414156,13.39216156522505,0.23291027891650984
2020-09-01 00:00:00,7.56823551085073,6.568426320074596,0.9998091907761344
2020-09-01 01:00:00,7.595298489305837,7.144507461483288,0.4507910278225493
2020-09-01 02:00:00,7.172333189543473,7.137660086655634,0.03467310288783931
2020-09-01 03:00:00,6.071249833725373,6.454956590088934,-0.3837067563635612
2020-09-01 04:00:00,5.062079968279855,5.312885588162925,-0.25080561988306993
2020-09-01 05:00:00,6.493427786987736,6.252589303494241,0.24083848349349513
2020-09-01 06:00:00,15.335406798558989,15.446613294390913,-0.1112064958319241
2020-09-01 07:00:00,5.180613551928354,5.179523041587506,0.0010905103408473948
2020-09-01 08:00:00,16.12969094037098,16.123969111504923,0.0057218288660578764
2020-09-01 09:00:00,5.984701708283754,6.30558972329308,-0.3208880150093263
2020-09-01 10:00:00,5.405853628793947,5.0386984249346,0.3671552038593475
2020-09-01 11:00:00,12.273184078894134,12.42687416888819,-0.15369008999405587
2020-09-01 12:00:00,6.003173918077954,6.571225649834541,-0.5680517317565865
2020-09-01 13:00:00,16.582289899392574,17.115260458661446,-0.5329705592688718
2020-09-01 14:00:00,8.840312828742768,9.25118712170701,-0.4108742929642428
2020-09-01 15:00:00,6.526264594054362,6.615592155052478,-0.08932756099811545
2020-09-01 16:00:00,5.430001771645532,5.436702423371791,-0.00670065172625911
2020-09-01 17:00:00,6.867839427023847,6.468048447837386,0.3997909791864611
2020-09-01 18:00:00,6.101405513998728,6.316034081476138,-0.21462856747741021
2020-09-01 19:00:00,8.970209198392576,8.500568755593221,0.4696404427993546
2020-09-01 20:00:00,6.683072843331952,7.287427789112812,-0.6043549457808597
2020-09-01 21:00:00,7.8136267035702,7.943099435669019,-0.1294727320988196
2020-09-01 22:00:00,13.449398551834513,12.897159871695893,0.5522386801386201
2020-09-01 23:00:00,12.573587102531022,12.609982026854528,-0.03639492432350622
2020-09-02 00:00:00,12.864997593571305,12.617509141605616,0.24748845196568858
2020-09-02 01:00:00,12.927578653008773,13.015305218429654,-0.08772656542088164
2020-09-02 02:00:00,19.35774697454258,19.633922522808316,-0.2761755482657371
2020-09-02 03:00:00,11.947621374538612,12.068710766309096,-0.12108939177048406
2020-09-02 04:00:00,13.881289376749288,13.518215242671479,0.3630741340778094
2020-09-02 05:00:00,15.382073378288796,15.07542295227302,0.30665042601577674
2020-09-02 06:00:00,9.33035812740358,9.301493298934627,0.028864828468952552
2020-09-02 07:00:00,10.625050127727487,11.005341253947405,-0.3802911262199178
2020-09-02 08:00:00,14.962921347048814,15.12945866151077,-0.16653731446195508
2020-09-02 09:00:00,11.0487517425218,10.578499682672893,0.4702520598489066
2020-09-02 10:00:00,7.060246219433168,7.031434108497555,0.028812110935612978
2020-09-02 11:00:00,7.095312321884419,6.807975738108943,0.28733658377547666
2020-09-02 12:00:00,9.921443250270396,9.822406427995858,0.09903682227453814
2020-09-02 13:00:00,9.212188215803442,9.2773582635827,-0.06517004777925806
2020-09-02 14:00:00,7.442380104915666,7.196265865411988,0.2461142395036786
2020-09-02 15:00:00,9.537280519241223,9.654100049131989,-0.1168195298907655
2020-09-02 16:00:00,11.887238390148289,11.588988509564567,0.2982498805837217
2020-09-02 17:00:00,6.464865401382193,6.265816022544047,0.19904937883814622
2020-09-02 18:00:00,7.5942368991291325,7.687222425219654,-0.09298552609052191
2020-09-02 19:00:00,11.267296652980589,11.129778414194151,0.13751823878643776
2020-09-02 20:00:00,7.73359273710226,8.010557085246148,-0.2769643481438884
2020-09-02 21:00:00,5.402143601823475,5.254404591585008,0.14773901023846747
2020-09-02 22:00:00,8.83094303596281,8.490040653426597,0.3409023825362123
2020-09-02 23:00:00,7.391162319395588,6.145315783047099,1.2458465363484885
2020-09-03 00:00:00,7.662432606446426,7.966692034953508,-0.30425942850708143
2020-09-03 01:00:00,6.442227248289986,6.745810287115571,-0.3035830388255851
2020-09-03 02:00:00,6.941654405541085,7.67648094801369,-0.7348265424726055
2020-09-03 03:00:00,5.554914507061469,5.9132962862393175,-0.3583817791778481
2020-09-03 04:00:00,11.903400681949895,11.781900814750259,0.12149986719963657
2020-09-03 05:00:00,7.259995241075293,6.990236133040424,0.2697591080348687
2020-09-03 06:00:00,11.871077834742756,11.786442745134597,0.08463508960815957
2020-09-03 07:00:00,6.210159854254911,6.09282054808914,0.11733930616577126
2020-09-03 08:00:00,7.000608699425322,6.667243779676383,0.3333649197489388
2020-09-03 09:00:00,26.315520468247435,25.851253871412755,0.46426659683467975
2020-09-03 10:00:00,10.259771025380076,10.16849064315191,0.09128038222816492
2020-09-03 11:00:00,5.999537226034526,5.702532331608682,0.29700489442584477
2020-09-03 12:00:00,7.864984480271188,7.6476228528840275,0.21736162738716036
2020-09-03 13:00:00,5.394337106108715,5.520021312485231,-0.12568420637651645
2020-09-03 14:00:00,5.129416100037436,5.279386207602883,-0.14997010756544693
2020-09-03 15:00:00,6.059907828886867,6.488565384830132,-0.42865755594326505
2020-09-03 16:00:00,5.812067942848809,5.463691800076569,0.3483761427722394
2020-09-03 17:00:00,10.251072707022514,10.51915686525938,-0.2680841582368654
2020-09-03 18:00:00,5.920464254165697,5.991154551015709,-0.07069029685001205
2020-09-03 19:00:00,14.84025559849441,14.713166520789656,0.12708907770475442
2020-09-03 20:00:00,9.137363528779732,9.497127131742738,-0.3597636029630067
2020-09-03 21:00:00,14.252980582458568,14.037606131087715,0.21537445137085243
2020-09-03 22:00:00,7.504679661295913,7.681652818380307,-0.17697315708439465
2020-09-03 23:00:00,6.886227613812034,7.091325652891425,-0.20509803907939084
2020-09-04 00:00:00,6.309044463957053,6.733649082330474,-0.42460461837342045
2020-09-04 01:00:00,7.274393717401288,7.02719595236406,0.24719776503722724
2020-09-04 02:00:00,10.020074849836748,9.906251181511434,0.11382366832531332
2020-09-04 03:00:00,7.988080034788658,7.775604102763222,0.2124759320254359
2020-09-04 04:00:00,12.683691917338312,12.981642171309083,-0.2979502539707717
2020-09-04 05:00:00,5.504166399736953,6.089827680155808,-0.5856612804188543
2020-09-04 06:00:00,5.725906288424794,5.3505567498402495,0.3753495385845449
2020-09-04 07:00:00,15.478168021246615,15.574618335115087,-0.09645031386847158
2020-09-04 08:00:00,5.786011887025898,5.562904651169895,0.2231072358560029
2020-09-04 09:00:00,7.214636086545119,7.270482956259011,-0.055846869713891856
2020-09-04 10:00:00,7.767058825436593,7.403544680420782,0.36351414501581125
2020-09-04 11:00:00,8.115905098738144,8.120877787853047,-0.004972689114902451
2020-09-04 12:00:00,5.156750533880487,5.913212838008271,-0.7564623041277843
2020-09-04 13:00:00,5.919686638607586,6.157365268870556,-0.23767863026296965
2020-09-04 14:00:00,5.644025004243852,6.11115702122003,-0.4671320169761781
2020-09-04 15:00:00,6.256877089331063,5.841655650596388,0.4152214387346751
2020-09-04 16:00:00,6.475609598885561,7.425252313095918,-0.9496427142103565
2020-09-04 17:00:00,5.91000798144604,6.26650080647908,-0.3564928250330395
2020-09-04 18:00:00,3.860360106756697,4.263416524915312,-0.4030564181586156
2020-09-04 19:00:00,5.3404156994341445,5.514368179947694,-0.17395248051354972
2020-09-04 20:00:00,11.935168363332153,11.646736758624279,0.2884316047078741
2020-09-04 21:00:00,14.20840094891228,14.02824450401787,0.18015644489440952
2020-09-04 22:00:00,5.544585799772788,5.445346963454472,0.09923883631831654
2020-09-04 23:00:00,6.981041350548059,6.635550076590791,0.3454912739572684
2020-09-05 00:00:00,13.881257213656356,14.14934650015738,-0.2680892865010236
2020-09-05 01:00:00,6.91226460970374,6.833536242445691,0.07872836725804966
2020-09-05 02:00:00,6.352504627579777,6.323943831715234,0.028560795864542854
2020-09-05 03:00:00,6.282337317514629,6.213522269872947,0.06881504764168156
2020-09-05 04:00:00,6.569001356636048,6.542234008088392,0.026767348547656056
2020-09-05 05:00:00,7.695673755483554,7.886252747413876,-0.19057899193032224
2020-09-05 06:00:00,9.057303701773826,8.528908075797263,0.5283956259765628
2020-09-05 07:00:00,7.300388573065925,6.717132197057521,0.5832563760084044
2020-09-05 08:00:00,6.769010948891222,6.449867605500065,0.3191433433911568
2020-09-05 09:00:00,5.474190023037864,5.263989959791646,0.21020006324621843
2020-09-05 10:00:00,5.612077489765489,5.9476740202517755,-0.3355965304862867
2020-09-05 11:00:00,9.411300974268237,9.313062911979705,0.09823806228853194
2020-09-05 12:00:00,6.710501879830749,6.97514826929937,-0.26464638946862085
2020-09-05 13:00:00,4.954994505928425,5.187736749850423,-0.23274224392199816
2020-09-05 14:00:00,8.636459260514616,8.20356420921057,0.4328950513040457
2020-09-05 15:00:00,5.199869088285653,5.7987170601378795,-0.5988479718522264
2020-09-05 16:00:00,6.407745006495567,6.488400294512825,-0.08065528801725819
2020-09-05 17:00:00,14.382530157254669,14.076632821886989,0.30589733536768016
2020-09-05 18:00:00,19.44739160712261,19.319854263104116,0.1275373440184957
2020-09-05 19:00:00,13.888404665778491,13.80089866309012,0.08750600268837161
2020-09-05 20:00:00,12.297174371931195,11.953615059549541,0.3435593123816538
2020-09-05 21:00:00,11.311521888597747,11.524706490913678,-0.2131846023159305
2020-09-05 22:00:00,11.147489177836858,10.32636110996541,0.8211280678714488
2020-09-05 23:00:00,12.112696230745431,11.774341422145005,0.33835480860042644
2020-09-06 00:00:00,16.945406153646946,16.937856907506703,0.007549246140243326
2020-09-06 01:00:00,7.33246552576577,7.444063407250537,-0.11159788148476757
2020-09-06 02:00:00,13.201315487802942,13.955056541464252,-0.7537410536613098
2020-09-06 03:00:00,6.630138512442141,6.586496732518543,0.043641779923597745
2020-09-06 04:00:00,7.95845687717958,8.293989913126284,-0.33553303594670414
2020-09-06 05:00:00,7.683834541577484,7.29315585904364,0.39067868253384397
2020-09-06 06:00:00,5.914697774587193,5.87789073015911,0.036807044428083024
2020-09-06 07:00:00,8.398190841091134,8.211873127291712,0.18631771379942208
2020-09-06 08:00:00,6.588935073784279,6.382875011288266,0.2060600624960136
2020-09-06 09:00:00,6.505475935344447,6.547607306797366,-0.04213137145291945
2020-09-06 10:00:00,5.05137142439175,5.225760279263574,-0.17438885487182443
2020-09-06 11:00:00,5.511277059107613,5.475055223812475,0.03622183529513823
2020-09-06 12:00:00,13.6194163164769,13.651475132405315,-0.032058815928413864
2020-09-06 13:00:00,4.390094783151503,4.025889108643834,0.3642056745076694
2020-09-06 14:00:00,6.541463466092595,6.805788117716239,-0.26432465162364416
2020-09-06 15:00:00,8.014442886832047,8.07226264142685,-0.05781975459480293
2020-09-06 16:00:00,6.276754231911518,5.419512052944884,0.8572421789666338
2020-09-06 17:00:00,7.234283752287557,7.5005386011182855,-0.26625484883072836
2020-09-06 18:00:00,9.863700488134482,9.76353856743926,0.10016192069522134
2020-09-06 19:00:00,5.56941451536624,5.421016430612936,0.14839808475330418
2020-09-06 20:00:00,6.125321242350266,6.46504292000323,-0.3397216776529648
2020-09-06 21:00:00,11.547012953705837,11.518971068350753,0.02804188535508345
2020-09-06 22:00:00,7.62614259334511,7.119015739561464,0.507126853783646
2020-09-06 23:00:00,3.080725654701052,3.323479644418702,-0.2427539897176496
2020-09-07 00:00:00,7.658152398790103,7.705037860436836,-0.046885461646733795
2020-09-07 01:00:00,10.386434243944416,10.408995918077803,-0.022561674133386944
2020-09-07 02:00:00,13.054668005872552,12.298149846988302,0.7565181588842496
2020-09-07 03:00:00,7.360255829352595,7.32475707212234,0.035498757230254974
2020-09-07 04:00:00,5.967482687515851,5.931262676744347,0.03622001077150383
2020-09-07 05:00:00,6.347354905749297,6.654444167707153,-0.3070892619578558
2020-09-07 06:00:00,6.533392295115318,6.304861782421862,0.2285305126934558
2020-09-07 07:00:00,7.22539019785736,7.064327822578354,0.16106237527900547
2020-09-07 08:00:00,4.134692459201871,4.260906273098754,-0.12621381389688313
2020-09-07 09:00:00,5.162724823507237,5.542093335906721,-0.3793685123994832
2020-09-07 10:00:00,5.866592823821032,6.073539057934843,-0.2069462341138113
2020-09-07 11:00:00,12.242218497683806,12.49438374403119,-0.25216524634738313
2020-09-07 12:00:00,7.583410713849717,7.3778558443426,0.2055548695071172
2020-09-07 13:00:00,6.818350510402283,6.988319744497006,-0.1699692340947232
2020-09-07 14:00:00,5.393100859072788,5.563083868541718,-0.16998300946893075
2020-09-07 15:00:00,8.067231250816985,8.067842100890216,-0.0006108500732313615
2020-09-07 16:00:00,7.3133593456370685,7.00060882790796,0.3127505177291088
2020-09-07 17:00:00,5.138785185530849,5.233431561359719,-0.09464637582887026
2020-09-07 18:00:00,5.876977089571149,6.218914469356193,-0.341937379785044
2020-09-07 19:00:00,4.967634069954699,5.320975078607478,-0.3533410086527784
2020-09-07 20:00:00,11.676689697526877,11.801595647129915,-0.12490594960303802
2020-09-07 21:00:00,8.69501872016287,8.816203113931133,-0.12118439376826196
2020-09-07 22:00:00,8.508634135831873,8.147289713033672,0.3613444227982008
2020-09-07 23:00:00,5.527801769426622,5.3991691247522455,0.12863264467437663
2020-09-08 00:00:00,11.614676135285707,12.032618843490084,-0.41794270820437696
2020-09-08 01:00:00,6.374837696723214,6.408209022330245,-0.03337132560703093
2020-09-08 02:00:00,4.988907584321903,5.309248795284152,-0.32034121096224855
2020-09-08 03:00:00,11.558978336197033,11.595191977558436,-0.03621364136140315
2020-09-08 04:00:00,6.675144412772247,6.528493244105714,0.1466511686665326
2020-09-08 05:00:00,5.06094900919129,5.200712997974501,-0.13976398878321028
2020-09-08 06:00:00,19.21653692097395,19.25961993111327,-0.04308301013931981
2020-09-08 07:00:00,5.525953692643685,5.857232010944298,-0.3312783183006127
2020-09-08 08:00:00,6.093575936663144,6.185657491128309,-0.09208155446516475
2020-09-08 09:00:00,7.436798081285902,7.540425915448196,-0.10362783416229426
2020-09-08 10:00:00,11.901275103088697,11.77768719180654,0.12358791128215607
2020-09-08 11:00:00,9.834770352122364,9.658208340760572,0.17656201136179206
2020-09-08 12:00:00,7.754106506147306,7.776740912877409,-0.022634406730103862
2020-09-08 13:00:00,6.537840504652768,7.041200801480306,-0.5033602968275384
2020-09-08 14:00:00,8.26980374708143,7.925488834831031,0.34431491225039856
2020-09-08 15:00:00,19.13093696048268,19.10064417843441,0.03029278204826724
2020-09-08 16:00:00,5.872018838842983,6.800751557761178,-0.9287327189181944
2020-09-08 17:00:00,7.684055115331353,7.731265729568218,-0.04721061423686468
2020-09-08 18:00:00,5.892607716416128,5.578957086254655,0.3136506301614732
2020-09-08 19:00:00,6.078471331310271,6.209805740251531,-0.13133440894126025
2020-09-08 20:00:00,35.39339376517909,35.188598649159246,0.20479511601984512
2020-09-08 21:00:00,6.243325096081195,5.792832159407643,0.4504929366735517
2020-09-08 22:00:00,6.687917216381216,6.792683923881995,-0.10476670750077943
2020-09-08 23:00:00,10.615099873559307,10.541998055404132,0.07310181815517502
2020-09-09 00:00:00,11.789623275458249,11.662644904978913,0.12697837047933547
2020-09-09 01:00:00,4.026304210632516,4.380119787116374,-0.353815576483858
2020-09-09 02:00:00,6.425126390111587,6.125508230364673,0.2996181597469141
2020-09-09 03:00:00,11.51310041729467,10.95701971743712,0.5560806998575494
2020-09-09 04:00:00,13.188555787192328,13.23816840346778,-0.04961261627545177
2020-09-09 05:00:00,7.480544455721842,7.433440334950441,0.047104120771400915
2020-09-09 06:00:00,7.735244310876765,7.605149252398486,0.13009505847827896
2020-09-09 07:00:00,4.793823186759985,5.226305406196367,-0.4324822194363822
2020-09-09 08:00:00,6.977814605387446,7.0997221477308,-0.12190754234335355
2020-09-09 09:00:00,13.1418863941247,13.100651543662464,0.04123485046223685
2020-09-09 10:00:00,9.11152289918933,8.53972833885726,0.5717945603320693
2020-09-09 11:00:00,7.326549667946859,7.070334332291017,0.25621533565584187
2020-09-09 12:00:00,6.839525929053414,6.390371071188251,0.44915485786516296
2020-09-09 13:00:00,5.017069677819023,5.356206921273495,-0.3391372434544717
2020-09-09 14:00:00,7.927668662154828,8.077650684746258,-0.14998202259143056
2020-09-09 15:00:00,4.829184358136627,4.852144344394042,-0.022959986257415466
2020-09-09 16:00:00,9.435725617658855,9.004822595776368,0.43090302188248764
2020-09-09 17:00:00,25.40285114501604,25.353218154491486,0.04963299052455383
2020-09-09 18:00:00,18.62385709072381,19.01836745713371,-0.3945103664099001
2020-09-09 19:00:00,21.078079485730537,21.27786428562641,-0.19978479989587328
2020-09-09 20:00:00,11.276221004574966,10.974464862604783,0.3017561419701824
2020-09-09 21:00:00,14.376890656685967,14.470088488758396,-0.09319783207242871
2020-09-09 22:00:00,9.044870763035828,9.677969123878585,-0.633098360842757
2020-09-09 23:00:00,10.118388020435544,10.122916155778139,-0.0045281353425945525
2020-09-10 00:00:00,10.904819796903164,10.963771882278516,-0.05895208537535268
2020-09-10 01:00:00,12.25368644698597,12.490193715513024,-0.2365072685270544
2020-09-10 02:00:00,8.691668067110886,9.033986077344894,-0.342318010234008
2020-09-10 03:00:00,14.989354084012737,14.842616503294828,0.1467375807179092
2020-09-10 04:00:00,6.4774393995067285,6.219933772986791,0.25750562651993736
2020-09-10 05:00:00,6.673141261671488,6.472178244268805,0.20096301740268352
2020-09-10 06:00:00,10.366720008710214,10.244343925883237,0.12237608282697643
2020-09-10 07:00:00,16.269966183012386,16.258934321804986,0.01103186120739963
2020-09-10 08:00:00,5.783651710535812,6.191788968454827,-0.408137257919015
2020-09-10 09:00:00,5.693142965475628,6.115721776558896,-0.4225788110832678
2020-09-10 10:00:00,5.685758294945216,5.548805954521258,0.13695234042395743
2020-09-10 11:00:00,12.61309922185386,12.961422868525966,-0.3483236466721067
2020-09-10 12:00:00,30.250926450984483,30.45386930695455,-0.20294285597006834
2020-09-10 13:00:00,22.09163358765401,22.364748477550343,-0.27311488989633403
2020-09-10 14:00:00,11.046275892301674,11.037809265359378,0.008466626942295719
2020-09-10 15:00:00,12.94580718638211,12.6232683974964,0.3225387888857103
2020-09-10 16:00:00,11.523069108965972,11.77834335470026,-0.25527424573428803
2020-09-10 17:00:00,12.068692032631953,11.722644310257275,0.34604772237467785
2020-09-10 18:00:00,9.986683417188484,9.871008431824844,0.11567498536363985
2020-09-10 19:00:00,12.40731086152078,12.152253548497303,0.2550573130234781
2020-09-10 20:00:00,6.890845768425968,6.667773425392339,0.22307234303362922
2020-09-10 21:00:00,9.05692179225851,9.256998778013065,-0.20007698575455457
2020-09-10 22:00:00,10.19619275296748,10.171430650244831,0.024762102722649004
2020-09-10 23:00:00,6.107739521657022,6.3116525086712985,-0.2039129870142764
2020-09-11 00:00:00,5.780244447503997,5.990991012677607,-0.21074656517360957
2020-09-11 01:00:00,8.77253999243519,8.260864166844245,0.5116758255909453
2020-09-11 02:00:00,7.392016164078889,7.380063812113026,0.01195235196586264
2020-09-11 03:00:00,15.184631992367686,15.076125795461525,0.10850619690616092
2020-09-11 04:00:00,6.798638753948884,6.414053742812999,0.3845850111358855
2020-09-11 05:00:00,5.365506575521863,5.610596569130533,-0.24508999360867012
2020-09-11 06:00:00,5.53239410234121,5.697808526692953,-0.16541442435174236
2020-09-11 07:00:00,5.219812418215215,5.378794334524603,-0.15898191630938818
2020-09-11 08:00:00,6.813296640251924,6.786614247305279,0.026682392946645095
2020-09-11 09:00:00,5.694291890237223,5.351427903485849,0.3428639867513743
2020-09-11 10:00:00,5.488049120207588,5.730500501253999,-0.24245138104641129
2020-09-11 11:00:00,6.469247680002174,5.929144542784407,0.5401031372177671
2020-09-11 12:00:00,5.665246185067268,5.458755974928049,0.20649021013921853
2020-09-11 13:00:00,6.383611450274094,6.80903904079731,-0.4254275905232161
2020-09-11 14:00:00,4.448380850632579,4.677221208779099,-0.22884035814652037
2020-09-11 15:00:00,11.037336509111212,11.157667912268069,-0.12033140315685742
2020-09-11 16:00:00,5.201700371568244,5.6823432937725835,-0.48064292220433913
2020-09-11 17:00:00,6.591831674017588,6.402181164101344,0.18965050991624466
2020-09-11 18:00:00,6.289625124436424,5.902676359022863,0.38694876541356127
2020-09-11 19:00:00,13.134861872723157,13.18471887560743,-0.04985700288427353
2020-09-11 20:00:00,6.771020229377624,6.729217447173846,0.041802782203777866
2020-09-11 21:00:00,4.993530165328626,5.521778826298383,-0.5282486609697568
2020-09-11 22:00:00,10.870053568319586,10.561009968289634,0.3090436000299519
2020-09-11 23:00:00,5.956824603503092,5.788863990207003,0.16796061329608936
2020-09-12 00:00:00,28.560597669522352,28.902962898832502,-0.34236522931015045
2020-09-12 01:00:00,13.29876570018403,13.308021110111271,-0.009255409927241942
2020-09-12 02:00:00,12.039501335854306,12.205437338167108,-0.1659360023128027
2020-09-12 03:00:00,9.633282520404924,9.586307295730652,0.04697522467427184
2020-09-12 04:00:00,9.300577419890336,8.966736668223946,0.33384075166638993
2020-09-12 05:00:00,11.40396600542077,11.15675610430675,0.24720990111402052
2020-09-12 06:00:00,14.195089576631869,14.383605129072041,-0.18851555244017248
2020-09-12 07:00:00,16.330855947107644,16.270121294797665,0.06073465230997854
2020-09-12 08:00:00,8.426630355991819,8.77216106843568,-0.34553071244386224
2020-09-12 09:00:00,5.146835907805239,5.225276103434943,-0.07844019562970406
2020-09-12 10:00:00,10.458894762719307,10.487614588070594,-0.028719825351286588
2020-09-12 11:00:00,7.243783808605364,7.519858019289193,-0.276074210683829
2020-09-12 12:00:00,12.667801193646437,12.580761297590634,0.08703989605580276
2020-09-12 13:00:00,6.169642031526678,6.12166106613678,0.04798096538989771
2020-09-12 14:00:00,5.874492752205117,5.828076652515325,0.04641609968979221
2020-09-12 15:00:00,6.7848529490022464,7.179481274858416,-0.3946283258561696
2020-09-12 16:00:00,6.927182764899538,6.436070291404837,0.49111247349470055
2020-09-12 17:00:00,13.885441883299087,13.381982303303097,0.5034595799959902
2020-09-12 18:00:00,6.5652041428392245,6.980616410731998,-0.41541226789277363
2020-09-12 19:00:00,9.046250719149908,9.036007445835656,0.010243273314252122
2020-09-12 20:00:00,6.576057391417155,6.749897692221181,-0.17384030080402546
2020-09-12 21:00:00,5.339700206307234,5.46994676572237,-0.13024655941513608
2020-09-12 22:00:00,7.322984098275648,7.223198675538437,0.09978542273721125
2020-09-12 23:00:00,5.8877255308682805,5.961639455227214,-0.07391392435893351
2020-09-13 00:00:00,6.6628332515697934,6.35183400734594,0.3109992442238534
2020-09-13 01:00:00,7.171501581242109,7.312675372707706,-0.14117379146559728
2020-09-13 02:00:00,4.545373068475005,4.559382935981615,-0.014009867506610263
2020-09-13 03:00:00,12.646157059848806,12.175943721709066,0.47021333813973953
2020-09-13 04:00:00,4.07349741536948,4.257755713982321,-0.18425829861284093
2020-09-13 05:00:00,5.437187039481862,5.267437207882129,0.16974983159973256
2020-09-13 06:00:00,6.752583857443032,7.394060137690948,-0.6414762802479164
2020-09-13 07:00:00,4.146609473654978,4.157288496305633,-0.010679022650655234
2020-09-13 08:00:00,7.660016341532556,7.052505468712099,0.6075108728204563
2020-09-13 09:00:00,6.6627336101635,7.008655196761455,-0.3459215865979548
2020-09-13 10:00:00,16.45922428834654,16.741467349669062,-0.2822430613225215
2020-09-13 11:00:00,7.559625135727523,7.738821361695809,-0.179196225968286
2020-09-13 12:00:00,7.61690785719094,7.298999330276242,0.31790852691469773
2020-09-13 13:00:00,8.09498239407655,8.049490196477672,0.0454921975988789
2020-09-13 14:00:00,5.838308245359043,5.577842836686784,0.26046540867225865
2020-09-13 15:00:00,15.3089697207196,15.194972018754488,0.11399770196511305
2020-09-13 16:00:00,6.066707306927015,6.293603696229799,-0.22689638930278377
2020-09-13 17:00:00,6.063476915385088,5.568536708422958,0.4949402069621307
2020-09-13 18:00:00,4.45360572106421,4.458152164774688,-0.0045464437104785205
2020-09-13 19:00:00,3.2055676459635376,3.21955596019012,-0.013988314226582421
2020-09-13 20:00:00,5.107799546137043,5.436626636727605,-0.32882709059056214
2020-09-13 21:00:00,7.241482122896937,7.455727183372954,-0.2142450604760171
2020-09-13 22:00:00,7.64024181613201,7.062376044314989,0.5778657718170201
2020-09-13 23:00:00,5.483317960259946,5.576937945447656,-0.09361998518771042
2020-09-14 00:00:00,4.4423540832099775,4.2008319641557685,0.24152211905420895
2020-09-14 01:00:00,9.170268292932954,9.080934644459958,0.08933364847299607
2020-09-14 02:00:00,5.866163935941689,5.682821588157654,0.18334234778403502
2020-09-14 03:00:00,3.5962998770996704,4.374928930664647,-0.7786290535649769
2020-09-14 04:00:00,6.758009888443677,6.906000323981868,-0.14799043553819047
2020-09-14 05:00:00,6.245795056643883,6.3854862305093105,-0.13969117386542784
2020-09-14 06:00:00,6.762777919288381,6.269863453157233,0.49291446613114864
2020-09-14 07:00:00,5.404709767876511,5.810959134371432,-0.4062493664949205
2020-09-14 08:00:00,12.960297277107252,13.319786169258476,-0.3594888921512247
2020-09-14 09:00:00,7.006958230168776,6.894534533319405,0.11242369684937081
2020-09-14 10:00:00,6.69979082670231,6.297400308659291,0.4023905180430196
2020-09-14 11:00:00,6.221420124337934,6.092437228876525,0.12898289546140873
2020-09-14 12:00:00,6.31224105962044,6.299827434104912,0.012413625515528715
2020-09-14 13:00:00,3.9588906938734287,4.22721484501016,-0.2683241511367309
2020-09-14 14:00:00,4.385903549844887,4.429231387300755,-0.04332783745586788
2020-09-14 15:00:00,5.829338660423531,5.9900186647442615,-0.1606800043207306
2020-09-14 16:00:00,4.474996988878093,4.644874873176075,-0.169877884297982
2020-09-14 17:00:00,7.536088381678063,7.331923625789142,0.2041647558889208
2020-09-14 18:00:00,27.04457325471363,26.991341148734783,0.05323210597884653
2020-09-14 19:00:00,31.108207454564997,31.17875416688705,-0.07054671232205223
2020-09-14 20:00:00,11.328535886137022,11.184230727911268,0.14430515822575352
2020-09-14 21:00:00,26.074468636197707,25.7289680163753,0.3455006198224062
2020-09-14 22:00:00,9.889123176052236,9.809994169534367,0.07912900651786892
2020-09-14 23:00:00,12.488125991168047,12.888684727396232,-0.4005587362281844
2020-09-15 00:00:00,10.29354006445278,10.367954478798618,-0.07441441434583851
2020-09-15 01:00:00,4.336346947196601,4.049124806057018,0.28722214113958255
2020-09-15 02:00:00,8.32169561065628,8.357734273742539,-0.03603866308625925
2020-09-15 03:00:00,5.467402392868656,5.366275508288934,0.1011268845797213
2020-09-15 04:00:00,5.136094771178658,5.255553296165516,-0.11945852498685827
2020-09-15 05:00:00,3.5748337864297914,4.086089046284076,-0.511255259854285
2020-09-15 06:00:00,3.993986746176268,3.983398338783328,0.010588407392940091
2020-09-15 07:00:00,6.538886749030032,6.424662571179625,0.1142241778504074
2020-09-15 08:00:00,4.265448366434209,4.745118083496743,-0.47966971706253325
2020-09-15 09:00:00,22.749447034934654,22.625839053277318,0.12360798165733655
2020-09-15 10:00:00,5.820718525972285,5.656906956786136,0.1638115691861488
2020-09-15 11:00:00,10.497509428938995,10.528147620223601,-0.030638191284605654
2020-09-15 12:00:00,9.489197538455128,10.135461658635492,-0.6462641201803638
2020-09-15 13:00:00,6.504646165640247,6.677016389762006,-0.17237022412175929
2020-09-15 14:00:00,34.84874967522032,35.115932258051316,-0.2671825828309977
2020-09-15 15:00:00,6.708907458920974,6.7954025093263075,-0.08649505040533345
2020-09-15 16:00:00,9.033802462358988,9.266311620976673,-0.23250915861768462
2020-09-15 17:00:00,5.976054397709367,5.764978079240471,0.21107631846889596
2020-09-15 18:00:00,15.092679652826169,14.80130638654521,0.2913732662809583
2020-09-15 19:00:00,4.725526609071603,5.035808079088329,-0.3102814700167258
2020-09-15 20:00:00,17.508015608671492,17.164570616146438,0.343444992525054
2020-09-15 21:00:00,7.305218131804228,7.1991536177761715,0.1060645140280565
2020-09-15 22:00:00,3.460221008439468,3.6957869729511033,-0.23556596451163525
2020-09-15 23:00:00,6.243987419898392,6.120614809355117,0.12337261054327531
2020-09-16 00:00:00,4.089557948173462,4.152358255307387,-0.06280030713392559
2020-09-16 01:00:00,7.887175659348269,8.174313949040794,-0.28713828969252475
2020-09-16 02:00:00,8.736445569037372,8.930934851810145,-0.1944892827727731
2020-09-16 03:00:00,5.012741155310359,4.116975504350886,0.8957656509594729
2020-09-16 04:00:00,9.026484897325322,8.780817597599716,0.2456672997256053
2020-09-16 05:00:00,16.99646970054425,16.712311730365908,0.28415797017834166
2020-09-16 06:00:00,4.706938781393927,4.97001650275438,-0.26307772136045227
2020-09-16 07:00:00,6.02890703678538,5.983718336497139,0.04518870028824118
2020-09-16 08:00:00,5.161699068197829,5.210233864801557,-0.04853479660372795
2020-09-16 09:00:00,5.955951836816042,5.62646825273829,0.32948358407775213
2020-09-16 10:00:00,20.984308781989597,20.97110243022855,0.013206351761045454
2020-09-16 11:00:00,8.039315842528541,7.752861310342519,0.28645453218602235
2020-09-16 12:00:00,7.100599888303459,7.109553236033231,-0.008953347729772076
2020-09-16 13:00:00,15.136834752235297,15.002378420006487,0.13445633222880993
2020-09-16 14:00:00,5.797523242455609,5.9261317257371156,-0.1286084832815062
2020-09-16 15:00:00,4.030480887731473,3.8830831675179347,0.14739772021353836
2020-09-16 16:00:00,4.971829755966029,5.4305865812753185,-0.4587568253092895
2020-09-16 17:00:00,6.285428833075384,6.24021437591692,0.045214457158464505
2020-09-16 18:00:00,5.972175575229048,5.997436172294541,-0.02526059706549244
2020-09-16 19:00:00,9.304055029564193,8.317194216393842,0.9868608131703507
2020-09-16 20:00:00,5.8373792425541975,5.630381355698336,0.20699788685586107
2020-09-16 21:00:00,6.154526492714477,6.14614906965092,0.008377423063556932
2020-09-16 22:00:00,3.600826862534784,3.8013740669612557,-0.20054720442647156
2020-09-16 23:00:00,5.196453764199498,5.752165582866824,-0.5557118186673256
2020-09-17 00:00:00,11.531923811208058,11.481730883483001,0.05019292772505679
2020-09-17 01:00:00,13.622584373634314,14.133577202083176,-0.5109928284488614
2020-09-17 02:00:00,8.727049880726879,8.346454842235572,0.3805950384913075
2020-09-17 03:00:00,4.831883281631516,4.918154052615464,-0.08627077098394853
2020-09-17 04:00:00,3.81399379453549,4.063879251280326,-0.24988545674483653
2020-09-17 05:00:00,5.717692703270249,5.457779552426555,0.25991315084369404
2020-09-17 06:00:00,11.646287903235166,11.625902313395223,0.020385589839943208
2020-09-17 07:00:00,16.92162807334337,17.0034942248571,-0.08186615151372933
2020-09-17 08:00:00,3.4874122281995823,3.6698722538485082,-0.18246002564892594
2020-09-17 09:00:00,3.633209945976276,3.8082880018638097,-0.17507805588753378
2020-09-17 10:00:00,8.416350025509859,7.315598800500618,1.1007512250092404
2020-09-17 11:00:00,6.782038508965523,6.392715395867617,0.38932311309790624
2020-09-17 12:00:00,4.423266634291809,4.810930132134773,-0.38766349784296406
2020-09-17 13:00:00,6.091910901392849,5.718420094253967,0.3734908071388814
2020-09-17 14:00:00,5.93794647390247,5.630361643067077,0.3075848308353937
2020-09-17 15:00:00,15.497375471316566,15.073109905177816,0.4242655661387502
2020-09-17 16:00:00,8.73262876857424,9.030682648210261,-0.29805387963602037
2020-09-17 17:00:00,4.228793650150449,3.64148034034813,0.5873133098023184
2020-09-17 18:00:00,2.360072395986513,2.6212377884445197,-0.26116539245800663
2020-09-17 19:00:00,3.6289294655743287,3.9202885160086183,-0.29135905043428956
2020-09-17 20:00:00,31.13802147718697,31.218066428561684,-0.08004495137471324
2020-09-17 21:00:00,13.410686331992808,12.560771153708622,0.8499151782841867
2020-09-17 22:00:00,27.091975899207984,26.293958425728736,0.7980174734792485
2020-09-17 23:00:00,13.224183632804117,12.955047338507136,0.26913629429698105
2020-09-18 00:00:00,9.66835194222166,9.726445685652703,-0.058093743431042455
2020-09-18 01:00:00,11.258014400115725,11.293944065765299,-0.035929665649574005
2020-09-18 02:00:00,14.003621488364558,14.321052256931495,-0.3174307685669362
2020-09-18 03:00:00,11.755295251433765,11.603409781748963,0.15188546968480132
2020-09-18 04:00:00,8.147115981072306,7.93426348852051,0.2128524925517956
2020-09-18 05:00:00,7.571558534359942,7.323672288239021,0.24788624612092036
2020-09-18 06:00:00,7.344843188112933,7.463876474795951,-0.11903328668301771
2020-09-18 07:00:00,10.815749943595169,10.998179289221868,-0.18242934562669966
2020-09-18 08:00:00,7.644391192966343,7.828893151374008,-0.18450195840766526
2020-09-18 09:00:00,8.95217553629716,8.62805882230626,0.32411671399090025
2020-09-18 10:00:00,6.158126638002859,5.660553156335231,0.4975734816676276
2020-09-18 11:00:00,8.399365952387797,8.373633985612656,0.025731966775140336
2020-09-18 12:00:00,10.607651920380617,10.808599629627343,-0.20094770924672645
2020-09-18 13:00:00,19.386112205897447,19.86900265220838,-0.4828904463109325
2020-09-18 14:00:00,6.098862798222399,6.208361584368316,-0.10949878614591757
2020-09-18 15:00:00,5.406562492221607,5.919954898831102,-0.513392406609495
2020-09-18 16:00:00,3.0187604597087296,3.3117802934592095,-0.2930198337504799
2020-09-18 17:00:00,6.700404353687231,6.674293331022875,0.026111022664355943
2020-09-18 18:00:00,6.582094354794344,6.438936195299228,0.14315815949511546
2020-09-18 19:00:00,12.565782334323044,12.588105164553511,-0.02232283023046655
2020-09-18 20:00:00,5.8807883869263735,6.400173976786572,-0.5193855898601987
2020-09-18 21:00:00,7.051363874216789,6.956374253253251,0.09498962096353836
2020-09-18 22:00:00,6.879769244729921,6.87976260067937,6.644050551507519e-06
2020-09-18 23:00:00,35.970246631516424,35.62180770577754,0.3484389257388827
2020-09-19 00:00:00,6.040682045389006,5.894940054365537,0.14574199102346874
2020-09-19 01:00:00,13.095703314439172,12.862242584851286,0.2334607295878861
2020-09-19 02:00:00,6.137081168183287,5.101685844753248,1.0353953234300395
2020-09-19 03:00:00,4.6823151600513135,4.858288507067636,-0.17597334701632228
2020-09-19 04:00:00,7.020628144201071,7.577373620966766,-0.5567454767656947
2020-09-19 05:00:00,5.558963592154844,5.495019125999367,0.06394446615547711
2020-09-19 06:00:00,4.070622396764096,4.032375089939869,0.0382473068242275
2020-09-19 07:00:00,4.298560159210947,5.139639561840443,-0.8410794026294965
2020-09-19 08:00:00,7.461962740421307,7.482626066231717,-0.02066332581040964
2020-09-19 09:00:00,5.3886834918233175,5.255967560938733,0.13271593088458467
2020-09-19 10:00:00,11.68617362585209,11.463072919626304,0.22310070622578593
2020-09-19 11:00:00,5.578504481268586,5.419583401189534,0.15892108007905126
2020-09-19 12:00:00,3.950990218337375,4.0714439412569075,-0.1204537229195326
2020-09-19 13:00:00,8.403033670606865,8.127686887077356,0.2753467835295087
2020-09-19 14:00:00,10.142140075769811,10.577962065697827,-0.4358219899280158
2020-09-19 15:00:00,10.819891459878251,11.056336520741628,-0.23644506086337636
2020-09-19 16:00:00,4.688468629226327,4.767531539836527,-0.0790629106102001
2020-09-19 17:00:00,4.9903482897281,4.85745536877989,0.13289292094821015
2020-09-19 18:00:00,5.271810270532807,4.929000461606672,0.3428098089261349
2020-09-19 19:00:00,6.251246253924283,5.994425263849492,0.2568209900747904
2020-09-19 20:00:00,9.332724873690902,9.435344318626571,-0.10261944493566943
2020-09-19 21:00:00,2.817748122555366,3.134328439811724,-0.3165803172563577
2020-09-19 22:00:00,5.494326623083083,5.159830430079922,0.3344961930031607
2020-09-19 23:00:00,2.898747748635212,3.2364294439010157,-0.33768169526580394
2020-09-20 00:00:00,4.307482372696328,4.674876124164752,-0.36739375146842335
2020-09-20 01:00:00,5.126939223224033,5.241243196071393,-0.1143039728473596
2020-09-20 02:00:00,19.21853747454521,18.65598323419604,0.5625542403491721
2020-09-20 03:00:00,12.692732147535558,12.426394636450624,0.2663375110849344
2020-09-20 04:00:00,12.436842706373008,12.475470857486934,-0.038628151113925924
2020-09-20 05:00:00,5.331927746562541,5.680061387116318,-0.34813364055377694
2020-09-20 06:00:00,5.899173366030623,5.526244988708711,0.3729283773219123
2020-09-20 07:00:00,7.300837673416723,7.267082561206294,0.033755112210428706
2020-09-20 08:00:00,11.196648901176683,11.329740038515885,-0.13309113733920164
2020-09-20 09:00:00,3.4115359619786583,3.017200983912193,0.39433497806646534
2020-09-20 10:00:00,11.83788228685832,11.585801476941747,0.2520808099165741
2020-09-20 11:00:00,5.223827825795135,5.336546867963229,-0.11271904216809325
2020-09-20 12:00:00,10.202311612806584,10.016064683744634,0.18624692906194973
2020-09-20 13:00:00,33.050651488777845,32.870798379513914,0.17985310926393083
2020-09-20 14:00:00,14.18948709251022,13.964301054902998,0.22518603760722122
2020-09-20 15:00:00,39.174609758031885,39.17471287804258,-0.00010312001069223697
2020-09-20 16:00:00,12.461075008396254,12.128043103177445,0.33303190521880843
2020-09-20 17:00:00,24.024673459054604,24.149486722106587,-0.12481326305198337
2020-09-20 18:00:00,9.12861019963088,10.266930573936616,-1.138320374305735
2020-09-20 19:00:00,16.025006154787327,15.46972492966787,0.5552812251194581
2020-09-20 20:00:00,10.798538295905086,10.943587095105116,-0.14504879920002978
2020-09-20 21:00:00,9.881360127264765,10.119108297388644,-0.23774817012387928
2020-09-20 22:00:00,10.74150639908391,10.741012992428901,0.0004934066550088545
2020-09-20 23:00:00,11.419760602218286,11.41452142207942,0.0052391801388651515
2020-09-21 00:00:00,29.79571062163844,28.642274003616187,1.1534366180222548
2020-09-21 01:00:00,24.74253830146525,25.030647301289818,-0.28810899982456917
2020-09-21 02:00:00,21.12058321778684,21.426239351060655,-0.30565613327381413
2020-09-21 03:00:00,16.042365373773187,16.215509830255733,-0.17314445648254662
2020-09-21 04:00:00,17.79953315351958,17.77553417541134,0.02399897810823859
2020-09-21 05:00:00,8.48432877444228,8.591740438470381,-0.10741166402810087
2020-09-21 06:00:00,12.356004358368605,12.692119763690703,-0.33611540532209894
2020-09-21 07:00:00,12.585479753584826,12.528238518213376,0.05724123537144976
2020-09-21 08:00:00,5.428126044454989,5.626783543966922,-0.198657499511933
2020-09-21 09:00:00,10.48090157613972,10.47500460311503,0.005896973024690055
2020-09-21 10:00:00,7.964314832525652,7.719660707327361,0.24465412519829055
2020-09-21 11:00:00,6.961346932466031,7.063359878067616,-0.1020129456015848
2020-09-21 12:00:00,4.971680625984024,5.268181396552138,-0.2965007705681142
2020-09-21 13:00:00,8.018240192494265,7.9492344535840935,0.06900573891017103
2020-09-21 14:00:00,4.514925053804912,4.864779463274463,-0.3498544094695504
2020-09-21 15:00:00,7.3478506969847475,7.39588546485175,-0.04803476786700234
2020-09-21 16:00:00,13.706258699655235,13.54135136321366,0.16490733644157451
2020-09-21 17:00:00,30.380209628718998,30.3662804243308,0.013929204388198002
2020-09-21 18:00:00,13.00136680425678,12.649535305612599,0.35183149864418084
2020-09-21 19:00:00,12.320593420461652,12.425254045620918,-0.10466062515926566
2020-09-21 20:00:00,10.786915588936344,10.527972157665232,0.25894343127111163
2020-09-21 21:00:00,12.71875258265375,12.621903262819611,0.09684931983413847
2020-09-21 22:00:00,11.580750874785425,11.283581198420821,0.2971696763646037
2020-09-21 23:00:00,9.466259394924736,9.604776991982776,-0.13851759705804056
2020-09-22 00:00:00,7.593741268010437,7.194673747834603,0.3990675201758336
2020-09-22 01:00:00,9.915294661138036,9.882012190337578,0.033282470800457986
2020-09-22 02:00:00,6.54319719344142,6.34106679354915,0.20213039989227077
2020-09-22 03:00:00,6.607594988547643,7.160809277752846,-0.5532142892052034
2020-09-22 04:00:00,7.445186841113079,7.530140126334927,-0.08495328522184753
2020-09-22 05:00:00,5.945636075522697,5.753655416810268,0.19198065871242864
2020-09-22 06:00:00,3.8092811667571382,4.114464510698857,-0.3051833439417191
2020-09-22 07:00:00,6.060807756664948,6.193701099018531,-0.13289334235358297
2020-09-22 08:00:00,5.702898698088743,5.543170088966432,0.15972860912231024
2020-09-22 09:00:00,5.594846399794147,5.462480473723816,0.1323659260703307
2020-09-22 10:00:00,26.63135327060184,26.670121506613878,-0.03876823601203938
2020-09-22 11:00:00,5.956888669957563,5.681859105473632,0.27502956448393157
2020-09-22 12:00:00,4.717311399312863,5.015864935248639,-0.2985535359357758
2020-09-22 13:00:00,16.0097751124569,16.01272534103464,-0.002950228577738301
2020-09-22 14:00:00,6.280535712177126,6.138575715421092,0.1419599967560341
2020-09-22 15:00:00,4.4542616238141495,3.7802133996908287,0.6740482241233208
2020-09-22 16:00:00,10.374079433177751,10.60193503272057,-0.22785559954281887
2020-09-22 17:00:00,5.661224924616295,5.567927269876229,0.09329765474006635
2020-09-22 18:00:00,4.388762711031717,4.6460816087673225,-0.25731889773560557
2020-09-22 19:00:00,13.06196140950018,12.9566978717088,0.1052635377913802
2020-09-22 20:00:00,5.464013287050316,5.492112256006595,-0.028098968956278725
2020-09-22 21:00:00,3.967878848827029,4.706344909011106,-0.7384660601840771
2020-09-22 22:00:00,27.06574308016563,27.366923276535665,-0.3011801963700371
2020-09-22 23:00:00,1.572924041941671,2.9267724370296917,-1.3538483950880207
2020-09-23 00:00:00,8.797680179218716,9.121659880932125,-0.32397970171340873
2020-09-23 01:00:00,5.406505948454642,5.402498271448942,0.004007677005700039
2020-09-23 02:00:00,4.581816423771374,4.223880315252308,0.3579361085190662
2020-09-23 03:00:00,6.320159231107993,5.88716469731658,0.43299453379141273
2020-09-23 04:00:00,5.413520453355158,6.039756027908191,-0.626235574553033
2020-09-23 05:00:00,4.963994134754532,4.76534629681165,0.19864783794288243
2020-09-23 06:00:00,13.947980222745132,13.64915308381014,0.2988271389349926
2020-09-23 07:00:00,4.037863679534612,4.586882242167038,-0.5490185626324253
2020-09-23 08:00:00,5.233139401387932,5.379191009461227,-0.14605160807329476
2020-09-23 09:00:00,5.131620634893328,4.7188143248140895,0.4128063100792385
2020-09-23 10:00:00,5.8855972559564895,5.981372563766502,-0.09577530781001276
2020-09-23 11:00:00,6.940423184861533,6.808698615897627,0.13172456896390639
2020-09-23 12:00:00,9.751411089152391,9.694642605694721,0.05676848345767027
2020-09-23 13:00:00,7.060164917375432,5.6539782862670425,1.4061866311083895
2020-09-23 14:00:00,9.380195627153238,9.537169788585826,-0.15697416143258813
2020-09-23 15:00:00,4.805675537723622,5.350035033384967,-0.5443594956613449
2020-09-23 16:00:00,5.738241115732554,5.22986759048737,0.508373525245184
2020-09-23 17:00:00,9.281815531474484,9.127731446937249,0.1540840845372351
2020-09-23 18:00:00,6.371249268274448,6.88916794649117,-0.5179186782167227
2020-09-23 19:00:00,5.2359534844576965,5.198002575886798,0.03795090857089889
2020-09-23 20:00:00,7.017384563195389,6.9620700339171355,0.05531452927825331
2020-09-23 21:00:00,4.585654988810027,4.878997584588627,-0.29334259577860067
2020-09-23 22:00:00,5.945125027118412,5.66477537563175,0.28034965148666213
2020-09-23 23:00:00,4.039081945974929,3.9930514782678115,0.046030467707117495
2020-09-24 00:00:00,4.530753855720595,4.289310481428003,0.24144337429259188
2020-09-24 01:00:00,5.423846013813188,5.30962640134835,0.11421961246483825
2020-09-24 02:00:00,3.857405783807356,4.156304330509275,-0.29889854670191873
2020-09-24 03:00:00,4.889715715806011,5.2030005294858,-0.31328481367978966
2020-09-24 04:00:00,11.755922358524453,11.781674185674476,-0.025751827150022777
2020-09-24 05:00:00,9.967047232581956,10.301207866973977,-0.3341606343920205
2020-09-24 06:00:00,12.59343095630453,12.59177538627116,0.0016555700333711343
2020-09-24 07:00:00,13.24456525786302,13.30062605167578,-0.05606079381275997
2020-09-24 08:00:00,25.014666437397462,24.93799387070732,0.07667256669014222
2020-09-24 09:00:00,15.806452761178376,15.210596708838988,0.5958560523393874
2020-09-24 10:00:00,9.806429364746192,10.190239830485647,-0.38381046573945454
2020-09-24 11:00:00,13.35574652904257,13.406443525588983,-0.050696996546413686
2020-09-24 12:00:00,8.679751308099513,8.50138492522861,0.17836638287090345
2020-09-24 13:00:00,24.70533270914348,24.579116281010243,0.12621642813323675
2020-09-24 14:00:00,7.620940835190757,7.688997211139105,-0.06805637594834835
2020-09-24 15:00:00,9.466003762438795,9.174583392912933,0.2914203695258628
2020-09-24 16:00:00,8.589006686266123,8.633422263625247,-0.044415577359124825
2020-09-24 17:00:00,6.108216519976341,5.736217898555169,0.3719986214211719
2020-09-24 18:00:00,3.844760093562829,4.0841188942655435,-0.23935880070271454
2020-09-24 19:00:00,9.909681032007434,10.272115575116253,-0.36243454310881873
2020-09-24 20:00:00,6.923043604921424,6.720084448952492,0.20295915596893188
2020-09-24 21:00:00,6.93763099116451,7.135024150299732,-0.19739315913522226
2020-09-24 22:00:00,6.156457041254946,6.993032495286171,-0.8365754540312249
2020-09-24 23:00:00,14.90113058147264,14.667267358711799,0.23386322276084037
2020-09-25 00:00:00,6.746467058264806,6.584024711282583,0.16244234698222293
2020-09-25 01:00:00,5.895885335757234,6.020033702390932,-0.12414836663369755
2020-09-25 02:00:00,7.206670532976394,6.965051982592405,0.24161855038398894
2020-09-25 03:00:00,3.7803999476317895,3.7196576984761216,0.06074224915566795
2020-09-25 04:00:00,5.709263415516864,5.500611830593367,0.2086515849234969
2020-09-25 05:00:00,12.30458643491967,12.43887237088533,-0.13428593596565896
2020-09-25 06:00:00,10.158097090546638,10.113292598916775,0.04480449162986311
2020-09-25 07:00:00,5.635308452892995,5.542716954593786,0.09259149829920954
2020-09-25 08:00:00,10.405205810688775,10.362784958402395,0.04242085228638004
2020-09-25 09:00:00,6.31540487096569,5.68816943371841,0.6272354372472799
2020-09-25 10:00:00,11.628282599645129,11.572661461464591,0.0556211381805376
2020-09-25 11:00:00,6.206659905376628,6.326199331914969,-0.11953942653834115
2020-09-25 12:00:00,5.713915100424093,5.689211553049594,0.024703547374499202
2020-09-25 13:00:00,6.09010265055914,6.3832713715741605,-0.2931687210150207
2020-09-25 14:00:00,3.763584823938964,3.83463782312829,-0.07105299918932584
2020-09-25 15:00:00,4.884664714809321,5.440697064408839,-0.5560323495995183
2020-09-25 16:00:00,25.332899047772276,25.95042838947567,-0.6175293417033956
2020-09-25 17:00:00,20.822632799288183,20.85849839372328,-0.03586559443509785
2020-09-25 18:00:00,12.33886405831463,12.169419812699086,0.16944424561554428
2020-09-25 19:00:00,12.191039976575333,12.365567387604989,-0.17452741102965597
2020-09-25 20:00:00,9.761588402199225,9.86978327077586,-0.10819486857663563
2020-09-25 21:00:00,9.539353859556742,9.790674752202948,-0.2513208926462056
2020-09-25 22:00:00,9.881662409942235,9.90273154837225,-0.02106913843001479
2020-09-25 23:00:00,7.527567185958812,7.041579959994064,0.48598722596474797
2020-09-26 00:00:00,20.88710707175056,20.662691403274277,0.2244156684762828
2020-09-26 01:00:00,6.716227444030884,7.05753048700838,-0.34130304297749614
2020-09-26 02:00:00,9.921106107932644,9.734831345903668,0.18627476202897597
2020-09-26 03:00:00,5.682110228441228,5.361945290180907,0.3201649382603211
2020-09-26 04:00:00,7.118615832312782,6.908132451455777,0.21048338085700546
2020-09-26 05:00:00,3.5087274473058847,3.966851675327987,-0.4581242280221023
2020-09-26 06:00:00,5.00217436252721,5.030141692586766,-0.027967330059555984
2020-09-26 07:00:00,4.1276624300464,3.922285388239556,0.20537704180684413
2020-09-26 08:00:00,5.309431535258795,4.764932012172673,0.544499523086122
2020-09-26 09:00:00,7.891282430521535,7.666884185769911,0.22439824475162418
2020-09-26 10:00:00,3.3383673218530974,3.324982185123869,0.013385136729228364
2020-09-26 11:00:00,6.070394611656942,5.7581808413698035,0.3122137702871388
2020-09-26 12:00:00,6.312583730443199,6.205912142042865,0.1066715884003342
2020-09-26 13:00:00,6.541062767796187,6.4403739852886135,0.1006887825075733
2020-09-26 14:00:00,2.153142939838075,2.2775156345612295,-0.12437269472315471
2020-09-26 15:00:00,5.5274540096378,6.025377568598701,-0.4979235589609008
2020-09-26 16:00:00,3.1916900422752503,3.0243243045187116,0.16736573775653873
2020-09-26 17:00:00,9.2111916334587,8.75650135615804,0.45469027730066003
2020-09-26 18:00:00,4.967616043750573,4.742003802276695,0.22561224147387815
2020-09-26 19:00:00,3.625419415608184,3.6919099547074654,-0.0664905390992816
2020-09-26 20:00:00,5.241534342333348,5.15658959470518,0.0849447476281684
2020-09-26 21:00:00,5.549902773687592,5.659185360325439,-0.10928258663784707
2020-09-26 22:00:00,4.426592620708468,4.909876087731404,-0.483283467022936
2020-09-26 23:00:00,10.19151628534276,9.880122644907447,0.3113936404353126
2020-09-27 00:00:00,5.350166953276217,5.072305621880088,0.2778613313961289
2020-09-27 01:00:00,4.8689080537361455,4.640053300851377,0.22885475288476886
2020-09-27 02:00:00,3.376847067940956,3.5472618148923574,-0.17041474695140124
2020-09-27 03:00:00,6.026197322640781,5.635091977407552,0.39110534523322826
2020-09-27 04:00:00,5.8509858881623575,6.252004154766828,-0.4010182666044706
2020-09-27 05:00:00,3.839024780063084,3.258049492237899,0.580975287825185
2020-09-27 06:00:00,6.732652657818838,6.7741306425389,-0.04147798472006148
2020-09-27 07:00:00,6.855027537093324,6.631561970898114,0.22346556619520985
2020-09-27 08:00:00,9.173710360028236,8.858071800220868,0.3156385598073683
2020-09-27 09:00:00,4.871698428181647,4.902027158183852,-0.030328730002205262
2020-09-27 10:00:00,3.298710851602315,3.430990421270917,-0.13227956966860166
2020-09-27 11:00:00,11.777634167870533,11.682320321244484,0.09531384662604836
2020-09-27 12:00:00,14.609515891944476,14.380482141692715,0.22903375025176054
2020-09-27 13:00:00,12.872050472281629,12.697852884108347,0.17419758817328201
2020-09-27 14:00:00,13.503036651124113,13.461841295861714,0.04119535526239915
2020-09-27 15:00:00,17.508498909378165,17.554548655602215,-0.04604974622404967
2020-09-27 16:00:00,9.69966968474876,9.78153922623339,-0.08186954148463066
2020-09-27 17:00:00,10.70318307396414,10.497862382204199,0.20532069175994216
2020-09-27 18:00:00,8.135999378075697,7.709882167373386,0.42611721070231123
2020-09-27 19:00:00,15.195870737158849,15.010892326205308,0.18497841095354062
2020-09-27 20:00:00,10.143211563977715,10.086719031157653,0.05649253282006228
2020-09-27 21:00:00,20.73942392158539,20.445073845370462,0.29435007621492915
2020-09-27 22:00:00,7.211281473232608,7.535410453591584,-0.3241289803589753
2020-09-27 23:00:00,7.334212683997882,6.970680862853107,0.36353182114477534
2020-09-28 00:00:00,2.5299253357495903,2.856651030304245,-0.32672569455465483
2020-09-28 01:00:00,6.079597664965863,6.011227764585236,0.06836990038062751
2020-09-28 02:00:00,11.425312069500622,11.909106858662595,-0.4837947891619727
2020-09-28 03:00:00,12.128952754940606,12.665680750606333,-0.5367279956657267
2020-09-28 04:00:00,31.801680578906268,31.954604083847705,-0.15292350494143747
2020-09-28 05:00:00,25.830012374699013,25.539565469794418,0.290446904904595
2020-09-28 06:00:00,23.336760274272024,22.938540079731215,0.3982201945408086
2020-09-28 07:00:00,13.076980762644936,13.00547058427095,0.07151017837398577
2020-09-28 08:00:00,16.538488117764206,16.503375002900164,0.03511311486404267
2020-09-28 09:00:00,9.09519275129727,8.801596246153647,0.2935965051436238
2020-09-28 10:00:00,10.269394736113464,11.047989267135444,-0.7785945310219802
2020-09-28 11:00:00,11.043186044893348,11.216053380623515,-0.17286733573016733
2020-09-28 12:00:00,11.693669170604457,11.47289068512355,0.22077848548090628
2020-09-28 13:00:00,7.050899525291773,7.209013085390983,-0.15811356009920985
2020-09-28 14:00:00,6.938508236984903,6.8417781643083595,0.09673007267654388
2020-09-28 15:00:00,6.134635809680919,5.61846957525,0.5161662344309192
2020-09-28 16:00:00,7.708252745388752,7.522123893994781,0.1861288513939714
2020-09-28 17:00:00,6.035023533031188,5.794675061777761,0.2403484712534265
2020-09-28 18:00:00,10.468647970649483,10.585437694017367,-0.11678972336788362
2020-09-28 19:00:00,7.344923690909475,7.445487835570772,-0.1005641446612966
2020-09-28 20:00:00,8.137963547200245,8.21089308406078,-0.07292953686053494
2020-09-28 21:00:00,4.905470525773337,5.140660839352781,-0.23519031357944353
2020-09-28 22:00:00,2.9017444349339234,3.6415254051182453,-0.7397809701843219
2020-09-28 23:00:00,12.048576214925973,11.595880132864615,0.45269608206135814
2020-09-29 00:00:00,7.215139546374909,7.62827534845815,-0.4131358020832412
2020-09-29 01:00:00,4.799888262278727,4.942598238449241,-0.14270997617051417
2020-09-29 02:00:00,2.8160956955207888,2.8744609237237393,-0.058365228202950536
2020-09-29 03:00:00,7.509680698071463,7.159213638753392,0.3504670593180714
2020-09-29 04:00:00,5.383364700921141,5.389729132695765,-0.006364431774623647
2020-09-29 05:00:00,20.12745606310928,20.036629158739355,0.0908269043699228
2020-09-29 06:00:00,6.315534726785106,6.027835261060069,0.28769946572503713
2020-09-29 07:00:00,4.251050576360893,4.122045204597813,0.12900537176307925
2020-09-29 08:00:00,9.581381475908692,9.327078161011094,0.25430331489759794
2020-09-29 09:00:00,9.349776620649155,8.893139255533404,0.4566373651157516
2020-09-29 10:00:00,3.0677647149588063,3.2830875492413742,-0.21532283428256793
2020-09-29 11:00:00,5.113381295167097,4.491329168754367,0.6220521264127301
2020-09-29 12:00:00,4.901965726207175,5.364251713742414,-0.462285987535239
2020-09-29 13:00:00,5.9970753764175,5.892940652163076,0.1041347242544246
2020-09-29 14:00:00,5.516410721753314,5.304291664902133,0.21211905685118015
2020-09-29 15:00:00,4.217738786035893,4.301179997214367,-0.08344121117847436
2020-09-29 16:00:00,6.724211400248962,6.412370541373801,0.31184085887516133
2020-09-29 17:00:00,5.007643787860557,5.579784615380655,-0.5721408275200979
2020-09-29 18:00:00,5.469735236766465,5.566702335450668,-0.09696709868420328
2020-09-29 19:00:00,5.736580899874431,5.937738734344997,-0.2011578344705658
2020-09-29 20:00:00,7.271639652812349,6.885978730011323,0.3856609228010255
2020-09-29 21:00:00,6.240618873809469,6.338990159867517,-0.09837128605804857
2020-09-29 22:00:00,6.4343395256347815,6.114963556422505,0.3193759692122766
2020-09-29 23:00:00,4.063511862114076,3.977686712031553,0.08582515008252312
2020-09-30 00:00:00,2.456120428707117,2.8431039946256105,-0.38698356591849326
2020-09-30 01:00:00,4.524380374663292,4.737531598768568,-0.21315122410527554
2020-09-30 02:00:00,2.6543320449568646,3.0011182103576073,-0.3467861654007427
2020-09-30 03:00:00,10.878302839990011,10.867474600760305,0.010828239229706327
2020-09-30 04:00:00,6.808044093503646,6.386156347018882,0.42188774648476457
2020-09-30 05:00:00,6.364989456208282,6.234544536328642,0.1304449198796407
2020-09-30 06:00:00,2.131270140494101,2.1577243101551806,-0.026454169661079607
2020-09-30 07:00:00,4.123746774497162,4.174426277605668,-0.050679503108505664
2020-09-30 08:00:00,10.599638858064328,10.351406211867683,0.24823264619664442
2020-09-30 09:00:00,10.639803513439716,10.561578403090275,0.07822511034944135
2020-09-30 10:00:00,6.492418662647911,6.331752478214201,0.16066618443370917
2020-09-30 11:00:00,2.7492742596117683,2.4769210430643622,0.2723532165474061
2020-09-30 12:00:00,5.359544011339384,5.324230027997904,0.035313983341480615
2020-09-30 13:00:00,5.783275781482142,5.568398238643158,0.21487754283898397
2020-09-30 14:00:00,10.917136231007293,10.974832124475487,-0.05769589346819437
2020-09-30 15:00:00,6.035681115358284,5.916627516005946,0.1190535993523385
2020-09-30 16:00:00,4.974207651903858,4.735566077697696,0.23864157420616205
2020-09-30 17:00:00,5.259298409095459,5.365516243626931,-0.10621783453147149
2020-09-30 18:00:00,3.4465940930600856,3.515712493377615,-0.06911840031752936
2020-09-30 19:00:00,11.770332830502632,11.674286711101379,0.09604611940125274
2020-09-30 20:00:00,17.702042510002435,17.807839794167638,-0.1057972841652024
2020-09-30 21:00:00,5.322612130289537,4.915865681271691,0.40674644901784607
2020-09-30 22:00:00,5.541965645910769,5.550553078300966,-0.00858743239019688
2020-09-30 23:00:00,9.904217307941824,10.151356841401618,-0.24713953345979434
2020-10-01 00:00:00,3.63717130360499,3.378100727878371,0.2590705757266192
2020-10-01 01:00:00,4.013137340625897,4.367042571458286,-0.3539052308323889
2020-10-01 02:00:00,6.172413697968381,6.020497463502612,0.15191623446576852
2020-10-01 03:00:00,3.322395867675433,3.2496106456974148,0.07278522197801829
2020-10-01 04:00:00,4.6423663021237696,4.5300918601056965,0.11227444201807302
2020-10-01 05:00:00,3.498258892957067,3.8227206395080118,-0.32446174655094495
2020-10-01 06:00:00,3.3337166934602624,3.4325796908569335,-0.09886299739667104
2020-10-01 07:00:00,5.874314869503851,5.6529908985625505,0.22132397094130063
2020-10-01 08:00:00,6.475988860105882,5.94792666619977,0.5280621939061119
2020-10-01 09:00:00,4.199899334103051,4.223975225932065,-0.02407589182901404
2020-10-01 10:00:00,34.18531996790128,34.26550857949641,-0.08018861159513335
2020-10-01 11:00:00,31.11842468295989,31.0795445067539,0.03888017620598916
2020-10-01 12:00:00,26.128511180644548,26.105454367891276,0.023056812753271316
2020-10-01 13:00:00,21.983384446000787,21.707991643016012,0.27539280298477564
2020-10-01 14:00:00,17.981295252161296,18.45814388780705,-0.4768486356457551
2020-10-01 15:00:00,9.27144142245007,9.381243011700974,-0.10980158925090322
2020-10-01 16:00:00,11.293413037437944,11.836132049000616,-0.5427190115626725
2020-10-01 17:00:00,11.913091177220007,11.42811430607667,0.48497687114333665
2020-10-01 18:00:00,8.261425253798324,7.71837510738513,0.5430501464131936
2020-10-01 19:00:00,7.045370028714248,6.876749758237182,0.1686202704770663
2020-10-01 20:00:00,5.752644285803184,6.21928689094195,-0.466642605138766
2020-10-01 21:00:00,7.602191350500294,7.881019515913931,-0.2788281654136373
2020-10-01 22:00:00,6.084929239970499,6.0124159973002556,0.07251324267024373
2020-10-01 23:00:00,3.7640977569882623,3.620618697340484,0.1434790596477784
2020-10-02 00:00:00,4.739314991554898,5.38861849073285,-0.649303499177952
2020-10-02 01:00:00,5.2376448257924615,4.988237124909449,0.24940770088301267
2020-10-02 02:00:00,3.110367229439596,3.163600076656763,-0.053232847217167034
2020-10-02 03:00:00,4.384987787708875,4.1183150698741136,0.2666727178347612
2020-10-02 04:00:00,4.224556892981916,4.469830721701222,-0.24527382871930659
2020-10-02 05:00:00,5.359115507350314,5.567954762932289,-0.20883925558197536
2020-10-02 06:00:00,3.2630461697049995,3.2117266304123686,0.05131953929263089
2020-10-02 07:00:00,5.407995952627974,5.614501900798024,-0.20650594817004997
2020-10-02 08:00:00,6.673359341402732,6.429699016346544,0.2436603250561884
2020-10-02 09:00:00,4.059617446221724,4.08132263474568,-0.02170518852395631
2020-10-02 10:00:00,3.4602213763599017,3.791444407727191,-0.33122303136728926
2020-10-02 11:00:00,5.584011377315131,5.555538621053331,0.02847275626180057
2020-10-02 12:00:00,5.439115559167525,5.244380283384474,0.19473527578305116
2020-10-02 13:00:00,5.270244971942001,5.342630400775449,-0.07238542883344845
2020-10-02 14:00:00,5.665460406614531,4.7388822209418064,0.9265781856727244
2020-10-02 15:00:00,5.727425401827566,5.805545232381495,-0.07811983055392879
2020-10-02 16:00:00,4.63629697000647,4.887140035681249,-0.2508430656747791
2020-10-02 17:00:00,4.191759000994897,4.132170195126839,0.05958880586805826
2020-10-02 18:00:00,4.737335318463313,4.55698732570005,0.18034799276326297
2020-10-02 19:00:00,5.3189287930204765,4.848036581271423,0.47089221174905393
2020-10-02 20:00:00,3.11723476188404,3.1460388241540014,-0.02880406226996124
2020-10-02 21:00:00,3.8010009387667374,3.789944107638404,0.011056831128333222
2020-10-02 22:00:00,5.572367569734806,5.805055421194358,-0.23268785145955206
2020-10-02 23:00:00,5.430542047496257,5.239862268403038,0.19067977909321865
2020-10-03 00:00:00,4.529194306200711,4.250132258876038,0.27906204732467366
2020-10-03 01:00:00,3.126488262545471,3.84257467011646,-0.7160864075709892
2020-10-03 02:00:00,5.414115752774397,5.251969982049246,0.16214577072515102
2020-10-03 03:00:00,14.364010189538863,14.246621642014407,0.11738854752445604
2020-10-03 04:00:00,23.148668618325463,23.076502514472068,0.0721661038533945
2020-10-03 05:00:00,11.957538510411649,11.971911414433194,-0.014372904021545452
2020-10-03 06:00:00,9.952078454945209,9.929726243678932,0.022352211266277067
2020-10-03 07:00:00,14.263459275388596,14.126369931837571,0.13708934355102542
2020-10-03 08:00:00,9.293434920182476,10.27404733114107,-0.9806124109585941
2020-10-03 09:00:00,10.240035969973594,9.890100810864404,0.34993515910919015
2020-10-03 10:00:00,7.059773442037683,7.418136220297771,-0.358362778260088
2020-10-03 11:00:00,6.507109756908729,5.932538371079325,0.5745713858294046
2020-10-03 12:00:00,6.014475410607953,6.287003623011727,-0.272528212403774
2020-10-03 13:00:00,6.729633092844503,6.89390681922919,-0.1642737263846863
2020-10-03 14:00:00,4.144607134215944,3.8568948461738497,0.28771228804209414
2020-10-03 15:00:00,4.706838362476717,4.909347511045955,-0.20250914856923785
2020-10-03 16:00:00,5.946359143844596,5.633617791313798,0.31274135253079827
2020-10-03 17:00:00,6.186221182598125,6.553268190819521,-0.36704700822139635
2020-10-03 18:00:00,5.925530108830235,5.7237382821684,0.20179182666183504
2020-10-03 19:00:00,5.49822584882734,5.63532948629175,-0.1371036374644099
2020-10-03 20:00:00,4.532908438643768,4.786812492396708,-0.25390405375293934
2020-10-03 21:00:00,4.505932086688646,3.9683197331389315,0.5376123535497146
2020-10-03 22:00:00,5.782194143251696,5.433777720271418,0.34841642298027864
2020-10-03 23:00:00,2.951150739155392,3.077357936911186,-0.12620719775579392
2020-10-04 00:00:00,3.2731229491160323,3.2811372789685347,-0.008014329852502389
2020-10-04 01:00:00,3.26452859733534,3.5658830194051663,-0.3013544220698261
2020-10-04 02:00:00,5.562999009002745,5.547782647474808,0.015216361527937039
2020-10-04 03:00:00,2.993148436758627,3.206329308337041,-0.2131808715784138
2020-10-04 04:00:00,4.572478134262578,5.152773561942436,-0.5802954276798582
2020-10-04 05:00:00,4.739576934171919,4.471441119461272,0.2681358147106465
2020-10-04 06:00:00,5.644894978697989,5.446816151020031,0.19807882767795792
2020-10-04 07:00:00,4.841369228960607,4.190074689363973,0.6512945395966341
2020-10-04 08:00:00,2.874509710802825,3.7891631101387326,-0.9146533993359078
2020-10-04 09:00:00,4.76749421125222,4.972272256736892,-0.20477804548467216
2020-10-04 10:00:00,3.3317385138694733,3.6272962866545257,-0.29555777278505246
2020-10-04 11:00:00,1.3839730700919748,1.681618662535208,-0.2976455924432333
2020-10-04 12:00:00,3.515151333017198,3.3199149727317887,0.19523636028540947
2020-10-04 13:00:00,2.543672059045276,3.157627839208503,-0.6139557801632267
2020-10-04 14:00:00,4.798567182155747,4.255022011955399,0.543545170200348
2020-10-04 15:00:00,4.813987660724569,5.0865453998222625,-0.2725577390976932
2020-10-04 16:00:00,5.3603851507732685,5.338280997314091,0.02210415345917749
2020-10-04 17:00:00,4.873026662599232,5.24381847278729,-0.3707918101880585
2020-10-04 18:00:00,7.408444488618546,7.138830374623243,0.2696141139953028
2020-10-04 19:00:00,6.301180904598676,6.0772391331401465,0.2239417714585299
2020-10-04 20:00:00,4.755496042832345,4.986995203178463,-0.23149916034611806
2020-10-04 21:00:00,2.6842222329111283,2.776793441035237,-0.09257120812410857
2020-10-04 22:00:00,5.623140915543645,5.634925543730713,-0.011784628187068158
2020-10-04 23:00:00,3.692956035203096,3.983395658577821,-0.29043962337472484
2020-10-05 00:00:00,32.367034181183584,32.52359972024616,-0.15656553906257642
2020-10-05 01:00:00,35.32416515106913,35.05745931366178,0.26670583740735054
2020-10-05 02:00:00,27.72347148078004,27.43497425418385,0.28849722659619204
2020-10-05 03:00:00,11.306473631716496,11.649563773714,-0.34309014199750365
2020-10-05 04:00:00,38.67321148369884,38.51976773033955,0.15344375335929072
2020-10-05 05:00:00,11.906837773638111,12.029311248491627,-0.1224734748535159
2020-10-05 06:00:00,32.0709436611633,32.007089090989666,0.06385457017363194
2020-10-05 07:00:00,12.47180033074074,12.508552652884887,-0.0367523221441477
2020-10-05 08:00:00,11.634935797422685,11.384470687193447,0.25046511022923745
2020-10-05 09:00:00,10.971678910613273,11.040650948973196,-0.06897203835992372
2020-10-05 10:00:00,8.974130208498215,9.065008435599006,-0.09087822710079152
2020-10-05 11:00:00,8.659678837067988,8.227202861068768,0.4324759759992194
2020-10-05 12:00:00,7.024847053453439,6.717899779457398,0.30694727399604105
2020-10-05 13:00:00,7.440496033488837,7.644516567309979,-0.20402053382114183
2020-10-05 14:00:00,7.728317863714317,7.945842461160338,-0.2175245974460216
2020-10-05 15:00:00,5.615789746101226,5.454601515188058,0.1611882309131678
2020-10-05 16:00:00,4.759429537298935,4.61119956049765,0.1482299768012849
2020-10-05 17:00:00,5.454789705647128,5.756652700690216,-0.3018629950430878
2020-10-05 18:00:00,5.16578672055066,5.233259906085586,-0.06747318553492665
2020-10-05 19:00:00,6.388790310216662,6.299809468704867,0.08898084151179564
2020-10-05 20:00:00,5.496027123185187,5.67190349013628,-0.1758763669510932
2020-10-05 21:00:00,5.277808728658847,4.898715540431485,0.3790931882273627
2020-10-05 22:00:00,6.467724633986701,6.13646260889741,0.33126202508929126
2020-10-05 23:00:00,5.671502672068,5.837044472848525,-0.1655418007805256
2020-10-06 00:00:00,6.451772346702789,6.002058380100029,0.44971396660276053
2020-10-06 01:00:00,5.070464211007366,5.176453445105834,-0.10598923409846872
2020-10-06 02:00:00,5.448051914291043,5.618438617162687,-0.17038670287164415
2020-10-06 03:00:00,4.87575249807103,5.149473948088977,-0.27372145001794657
2020-10-06 04:00:00,4.48120973533797,4.3858327181172925,0.09537701722067737
2020-10-06 05:00:00,2.447323232537625,3.0799358247595743,-0.6326125922219492
2020-10-06 06:00:00,4.134954829645853,4.563145132679581,-0.42819030303372774
2020-10-06 07:00:00,4.159570359773697,3.850395825427059,0.30917453434663766
2020-10-06 08:00:00,5.253704217927627,4.9143463890080055,0.3393578289196215
2020-10-06 09:00:00,4.476891446290527,4.482421218125213,-0.005529771834686059
2020-10-06 10:00:00,5.136618492096586,5.278861537638364,-0.14224304554177802
2020-10-06 11:00:00,3.190131738697385,3.2401440647416417,-0.05001232604425665
2020-10-06 12:00:00,4.074885935349215,4.209460330849548,-0.13457439550033268
2020-10-06 13:00:00,2.592972447253436,2.9225852868524123,-0.32961283959897614
2020-10-06 14:00:00,6.778133019698016,6.263252898928816,0.5148801207691998
2020-10-06 15:00:00,5.670280719078737,5.993565899732971,-0.32328518065423406
2020-10-06 16:00:00,6.473725836260528,6.008779069131195,0.4649467671293337
2020-10-06 17:00:00,5.256537564497686,4.972798020653697,0.28373954384398914
2020-10-06 18:00:00,3.510883308029306,3.7855092153684566,-0.2746259073391508
2020-10-06 19:00:00,2.993265866580707,3.1733826950877626,-0.1801168285070558
2020-10-06 20:00:00,3.859440940293447,4.096694009337646,-0.23725306904419874
2020-10-06 21:00:00,6.687972083785232,6.340395736989295,0.34757634679593696
2020-10-06 22:00:00,3.4920863647063696,4.101962547294263,-0.6098761825878931
2020-10-06 23:00:00,2.8710505012710525,2.7566955279002223,0.11435497337083023
2020-10-07 00:00:00,2.549978787295399,2.5119477659045697,0.038031021390829256
2020-10-07 01:00:00,3.122329038305568,2.9828936096228142,0.13943542868275394
2020-10-07 02:00:00,4.201133423000139,4.042386724210929,0.15874669878921033
2020-10-07 03:00:00,5.643631714422135,5.688058861560559,-0.044427147138423884
2020-10-07 04:00:00,3.5894084413687555,3.2222489867808446,0.3671594545879109
2020-10-07 05:00:00,6.820810184224792,6.216272088938077,0.6045380952867143
2020-10-07 06:00:00,5.399834228007346,5.157100182755372,0.24273404525197328
2020-10-07 07:00:00,3.7694997191360375,4.087194953452374,-0.3176952343163366
2020-10-07 08:00:00,31.993983544405047,32.02499831494429,-0.03101477053924384
2020-10-07 09:00:00,13.5589579550019,13.33351990864017,0.22543804636172915
2020-10-07 10:00:00,18.380943433075014,18.38767472107935,-0.006731288004335312
2020-10-07 11:00:00,14.597905156979635,14.583245975522868,0.014659181456767811
2020-10-07 12:00:00,12.3923498310172,12.926695003847776,-0.5343451728305766
2020-10-07 13:00:00,11.123057895817936,11.113161984983952,0.009895910833984445
2020-10-07 14:00:00,11.390764624709975,11.009521354043867,0.38124327066610775
2020-10-07 15:00:00,6.7961377756269385,7.216788986059852,-0.4206512104329132
2020-10-07 16:00:00,7.126942269918243,7.248580515564295,-0.12163824564605186
2020-10-07 17:00:00,8.497442571814709,8.748642014229647,-0.2511994424149382
2020-10-07 18:00:00,5.926781861992336,5.53766531402181,0.3891165479705263
2020-10-07 19:00:00,3.315770731134161,3.638005333346873,-0.32223460221271205
2020-10-07 20:00:00,5.2265705380514405,5.188362821213177,0.038207716838263295
2020-10-07 21:00:00,6.3264213323833465,6.206568495788415,0.11985283659493184
2020-10-07 22:00:00,4.68902221298313,4.877252628285067,-0.18823041530193674
2020-10-07 23:00:00,5.230239979096495,4.745777588101271,0.4844623909952235
2020-10-08 00:00:00,4.976839234868979,4.88287327346479,0.093965961404189
2020-10-08 01:00:00,7.034829223814852,7.240221897322273,-0.2053926735074212
2020-10-08 02:00:00,2.7316534678276048,3.036890998845292,-0.30523753101768714
2020-10-08 03:00:00,5.243312798502322,4.684215760892137,0.5590970376101847
2020-10-08 04:00:00,4.30382159536169,4.926239167350701,-0.6224175719890113
2020-10-08 05:00:00,4.397710055486763,4.57526516391043,-0.17755510842366728
2020-10-08 06:00:00,5.291596454619362,4.37738397243343,0.9142124821859321
2020-10-08 07:00:00,4.46025709211116,3.6910292684611328,0.7692278236500272
2020-10-08 08:00:00,4.0467814239446165,3.764523618656457,0.2822578052881597
2020-10-08 09:00:00,4.156483593278595,4.192387672688642,-0.03590407941004692
2020-10-08 10:00:00,5.139656964221727,4.474986602128204,0.6646703620935233
2020-10-08 11:00:00,5.796404355542075,6.2052584063144165,-0.4088540507723417
2020-10-08 12:00:00,2.23842545013746,2.3861883420879897,-0.1477628919505296
2020-10-08 13:00:00,5.512737573488335,5.638207436939754,-0.12546986345141953
2020-10-08 14:00:00,3.8079936792446976,3.8631696234351653,-0.055175944190467785
2020-10-08 15:00:00,4.122231552934277,4.088774775008269,0.03345677792600821
2020-10-08 16:00:00,5.06474860462352,4.828406612077355,0.23634199254616473
2020-10-08 17:00:00,5.022647193465748,5.168235176349046,-0.14558798288329733
2020-10-08 18:00:00,4.6985784957310335,5.477536703628318,-0.7789582078972845
2020-10-08 19:00:00,5.981956995473016,6.186294451013144,-0.20433745554012805
2020-10-08 20:00:00,4.313319631834981,4.266081682577585,0.04723794925739533
2020-10-08 21:00:00,6.253840478153106,6.307432910802203,-0.05359243264909708
2020-10-08 22:00:00,3.3674465049521176,3.4108646885881617,-0.043418183636044105
2020-10-08 23:00:00,3.950219841814984,3.730949350822151,0.2192704909928329
2020-10-09 00:00:00,4.908249486426369,4.154022737293579,0.7542267491327896
2020-10-09 01:00:00,3.811943105569541,3.649212291387423,0.162730814182118
2020-10-09 02:00:00,3.907586681089401,4.1061228822249465,-0.19853620113554538
2020-10-09 03:00:00,4.663702078901959,4.777306569084125,-0.11360449018216556
2020-10-09 04:00:00,5.734483916907508,5.418763068266994,0.3157208486405141
2020-10-09 05:00:00,3.340699331056272,3.353929945501774,-0.013230614445502109
2020-10-09 06:00:00,3.6302970980259968,3.677721098266772,-0.04742400024077531
2020-10-09 07:00:00,3.5422990266476257,3.5866311572742755,-0.04433213062664976
2020-10-09 08:00:00,3.852572983621221,4.252209787249498,-0.39963680362827736
2020-10-09 09:00:00,1.1252910127222595,2.059889738317427,-0.9345987255951673
2020-10-09 10:00:00,3.4476779448282717,3.320598744701434,0.12707920012683793
2020-10-09 11:00:00,4.284009892432268,4.005980392023642,0.27802950040862573
2020-10-09 12:00:00,5.50967564839682,5.207225915058105,0.3024497333387153
2020-10-09 13:00:00,3.8116517440762,4.050045887622397,-0.2383941435461967
2020-10-09 14:00:00,5.470928196223499,5.39005287593321,0.08087532029028832
2020-10-09 15:00:00,4.561016938524228,4.281779161666284,0.2792377768579435
2020-10-09 16:00:00,3.178859421352434,3.433565800588325,-0.25470637923589123
2020-10-09 17:00:00,3.545031898794869,3.3969325273593474,0.14809937143552165
2020-10-09 18:00:00,3.674738858832355,3.0954217216676922,0.5793171371646628
2020-10-09 19:00:00,12.598495323558163,12.71171816610324,-0.11322284254507764
2020-10-09 20:00:00,19.878125576236805,19.552481022883754,0.325644553353051
2020-10-09 21:00:00,14.905491896388728,14.997894973155692,-0.09240307676696347
2020-10-09 22:00:00,10.983362491932448,11.122859351173632,-0.13949685924118427
2020-10-09 23:00:00,7.782811951711674,8.030288429007184,-0.24747647729551048
2020-10-10 00:00:00,6.650246458643834,6.875312360295763,-0.22506590165192897
2020-10-10 01:00:00,5.264761142379266,5.545509339596923,-0.2807481972176573
2020-10-10 02:00:00,5.011537133928391,4.764161224461942,0.24737590946644872
2020-10-10 03:00:00,3.841622576473216,3.968394060507546,-0.12677148403433014
2020-10-10 04:00:00,4.6471520944310045,4.61749910725999,0.029652987171014722
2020-10-10 05:00:00,4.4737829369823165,4.685821130439415,-0.21203819345709807
2020-10-10 06:00:00,5.062592748948457,4.982998518836921,0.07959423011153532
2020-10-10 07:00:00,4.440780504460668,4.487252788236562,-0.04647228377589396
2020-10-10 08:00:00,6.410258540530482,6.0769805506685834,0.33327798986189894
2020-10-10 09:00:00,23.087361038928595,23.117106540552978,-0.029745501624383053
2020-10-10 10:00:00,12.031352226371482,11.866540166039119,0.16481206033236262
2020-10-10 11:00:00,15.274617965574668,14.820011040017187,0.4546069255574814
2020-10-10 12:00:00,39.73448452714651,39.60740778737874,0.127076739767773
2020-10-10 13:00:00,25.25507326377755,25.56648106308311,-0.3114077993055595
2020-10-10 14:00:00,22.104566928861285,22.25720804109273,-0.15264111223144639
2020-10-10 15:00:00,11.102436083111709,11.258790870099507,-0.15635478698779792
2020-10-10 16:00:00,9.360187974097643,9.274244365474596,0.0859436086230474
2020-10-10 17:00:00,11.753693223833158,11.190894539254582,0.562798684578576
2020-10-10 18:00:00,12.258816594832108,12.088697407850502,0.17011918698160677
2020-10-10 19:00:00,8.001202746594364,7.6533396331294945,0.34786311346486976
2020-10-10 20:00:00,6.95306632686835,7.000819803295587,-0.047753476427237374
2020-10-10 21:00:00,7.653056434714379,7.481591892299143,0.17146454241523568
2020-10-10 22:00:00,7.564562361942097,7.105728221782366,0.45883414015973134
2020-10-10 23:00:00,4.88852484444937,5.262257360287554,-0.3737325158381841
2020-10-11 00:00:00,5.88132883849214,5.868600312842246,0.012728525649893463
2020-10-11 01:00:00,5.488901018466645,5.308188514543771,0.18071250392287475
2020-10-11 02:00:00,7.476538561504215,7.439470720330539,0.03706784117367601
2020-10-11 03:00:00,6.518639989809746,5.98794834059481,0.5306916492149352
2020-10-11 04:00:00,2.2330188942600517,2.527309759636278,-0.2942908653762264
2020-10-11 05:00:00,5.072959231678547,5.103679249028312,-0.030720017349765705
2020-10-11 06:00:00,6.195396541339422,6.058345562989047,0.13705097835037527
2020-10-11 07:00:00,3.946598570987935,3.8658011062272744,0.08079746476066063
2020-10-11 08:00:00,3.991907756892468,4.61147499460673,-0.6195672377142616
2020-10-11 09:00:00,1.8350040948316289,2.066998939562105,-0.23199484473047605
2020-10-11 10:00:00,1.8973387886168624,1.7744130841702659,0.12292570444659656
2020-10-11 11:00:00,2.064738233442405,2.1423679358942826,-0.0776297024518775
2020-10-11 12:00:00,5.165243543188184,4.7694871580902864,0.3957563850978971
2020-10-11 13:00:00,5.255925257990544,4.987874499607735,0.2680507583828087
2020-10-11 14:00:00,4.067818222842471,3.7766590437052963,0.2911591791371744
2020-10-11 15:00:00,5.952419526450678,5.790369834526116,0.16204969192456176
2020-10-11 16:00:00,3.9607615918079326,5.08131319936477,-1.1205516075568371
2020-10-11 17:00:00,1.6579259140190925,1.9422571036366552,-0.28433118961756265
2020-10-11 18:00:00,4.362353168589984,4.234730023287498,0.1276231453024863
2020-10-11 19:00:00,3.113895470387316,2.688515051273161,0.42538041911415503
2020-10-11 20:00:00,39.6663169217535,38.35131862087318,1.314998300880319
2020-10-11 21:00:00,14.619671783120491,14.479002926869356,0.14066885625113557
2020-10-11 22:00:00,12.6996795471395,12.552951157373142,0.14672838976635738
2020-10-11 23:00:00,23.679940939175044,23.510317368530444,0.16962357064459965
2020-10-12 00:00:00,18.54355552729431,18.384477341658616,0.15907818563569265
2020-10-12 01:00:00,9.697294639824529,9.699795960526927,-0.002501320702398502
2020-10-12 02:00:00,9.828792693589724,9.752533678528922,0.07625901506080268
2020-10-12 03:00:00,8.00855335879108,8.23759346326855,-0.2290401044774697
2020-10-12 04:00:00,34.59188064365077,34.61865821330168,-0.026777569650910493
2020-10-12 05:00:00,12.998469322553634,13.078378395470116,-0.07990907291648242
2020-10-12 06:00:00,24.274070322365503,23.78690327922149,0.48716704314401227
2020-10-12 07:00:00,12.130831386469785,12.258985339445427,-0.12815395297564258
2020-10-12 08:00:00,14.250887465578892,14.599188756785466,-0.3483012912065746
2020-10-12 09:00:00,14.007297468329948,13.715648935218823,0.2916485331111254
2020-10-12 10:00:00,12.987814251007633,12.845883348923524,0.14193090208410908
2020-10-12 11:00:00,6.119567174360514,6.466617865154452,-0.3470506907939388
2020-10-12 12:00:00,9.86300906851377,10.195287550405274,-0.3322784818915032
2020-10-12 13:00:00,5.804928406820803,5.653030419086455,0.15189798773434848
2020-10-12 14:00:00,5.396536813092316,5.248569220903888,0.14796759218842848
2020-10-12 15:00:00,4.769887929805786,4.640057534147916,0.12983039565787013
2020-10-12 16:00:00,3.430102776798269,3.4363353506007095,-0.0062325738024404664
2020-10-12 17:00:00,3.9866064818253504,3.9298983546508053,0.0567081271745451
2020-10-12 18:00:00,5.232996480342421,4.79301197277392,0.43998450756850094
2020-10-12 19:00:00,3.4218928977204697,3.368755476489302,0.053137421231167714
2020-10-12 20:00:00,5.584136708552859,5.749876195077389,-0.1657394865245303
2020-10-12 21:00:00,2.826421802196004,3.077230911603773,-0.2508091094077689
2020-10-12 22:00:00,4.379431409125857,4.526527816210127,-0.14709640708426974
2020-10-12 23:00:00,5.447528847874089,5.3586711157601785,0.08885773211391079
2020-10-13 00:00:00,4.05832522127418,4.119928521880124,-0.061603300605943545
2020-10-13 01:00:00,2.4101430553114294,2.8044284493483764,-0.39428539403694707
2020-10-13 02:00:00,4.597640555520997,4.102103796057394,0.49553675946360354
2020-10-13 03:00:00,3.574480989540797,3.376529086825127,0.19795190271566998
2020-10-13 04:00:00,2.735175815216188,2.6962161394487887,0.038959675767399116
2020-10-13 05:00:00,4.276736258982696,4.221367536241976,0.055368722740720244
2020-10-13 06:00:00,2.236532783462432,2.7017689284790887,-0.4652361450166569
2020-10-13 07:00:00,4.015951756493341,4.170180237888652,-0.15422848139531098
2020-10-13 08:00:00,4.629684578060488,4.397949317991728,0.23173526006875989
2020-10-13 09:00:00,2.618646945308276,3.030255658180689,-0.41160871287241285
2020-10-13 10:00:00,4.7518247895667605,4.5407103320521465,0.211114457514614
2020-10-13 11:00:00,3.598075811717839,3.3373646097817935,0.26071120193604536
2020-10-13 12:00:00,4.378644070544977,4.533773672421842,-0.15512960187686442
2020-10-13 13:00:00,4.126932409870267,4.335492178592478,-0.20855976872221138
2020-10-13 14:00:00,2.4448025874009187,2.7890026032037225,-0.3442000158028038
2020-10-13 15:00:00,3.337451905899463,3.2506189489026567,0.08683295699680649
2020-10-13 16:00:00,5.056921037006636,4.439969487255328,0.6169515497513078
2020-10-13 17:00:00,35.91834887203102,35.90344470758584,0.01490416444517706
2020-10-13 18:00:00,26.477073860769224,26.62270621707872,-0.14563235630949478
2020-10-13 19:00:00,22.6359585120207,22.71733162593438,-0.0813731139136813
2020-10-13 20:00:00,17.979889935275153,18.145512633898726,-0.16562269862357226
2020-10-13 21:00:00,15.416682764455338,15.675937510624617,-0.25925474616927957
2020-10-13 22:00:00,8.422171149759832,8.58168123732387,-0.15951008756403873
2020-10-13 23:00:00,9.632817152085046,9.634573879864972,-0.0017567277799255265
2020-10-14 00:00:00,5.387607845472436,5.469219583528373,-0.08161173805593691
2020-10-14 01:00:00,6.821408906649929,6.878661047786072,-0.05725214113614285
2020-10-14 02:00:00,5.798050579850124,5.967598708255656,-0.16954812840553135
2020-10-14 03:00:00,5.165335406901701,4.934653897114683,0.23068150978701762
2020-10-14 04:00:00,2.1788642651365557,2.770299977247802,-0.5914357121112461
2020-10-14 05:00:00,3.022247171490155,3.0245734331156244,-0.002326261625469339
2020-10-14 06:00:00,5.139153026277529,5.099214520077807,0.0399385061997215
2020-10-14 07:00:00,3.730245596080151,3.6909007914345486,0.039344804645602416
2020-10-14 08:00:00,4.477098555027652,3.9840048350234114,0.4930937200042407
2020-10-14 09:00:00,4.005885972152177,4.379643217704537,-0.3737572455523601
2020-10-14 10:00:00,3.868960157392763,3.6621678984860835,0.20679225890667974
2020-10-14 11:00:00,5.48626212557188,5.288429221092665,0.1978329044792151
2020-10-14 12:00:00,2.7840219329759925,2.888847413273303,-0.10482548029731031
2020-10-14 13:00:00,5.515733319418363,5.318047211180164,0.19768610823819888
2020-10-14 14:00:00,3.116459949926748,3.4320479857108217,-0.3155880357840739
2020-10-14 15:00:00,4.752483461123384,4.0224258434939975,0.7300576176293863
2020-10-14 16:00:00,3.430501152795377,2.8746044872597243,0.5558966655356525
2020-10-14 17:00:00,4.847676225273208,5.124608589429812,-0.27693236415660394
2020-10-14 18:00:00,4.565077594808679,4.579034650986074,-0.013957056177394733
2020-10-14 19:00:00,2.5867195123581386,2.7157970681119457,-0.12907755575380708
2020-10-14 20:00:00,4.2541260330401816,4.303740755926705,-0.04961472288652313
2020-10-14 21:00:00,0.7027117078169602,0.9187530258585864,-0.21604131804162618
2020-10-14 22:00:00,2.1987489097250745,2.303338405825333,-0.10458949610025847
2020-10-14 23:00:00,2.5397189940632443,2.6930952182114556,-0.15337622414821128
2020-10-15 00:00:00,3.123534238339049,3.080338487616654,0.04319575072239523
2020-10-15 01:00:00,5.226684303403827,4.910330176670007,0.31635412673382035
2020-10-15 02:00:00,1.6389949320829682,1.7279569506033379,-0.08896201852036967
2020-10-15 03:00:00,2.2767854285458253,2.2868009292810108,-0.010015500735185423
2020-10-15 04:00:00,4.368622926793929,4.0414952479247415,0.3271276788691875
2020-10-15 05:00:00,3.004033033081516,3.1900804754571093,-0.18604744237559334
2020-10-15 06:00:00,4.040332185718473,3.782782383278408,0.25754980244006465
2020-10-15 07:00:00,5.701282274403904,5.598576273736658,0.10270600066724622
2020-10-15 08:00:00,4.564381850190209,4.528528704727966,0.03585314546224261
2020-10-15 09:00:00,5.455085973784803,5.344784935196101,0.11030103858870266
2020-10-15 10:00:00,3.411951014923729,3.4823245124228617,-0.07037349749913258
2020-10-15 11:00:00,3.6948488740423855,3.3793103163750176,0.31553855766736794
2020-10-15 12:00:00,3.187409104757758,3.174564572391253,0.012844532366505401
2020-10-15 13:00:00,4.996810055739302,5.080518416128342,-0.08370836038904006
2020-10-15 14:00:00,4.6626240275166,4.8250071316967365,-0.16238310418013668
2020-10-15 15:00:00,3.5280777990611085,3.2930731612679445,0.23500463779316405
2020-10-15 16:00:00,3.841555183422269,4.0290543696905265,-0.18749918626825757
2020-10-15 17:00:00,4.124471321345201,4.276843137840585,-0.15237181649538378
2020-10-15 18:00:00,2.5616222533637742,2.488407844253087,0.07321440911068722
2020-10-15 19:00:00,3.59959202843116,3.5253278182188144,0.07426421021234564
2020-10-15 20:00:00,3.4126699636232707,3.5996012132568644,-0.18693124963359375
2020-10-15 21:00:00,1.605398690370745,1.753814398724954,-0.14841570835420903
2020-10-15 22:00:00,3.798378451736828,4.388587180000713,-0.5902087282638853
2020-10-15 23:00:00,3.090632871804536,2.901685404004009,0.18894746780052696
2020-10-16 00:00:00,5.712973794697636,5.5206746403550735,0.19229915434256295
2020-10-16 01:00:00,6.538362978166435,6.3276832562269485,0.2106797219394867
2020-10-16 02:00:00,2.9104548118954363,2.9039691671149885,0.006485644780447775
2020-10-16 03:00:00,1.469258456647278,1.6608981407714056,-0.19163968412412768
2020-10-16 04:00:00,3.1945700415135434,3.2467345471873883,-0.052164505673844896
2020-10-16 05:00:00,2.6311979776490904,2.8323226189247923,-0.20112464127570195
2020-10-16 06:00:00,4.265825604807279,4.330088595880319,-0.0642629910730399
2020-10-16 07:00:00,3.579021592674124,3.680043698780251,-0.10102210610612694
2020-10-16 08:00:00,2.88138408386266,3.270994406781466,-0.3896103229188057
2020-10-16 09:00:00,4.344566267080922,3.4995824761938388,0.8449837908870834
2020-10-16 10:00:00,2.399106780182947,2.282932914684739,0.11617386549820807
2020-10-16 11:00:00,4.797860617180612,4.4983101061127,0.2995505110679124
2020-10-16 12:00:00,5.115896086886075,5.326347070771568,-0.21045098388549377
2020-10-16 13:00:00,2.4863240300277725,2.3184336730187667,0.1678903570090058
2020-10-16 14:00:00,1.9081312433170317,1.9525029241880925,-0.044371680871060803
2020-10-16 15:00:00,2.9838118021907274,3.0809998773656466,-0.09718807517491923
2020-10-16 16:00:00,2.149011337462476,2.189628584300644,-0.04061724683816825
2020-10-16 17:00:00,2.7435441175291198,2.62798508025762,0.11555903727149985
2020-10-16 18:00:00,3.2903357851696557,2.6452975053021848,0.645038279867471
2020-10-16 19:00:00,2.5572639445427856,3.0269180060120298,-0.46965406146924416
2020-10-16 20:00:00,4.086331859564799,3.924021424032109,0.1623104355326901
2020-10-16 21:00:00,3.170987671822889,3.582897030170761,-0.4119093583478719
2020-10-16 22:00:00,2.7646094025385954,3.0852069989536717,-0.32059759641507624
2020-10-16 23:00:00,1.8742141713369092,2.2565034473652394,-0.3822892760283303
2020-10-17 00:00:00,4.397971687168108,3.9482275976005576,0.44974408956755063
2020-10-17 01:00:00,2.633490092226249,2.6257857904486404,0.007704301777608613
2020-10-17 02:00:00,5.219899250776985,5.099995123072561,0.11990412770442394
2020-10-17 03:00:00,2.183101958457702,1.8103907096616052,0.37271124879609663
2020-10-17 04:00:00,0.718001496982433,0.8586886245795262,-0.14068712759709323
2020-10-17 05:00:00,1.552395200016777,1.8551216518161262,-0.3027264517993491
2020-10-17 06:00:00,2.5213015131616023,2.8399011270419026,-0.3185996138803002
2020-10-17 07:00:00,3.540788190308047,3.3237401099855846,0.2170480803224626
2020-10-17 08:00:00,4.129417529423946,4.000085683494848,0.12933184592909797
2020-10-17 09:00:00,2.105538367780597,2.286911198335825,-0.1813728305552278
2020-10-17 10:00:00,2.6457548300283427,2.7694331202081015,-0.12367829017975884
2020-10-17 11:00:00,4.886832435066329,4.796653629824171,0.09017880524215816
2020-10-17 12:00:00,3.58644294316442,4.023958206789549,-0.4375152636251296
2020-10-17 13:00:00,4.490178993499614,4.71679610895796,-0.22661711545834606
2020-10-17 14:00:00,4.160288978004744,3.811259046741004,0.34902993126374016
2020-10-17 15:00:00,4.104525158797119,3.835441888094839,0.26908327070228033
2020-10-17 16:00:00,2.371872776197817,2.5068485774396536,-0.13497580124183672
2020-10-17 17:00:00,4.603025552460736,4.255828044708804,0.3471975077519325
2020-10-17 18:00:00,2.5240471032766973,2.442555026008513,0.0814920772681842
2020-10-17 19:00:00,2.4846448648973567,2.7431052975199712,-0.25846043262261453
2020-10-17 20:00:00,2.146550315111479,2.1797032913652563,-0.03315297625377722
2020-10-17 21:00:00,4.473848855208972,4.447820451770943,0.026028403438028924
2020-10-17 22:00:00,2.730087508555536,3.240165605352769,-0.5100780967972329
2020-10-17 23:00:00,3.0908818071831785,3.242061362387507,-0.15117955520432869
2020-10-18 00:00:00,2.609897368122476,2.7401714887039113,-0.13027412058143506
2020-10-18 01:00:00,1.421502901040823,1.157188918534518,0.264313982506305
2020-10-18 02:00:00,3.1153162785280104,3.309212376448181,-0.1938960979201707
2020-10-18 03:00:00,2.810340323394238,3.2012244243287924,-0.3908841009345543
2020-10-18 04:00:00,4.667044254735572,4.670898816210646,-0.0038545614750740143
2020-10-18 05:00:00,5.144589608998365,3.3717345797866503,1.7728550292117151
2020-10-18 06:00:00,4.6071944407597725,4.352004712365078,0.25518972839469445
2020-10-18 07:00:00,3.778903268438755,3.5527933127388036,0.2261099556999513
2020-10-18 08:00:00,4.4435036350375,4.101478823508681,0.3420248115288187
2020-10-18 09:00:00,3.907631451092501,4.253615513155172,-0.3459840620626706
2020-10-18 10:00:00,1.9323063141592025,2.456247212031383,-0.5239408978721805
2020-10-18 11:00:00,4.020227702004968,3.9095133451295485,0.11071435687541964
2020-10-18 12:00:00,2.6569728629997518,2.834595628256531,-0.17762276525677922
2020-10-18 13:00:00,4.607678997126611,4.1612479339352655,0.44643106319134596
2020-10-18 14:00:00,5.924061211242186,5.5333577443459605,0.3907034668962259
2020-10-18 15:00:00,3.488694112944434,3.7489624268324953,-0.26026831388806126
2020-10-18 16:00:00,10.981799660640489,11.176680209282042,-0.19488054864155302
2020-10-18 17:00:00,12.724741992050404,12.493226090312763,0.23151590173764092
2020-10-18 18:00:00,20.15851328474241,20.085937913955615,0.07257537078679377
2020-10-18 19:00:00,11.407006176514836,11.433437014066087,-0.026430837551250974
2020-10-18 20:00:00,8.498873025462697,9.585648812065052,-1.086775786602356
2020-10-18 21:00:00,8.918432225928077,8.748031174221818,0.17040105170625885
2020-10-18 22:00:00,9.258312257822505,9.203885556758273,0.054426701064231864
2020-10-18 23:00:00,10.546947557332386,10.426076729383428,0.12087082794895743
